2026-08-22 08:27:40,525 - Model-rank0 - INFO - PARAMETER ...
2026-08-22 08:27:40,525 - Model-rank0 - INFO - Namespace(base_ckpt='', base_lr_mult=5.0, batch_size=20, bce_weight=0.5, brtd_adaptive_tdc=1, brtd_use_background=1, brtd_use_gate=1, brtd_zero_init=1, datapath='/home/devbox/project/model/sjy/CSIG2026/datasets/SatVideoIRSDT_v1', dataset='SatVideoIRSDT_v1', decay_rate=0.0001, deterministic=0, early_stopping_metric='eval_f1', early_stopping_min_delta=0.0001, early_stopping_patience=30, early_stopping_start_epoch=15, epoch=100, eval_chunk_rows=64, focal_alpha=0.75, focal_gamma=2.0, freeze_pretrained=1, gpu='5', gpu_num=1, hard_focal_weight=0.25, hard_negative_topk=4096, learning_rate=0.001, log_dir='2026-08-22/SatVideoIRSDT_v1__2026-08-22_08-27-32__F1OHEM-brtd3_raw_apmd_hybrid_rms_multiscale_contrast_scratch_seed47_E100', loss='f1_calibrated_ohem', loss_eps=1.0, lr_decay=0.7, mask_padded_frames=1, model='DeepPro-Plus_BRTD3', optimizer='Adam', patch_size=128, prefetch_factor=2, resume='never', resume_checkpoint=None, run_test_after_train=0, sample_rate=0.04, savepath='/home/devbox/project/model/sjy/CSIG2026/Deeppro_v2/DeepPro-main/log', seed=47, seqlen=40, sls_eps=1e-06, sls_location_weight=1.0, sls_warmup_epochs=5, spatial_ckpt='', st_ckpt='', stc_center_weight=0.1, stc_temporal_weight=0.05, stc_warmup_epochs=5, step_size=10, structure_bottleneck_channels=8, structure_max_shift=4.0, structure_variant='raw_apmd_hybrid_rms_multiscale_contrast', swanlab_group='f1_hybrid_rms_init_ablation_seed47_2026-08-22_08-27-32', swanlab_id=None, swanlab_mode='offline', swanlab_project='CSIG2026-DeepPro', swanlab_resume='never', swanlab_workspace=None, tda_dilation=3, tda_mean_contrast=0.0, tda_mean_size=0.0, tda_weight=0.2, threshold_eval=0.5, train_workers=4, tversky_fn_weight=0.4, tversky_fp_weight=0.6, tversky_gamma=1.33, use_swanlab=0, val_workers=2)
2026-08-22 08:27:40,526 - Model-rank0 - INFO - start loading training data ...
2026-08-22 08:27:45,548 - Model-rank0 - INFO - start loading validation data ...
2026-08-22 08:27:46,751 - Model-rank0 - INFO - The number of training data is: 3850
2026-08-22 08:27:46,751 - Model-rank0 - INFO - The number of test data is: 255 sequences
2026-08-22 08:27:46,751 - Model-rank0 - INFO - DDP world_size=1, global_batch=20, per_rank_batch=20; DataLoader workers per rank=4, validation=2
2026-08-22 08:27:46,812 - Model-rank0 - INFO - Initialized DeepPro-Plus_BRTD3 from random weights; no base checkpoint loaded.
2026-08-22 08:27:48,492 - Model-rank0 - INFO - Loss: f1_calibrated_ohem - Tversky+Dice+自适应困难负样本Margin，面向F1与低虚警
2026-08-22 08:27:48,492 - Model-rank0 - INFO - Optimizer groups: 64 backbone tensors at 5.000x LR; 16 BRTD tensors at 1.000x LR.
2026-08-22 08:27:49,355 - Model-rank0 - INFO - Starting a new experiment from scratch.
2026-08-22 08:27:49,355 - Model-rank0 - INFO - Early stopping enabled: metric=eval_f1 mode=max patience=30 min_delta=0.00010000 start_epoch=15.
2026-08-22 08:27:49,437 - Model-rank0 - INFO - CUDA memory after checkpoint loading: allocated=0.000 GiB, reserved=0.002 GiB
2026-08-22 08:27:49,437 - Model-rank0 - INFO - **** Epoch 1/100 ****
2026-08-22 08:27:49,437 - Model-rank0 - INFO - Learning rate:0.001000
2026-08-22 08:38:40,034 - Model-rank0 - INFO - CUDA memory after training cleanup: allocated=0.017 GiB, reserved=0.449 GiB
2026-08-22 08:38:40,035 - Model-rank0 - INFO - Training mean loss: 1.010832
2026-08-22 08:38:40,035 - Model-rank0 - INFO - Training accuracy (IoU) of prediction: 0.004195
2026-08-22 08:38:40,035 - Model-rank0 - INFO - Training pixel precision: 0.004212
2026-08-22 08:38:40,035 - Model-rank0 - INFO - Training pixel recall: 0.511827
2026-08-22 08:38:40,035 - Model-rank0 - INFO - Training pixel F1: 0.008355
2026-08-22 08:38:40,035 - Model-rank0 - INFO - Training loss component tversky: 0.877431
2026-08-22 08:38:40,035 - Model-rank0 - INFO - Training loss component dice: 0.889342
2026-08-22 08:38:40,035 - Model-rank0 - INFO - Training loss component hard_margin: 7.338246
2026-08-22 08:38:40,037 - Model-rank0 - INFO - Training loss component hard_weight: 0.000000
2026-08-22 08:38:40,037 - Model-rank0 - INFO - ---- EPOCH 001 EVALUATION ----
2026-08-22 08:45:39,883 - Model-rank0 - INFO - Eval mean loss: 0.894123
2026-08-22 08:45:39,883 - Model-rank0 - INFO - Eval avg class IoU of prediction: 0.000295
2026-08-22 08:45:39,883 - Model-rank0 - INFO - Eval pixel precision: 0.000295
2026-08-22 08:45:39,883 - Model-rank0 - INFO - Eval pixel recall: 0.475949
2026-08-22 08:45:39,883 - Model-rank0 - INFO - Eval pixel F1: 0.000590
2026-08-22 08:45:39,883 - Model-rank0 - INFO - Early stopping eval_f1=0.000590; best=0.000590 at epoch 1; bad_epochs=0/30.
2026-08-22 08:45:39,914 - Model-rank0 - INFO - Saved recoverable checkpoint at /home/devbox/project/model/sjy/CSIG2026/Deeppro_v2/DeepPro-main/log/sem_seg/2026-08-22/SatVideoIRSDT_v1__2026-08-22_08-27-32__F1OHEM-brtd3_raw_apmd_hybrid_rms_multiscale_contrast_scratch_seed47_E100/checkpoints/latest_model.pth
2026-08-22 08:45:39,933 - Model-rank0 - INFO - Saved epoch checkpoint at /home/devbox/project/model/sjy/CSIG2026/Deeppro_v2/DeepPro-main/log/sem_seg/2026-08-22/SatVideoIRSDT_v1__2026-08-22_08-27-32__F1OHEM-brtd3_raw_apmd_hybrid_rms_multiscale_contrast_scratch_seed47_E100/checkpoints/epoch_1_model.pth
2026-08-22 08:45:39,952 - Model-rank0 - INFO - Saved best checkpoint at /home/devbox/project/model/sjy/CSIG2026/Deeppro_v2/DeepPro-main/log/sem_seg/2026-08-22/SatVideoIRSDT_v1__2026-08-22_08-27-32__F1OHEM-brtd3_raw_apmd_hybrid_rms_multiscale_contrast_scratch_seed47_E100/checkpoints/best_model.pth
2026-08-22 08:45:39,972 - Model-rank0 - INFO - Saved early-stopping best checkpoint at /home/devbox/project/model/sjy/CSIG2026/Deeppro_v2/DeepPro-main/log/sem_seg/2026-08-22/SatVideoIRSDT_v1__2026-08-22_08-27-32__F1OHEM-brtd3_raw_apmd_hybrid_rms_multiscale_contrast_scratch_seed47_E100/checkpoints/early_stopping_best_model.pth
2026-08-22 08:45:39,972 - Model-rank0 - INFO - Best mIoU_mid: 0.000295
2026-08-22 08:45:40,107 - Model-rank0 - INFO - CUDA memory after evaluation cleanup: allocated=0.017 GiB, reserved=0.447 GiB
2026-08-22 08:45:40,107 - Model-rank0 - INFO - **** Epoch 2/100 ****
2026-08-22 08:45:40,107 - Model-rank0 - INFO - Learning rate:0.001000
2026-08-22 08:57:19,790 - Model-rank0 - INFO - CUDA memory after training cleanup: allocated=0.017 GiB, reserved=0.451 GiB
2026-08-22 08:57:19,791 - Model-rank0 - INFO - Training mean loss: 0.747743
2026-08-22 08:57:19,791 - Model-rank0 - INFO - Training accuracy (IoU) of prediction: 0.012791
2026-08-22 08:57:19,791 - Model-rank0 - INFO - Training pixel precision: 0.013041
2026-08-22 08:57:19,791 - Model-rank0 - INFO - Training pixel recall: 0.400067
2026-08-22 08:57:19,791 - Model-rank0 - INFO - Training pixel F1: 0.025259
2026-08-22 08:57:19,791 - Model-rank0 - INFO - Training loss component tversky: 0.646815
2026-08-22 08:57:19,791 - Model-rank0 - INFO - Training loss component dice: 0.672858
2026-08-22 08:57:19,791 - Model-rank0 - INFO - Training loss component hard_margin: 9.127297
2026-08-22 08:57:19,791 - Model-rank0 - INFO - Training loss component hard_weight: 0.000000
2026-08-22 08:57:19,791 - Model-rank0 - INFO - ---- EPOCH 002 EVALUATION ----
2026-08-22 09:02:19,922 - Model-rank0 - INFO - Eval mean loss: 0.863251
2026-08-22 09:02:19,922 - Model-rank0 - INFO - Eval avg class IoU of prediction: 0.000256
2026-08-22 09:02:19,922 - Model-rank0 - INFO - Eval pixel precision: 0.000256
2026-08-22 09:02:19,922 - Model-rank0 - INFO - Eval pixel recall: 0.477779
2026-08-22 09:02:19,922 - Model-rank0 - INFO - Eval pixel F1: 0.000511
2026-08-22 09:02:19,922 - Model-rank0 - INFO - Early stopping eval_f1=0.000511; best=0.000590 at epoch 1; bad_epochs=0/30.
2026-08-22 09:02:19,948 - Model-rank0 - INFO - Saved recoverable checkpoint at /home/devbox/project/model/sjy/CSIG2026/Deeppro_v2/DeepPro-main/log/sem_seg/2026-08-22/SatVideoIRSDT_v1__2026-08-22_08-27-32__F1OHEM-brtd3_raw_apmd_hybrid_rms_multiscale_contrast_scratch_seed47_E100/checkpoints/latest_model.pth
2026-08-22 09:02:19,949 - Model-rank0 - INFO - Best mIoU_mid: 0.000295
2026-08-22 09:02:20,047 - Model-rank0 - INFO - CUDA memory after evaluation cleanup: allocated=0.017 GiB, reserved=0.447 GiB
2026-08-22 09:02:20,048 - Model-rank0 - INFO - **** Epoch 3/100 ****
2026-08-22 09:02:20,048 - Model-rank0 - INFO - Learning rate:0.001000
2026-08-22 09:13:49,894 - Model-rank0 - INFO - CUDA memory after training cleanup: allocated=0.017 GiB, reserved=0.451 GiB
2026-08-22 09:13:49,895 - Model-rank0 - INFO - Training mean loss: 0.592694
2026-08-22 09:13:49,895 - Model-rank0 - INFO - Training accuracy (IoU) of prediction: 0.042532
2026-08-22 09:13:49,895 - Model-rank0 - INFO - Training pixel precision: 0.046021
2026-08-22 09:13:49,895 - Model-rank0 - INFO - Training pixel recall: 0.359408
2026-08-22 09:13:49,895 - Model-rank0 - INFO - Training pixel F1: 0.081594
2026-08-22 09:13:49,895 - Model-rank0 - INFO - Training loss component tversky: 0.510779
2026-08-22 09:13:49,895 - Model-rank0 - INFO - Training loss component dice: 0.546102
2026-08-22 09:13:49,895 - Model-rank0 - INFO - Training loss component hard_margin: 6.525717
2026-08-22 09:13:49,895 - Model-rank0 - INFO - Training loss component hard_weight: 0.000000
2026-08-22 09:13:49,895 - Model-rank0 - INFO - ---- EPOCH 003 EVALUATION ----
2026-08-22 09:18:48,650 - Model-rank0 - INFO - Eval mean loss: 0.794051
2026-08-22 09:18:48,650 - Model-rank0 - INFO - Eval avg class IoU of prediction: 0.023806
2026-08-22 09:18:48,650 - Model-rank0 - INFO - Eval pixel precision: 0.025354
2026-08-22 09:18:48,650 - Model-rank0 - INFO - Eval pixel recall: 0.280461
2026-08-22 09:18:48,650 - Model-rank0 - INFO - Eval pixel F1: 0.046505
2026-08-22 09:18:48,650 - Model-rank0 - INFO - Early stopping eval_f1=0.046505; best=0.046505 at epoch 3; bad_epochs=0/30.
2026-08-22 09:18:48,684 - Model-rank0 - INFO - Saved recoverable checkpoint at /home/devbox/project/model/sjy/CSIG2026/Deeppro_v2/DeepPro-main/log/sem_seg/2026-08-22/SatVideoIRSDT_v1__2026-08-22_08-27-32__F1OHEM-brtd3_raw_apmd_hybrid_rms_multiscale_contrast_scratch_seed47_E100/checkpoints/latest_model.pth
2026-08-22 09:18:48,705 - Model-rank0 - INFO - Saved epoch checkpoint at /home/devbox/project/model/sjy/CSIG2026/Deeppro_v2/DeepPro-main/log/sem_seg/2026-08-22/SatVideoIRSDT_v1__2026-08-22_08-27-32__F1OHEM-brtd3_raw_apmd_hybrid_rms_multiscale_contrast_scratch_seed47_E100/checkpoints/epoch_3_model.pth
2026-08-22 09:18:48,726 - Model-rank0 - INFO - Saved best checkpoint at /home/devbox/project/model/sjy/CSIG2026/Deeppro_v2/DeepPro-main/log/sem_seg/2026-08-22/SatVideoIRSDT_v1__2026-08-22_08-27-32__F1OHEM-brtd3_raw_apmd_hybrid_rms_multiscale_contrast_scratch_seed47_E100/checkpoints/best_model.pth
2026-08-22 09:18:48,747 - Model-rank0 - INFO - Saved early-stopping best checkpoint at /home/devbox/project/model/sjy/CSIG2026/Deeppro_v2/DeepPro-main/log/sem_seg/2026-08-22/SatVideoIRSDT_v1__2026-08-22_08-27-32__F1OHEM-brtd3_raw_apmd_hybrid_rms_multiscale_contrast_scratch_seed47_E100/checkpoints/early_stopping_best_model.pth
2026-08-22 09:18:48,747 - Model-rank0 - INFO - Best mIoU_mid: 0.023806
2026-08-22 09:18:48,905 - Model-rank0 - INFO - CUDA memory after evaluation cleanup: allocated=0.017 GiB, reserved=0.447 GiB
2026-08-22 09:18:48,905 - Model-rank0 - INFO - **** Epoch 4/100 ****
2026-08-22 09:18:48,905 - Model-rank0 - INFO - Learning rate:0.001000
2026-08-22 09:29:51,382 - Model-rank0 - INFO - CUDA memory after training cleanup: allocated=0.017 GiB, reserved=0.449 GiB
2026-08-22 09:29:51,382 - Model-rank0 - INFO - Training mean loss: 0.570461
2026-08-22 09:29:51,383 - Model-rank0 - INFO - Training accuracy (IoU) of prediction: 0.059119
2026-08-22 09:29:51,383 - Model-rank0 - INFO - Training pixel precision: 0.065867
2026-08-22 09:29:51,383 - Model-rank0 - INFO - Training pixel recall: 0.365918
2026-08-22 09:29:51,383 - Model-rank0 - INFO - Training pixel F1: 0.111638
2026-08-22 09:29:51,383 - Model-rank0 - INFO - Training loss component tversky: 0.491622
2026-08-22 09:29:51,383 - Model-rank0 - INFO - Training loss component dice: 0.525597
2026-08-22 09:29:51,383 - Model-rank0 - INFO - Training loss component hard_margin: 7.221144
2026-08-22 09:29:51,383 - Model-rank0 - INFO - Training loss component hard_weight: 0.000000
2026-08-22 09:29:51,383 - Model-rank0 - INFO - ---- EPOCH 004 EVALUATION ----
2026-08-22 09:35:00,563 - Model-rank0 - INFO - Eval mean loss: 0.720738
2026-08-22 09:35:00,563 - Model-rank0 - INFO - Eval avg class IoU of prediction: 0.004977
2026-08-22 09:35:00,564 - Model-rank0 - INFO - Eval pixel precision: 0.005019
2026-08-22 09:35:00,564 - Model-rank0 - INFO - Eval pixel recall: 0.371191
2026-08-22 09:35:00,564 - Model-rank0 - INFO - Eval pixel F1: 0.009904
2026-08-22 09:35:00,564 - Model-rank0 - INFO - Early stopping eval_f1=0.009904; best=0.046505 at epoch 3; bad_epochs=0/30.
2026-08-22 09:35:00,600 - Model-rank0 - INFO - Saved recoverable checkpoint at /home/devbox/project/model/sjy/CSIG2026/Deeppro_v2/DeepPro-main/log/sem_seg/2026-08-22/SatVideoIRSDT_v1__2026-08-22_08-27-32__F1OHEM-brtd3_raw_apmd_hybrid_rms_multiscale_contrast_scratch_seed47_E100/checkpoints/latest_model.pth
2026-08-22 09:35:00,601 - Model-rank0 - INFO - Best mIoU_mid: 0.023806
2026-08-22 09:35:00,771 - Model-rank0 - INFO - CUDA memory after evaluation cleanup: allocated=0.017 GiB, reserved=0.447 GiB
2026-08-22 09:35:00,771 - Model-rank0 - INFO - **** Epoch 5/100 ****
2026-08-22 09:35:00,771 - Model-rank0 - INFO - Learning rate:0.001000
2026-08-22 09:46:06,846 - Model-rank0 - INFO - CUDA memory after training cleanup: allocated=0.017 GiB, reserved=0.451 GiB
2026-08-22 09:46:06,846 - Model-rank0 - INFO - Training mean loss: 0.555124
2026-08-22 09:46:06,846 - Model-rank0 - INFO - Training accuracy (IoU) of prediction: 0.067070
2026-08-22 09:46:06,846 - Model-rank0 - INFO - Training pixel precision: 0.075725
2026-08-22 09:46:06,846 - Model-rank0 - INFO - Training pixel recall: 0.369811
2026-08-22 09:46:06,846 - Model-rank0 - INFO - Training pixel F1: 0.125709
2026-08-22 09:46:06,846 - Model-rank0 - INFO - Training loss component tversky: 0.478226
2026-08-22 09:46:06,846 - Model-rank0 - INFO - Training loss component dice: 0.512657
2026-08-22 09:46:06,846 - Model-rank0 - INFO - Training loss component hard_margin: 7.199278
2026-08-22 09:46:06,846 - Model-rank0 - INFO - Training loss component hard_weight: 0.000000
2026-08-22 09:46:06,846 - Model-rank0 - INFO - ---- EPOCH 005 EVALUATION ----
2026-08-22 09:51:21,492 - Model-rank0 - INFO - Eval mean loss: 0.710588
2026-08-22 09:51:21,493 - Model-rank0 - INFO - Eval avg class IoU of prediction: 0.037538
2026-08-22 09:51:21,493 - Model-rank0 - INFO - Eval pixel precision: 0.040839
2026-08-22 09:51:21,493 - Model-rank0 - INFO - Eval pixel recall: 0.317134
2026-08-22 09:51:21,493 - Model-rank0 - INFO - Eval pixel F1: 0.072360
2026-08-22 09:51:21,493 - Model-rank0 - INFO - Early stopping eval_f1=0.072360; best=0.072360 at epoch 5; bad_epochs=0/30.
2026-08-22 09:51:21,525 - Model-rank0 - INFO - Saved recoverable checkpoint at /home/devbox/project/model/sjy/CSIG2026/Deeppro_v2/DeepPro-main/log/sem_seg/2026-08-22/SatVideoIRSDT_v1__2026-08-22_08-27-32__F1OHEM-brtd3_raw_apmd_hybrid_rms_multiscale_contrast_scratch_seed47_E100/checkpoints/latest_model.pth
2026-08-22 09:51:21,545 - Model-rank0 - INFO - Saved epoch checkpoint at /home/devbox/project/model/sjy/CSIG2026/Deeppro_v2/DeepPro-main/log/sem_seg/2026-08-22/SatVideoIRSDT_v1__2026-08-22_08-27-32__F1OHEM-brtd3_raw_apmd_hybrid_rms_multiscale_contrast_scratch_seed47_E100/checkpoints/epoch_5_model.pth
2026-08-22 09:51:21,566 - Model-rank0 - INFO - Saved best checkpoint at /home/devbox/project/model/sjy/CSIG2026/Deeppro_v2/DeepPro-main/log/sem_seg/2026-08-22/SatVideoIRSDT_v1__2026-08-22_08-27-32__F1OHEM-brtd3_raw_apmd_hybrid_rms_multiscale_contrast_scratch_seed47_E100/checkpoints/best_model.pth
2026-08-22 09:51:21,588 - Model-rank0 - INFO - Saved early-stopping best checkpoint at /home/devbox/project/model/sjy/CSIG2026/Deeppro_v2/DeepPro-main/log/sem_seg/2026-08-22/SatVideoIRSDT_v1__2026-08-22_08-27-32__F1OHEM-brtd3_raw_apmd_hybrid_rms_multiscale_contrast_scratch_seed47_E100/checkpoints/early_stopping_best_model.pth
2026-08-22 09:51:21,588 - Model-rank0 - INFO - Best mIoU_mid: 0.037538
2026-08-22 09:51:21,719 - Model-rank0 - INFO - CUDA memory after evaluation cleanup: allocated=0.017 GiB, reserved=0.449 GiB
2026-08-22 09:51:21,719 - Model-rank0 - INFO - **** Epoch 6/100 ****
2026-08-22 09:51:21,719 - Model-rank0 - INFO - Learning rate:0.001000
2026-08-22 10:02:09,199 - Model-rank0 - INFO - CUDA memory after training cleanup: allocated=0.017 GiB, reserved=0.451 GiB
2026-08-22 10:02:09,199 - Model-rank0 - INFO - Training mean loss: 0.543245
2026-08-22 10:02:09,199 - Model-rank0 - INFO - Training accuracy (IoU) of prediction: 0.284480
2026-08-22 10:02:09,200 - Model-rank0 - INFO - Training pixel precision: 0.704129
2026-08-22 10:02:09,200 - Model-rank0 - INFO - Training pixel recall: 0.323103
2026-08-22 10:02:09,200 - Model-rank0 - INFO - Training pixel F1: 0.442950
2026-08-22 10:02:09,200 - Model-rank0 - INFO - Training loss component tversky: 0.443828
2026-08-22 10:02:09,200 - Model-rank0 - INFO - Training loss component dice: 0.479876
2026-08-22 10:02:09,200 - Model-rank0 - INFO - Training loss component hard_margin: 2.743507
2026-08-22 10:02:09,200 - Model-rank0 - INFO - Training loss component hard_weight: 0.010000
2026-08-22 10:02:09,200 - Model-rank0 - INFO - ---- EPOCH 006 EVALUATION ----
2026-08-22 10:07:20,804 - Model-rank0 - INFO - Eval mean loss: 0.732687
2026-08-22 10:07:20,804 - Model-rank0 - INFO - Eval avg class IoU of prediction: 0.224202
2026-08-22 10:07:20,804 - Model-rank0 - INFO - Eval pixel precision: 0.552844
2026-08-22 10:07:20,804 - Model-rank0 - INFO - Eval pixel recall: 0.273864
2026-08-22 10:07:20,804 - Model-rank0 - INFO - Eval pixel F1: 0.366282
2026-08-22 10:07:20,804 - Model-rank0 - INFO - Early stopping eval_f1=0.366282; best=0.366282 at epoch 6; bad_epochs=0/30.
2026-08-22 10:07:20,831 - Model-rank0 - INFO - Saved recoverable checkpoint at /home/devbox/project/model/sjy/CSIG2026/Deeppro_v2/DeepPro-main/log/sem_seg/2026-08-22/SatVideoIRSDT_v1__2026-08-22_08-27-32__F1OHEM-brtd3_raw_apmd_hybrid_rms_multiscale_contrast_scratch_seed47_E100/checkpoints/latest_model.pth
2026-08-22 10:07:20,850 - Model-rank0 - INFO - Saved epoch checkpoint at /home/devbox/project/model/sjy/CSIG2026/Deeppro_v2/DeepPro-main/log/sem_seg/2026-08-22/SatVideoIRSDT_v1__2026-08-22_08-27-32__F1OHEM-brtd3_raw_apmd_hybrid_rms_multiscale_contrast_scratch_seed47_E100/checkpoints/epoch_6_model.pth
2026-08-22 10:07:20,870 - Model-rank0 - INFO - Saved best checkpoint at /home/devbox/project/model/sjy/CSIG2026/Deeppro_v2/DeepPro-main/log/sem_seg/2026-08-22/SatVideoIRSDT_v1__2026-08-22_08-27-32__F1OHEM-brtd3_raw_apmd_hybrid_rms_multiscale_contrast_scratch_seed47_E100/checkpoints/best_model.pth
2026-08-22 10:07:20,890 - Model-rank0 - INFO - Saved early-stopping best checkpoint at /home/devbox/project/model/sjy/CSIG2026/Deeppro_v2/DeepPro-main/log/sem_seg/2026-08-22/SatVideoIRSDT_v1__2026-08-22_08-27-32__F1OHEM-brtd3_raw_apmd_hybrid_rms_multiscale_contrast_scratch_seed47_E100/checkpoints/early_stopping_best_model.pth
2026-08-22 10:07:20,890 - Model-rank0 - INFO - Best mIoU_mid: 0.224202
2026-08-22 10:07:21,042 - Model-rank0 - INFO - CUDA memory after evaluation cleanup: allocated=0.017 GiB, reserved=0.447 GiB
2026-08-22 10:07:21,042 - Model-rank0 - INFO - **** Epoch 7/100 ****
2026-08-22 10:07:21,042 - Model-rank0 - INFO - Learning rate:0.001000
2026-08-22 10:18:31,101 - Model-rank0 - INFO - CUDA memory after training cleanup: allocated=0.017 GiB, reserved=0.449 GiB
2026-08-22 10:18:31,101 - Model-rank0 - INFO - Training mean loss: 0.542745
2026-08-22 10:18:31,101 - Model-rank0 - INFO - Training accuracy (IoU) of prediction: 0.323545
2026-08-22 10:18:31,101 - Model-rank0 - INFO - Training pixel precision: 0.750781
2026-08-22 10:18:31,101 - Model-rank0 - INFO - Training pixel recall: 0.362475
2026-08-22 10:18:31,101 - Model-rank0 - INFO - Training pixel F1: 0.488907
2026-08-22 10:18:31,101 - Model-rank0 - INFO - Training loss component tversky: 0.428337
2026-08-22 10:18:31,101 - Model-rank0 - INFO - Training loss component dice: 0.463853
2026-08-22 10:18:31,101 - Model-rank0 - INFO - Training loss component hard_margin: 2.241508
2026-08-22 10:18:31,101 - Model-rank0 - INFO - Training loss component hard_weight: 0.020000
2026-08-22 10:18:31,101 - Model-rank0 - INFO - ---- EPOCH 007 EVALUATION ----
2026-08-22 10:23:42,929 - Model-rank0 - INFO - Eval mean loss: 0.727570
2026-08-22 10:23:42,929 - Model-rank0 - INFO - Eval avg class IoU of prediction: 0.258852
2026-08-22 10:23:42,929 - Model-rank0 - INFO - Eval pixel precision: 0.622936
2026-08-22 10:23:42,929 - Model-rank0 - INFO - Eval pixel recall: 0.306945
2026-08-22 10:23:42,930 - Model-rank0 - INFO - Eval pixel F1: 0.411250
2026-08-22 10:23:42,930 - Model-rank0 - INFO - Early stopping eval_f1=0.411250; best=0.411250 at epoch 7; bad_epochs=0/30.
2026-08-22 10:23:42,954 - Model-rank0 - INFO - Saved recoverable checkpoint at /home/devbox/project/model/sjy/CSIG2026/Deeppro_v2/DeepPro-main/log/sem_seg/2026-08-22/SatVideoIRSDT_v1__2026-08-22_08-27-32__F1OHEM-brtd3_raw_apmd_hybrid_rms_multiscale_contrast_scratch_seed47_E100/checkpoints/latest_model.pth
2026-08-22 10:23:42,974 - Model-rank0 - INFO - Saved epoch checkpoint at /home/devbox/project/model/sjy/CSIG2026/Deeppro_v2/DeepPro-main/log/sem_seg/2026-08-22/SatVideoIRSDT_v1__2026-08-22_08-27-32__F1OHEM-brtd3_raw_apmd_hybrid_rms_multiscale_contrast_scratch_seed47_E100/checkpoints/epoch_7_model.pth
2026-08-22 10:23:42,995 - Model-rank0 - INFO - Saved best checkpoint at /home/devbox/project/model/sjy/CSIG2026/Deeppro_v2/DeepPro-main/log/sem_seg/2026-08-22/SatVideoIRSDT_v1__2026-08-22_08-27-32__F1OHEM-brtd3_raw_apmd_hybrid_rms_multiscale_contrast_scratch_seed47_E100/checkpoints/best_model.pth
2026-08-22 10:23:43,016 - Model-rank0 - INFO - Saved early-stopping best checkpoint at /home/devbox/project/model/sjy/CSIG2026/Deeppro_v2/DeepPro-main/log/sem_seg/2026-08-22/SatVideoIRSDT_v1__2026-08-22_08-27-32__F1OHEM-brtd3_raw_apmd_hybrid_rms_multiscale_contrast_scratch_seed47_E100/checkpoints/early_stopping_best_model.pth
2026-08-22 10:23:43,016 - Model-rank0 - INFO - Best mIoU_mid: 0.258852
2026-08-22 10:23:43,207 - Model-rank0 - INFO - CUDA memory after evaluation cleanup: allocated=0.017 GiB, reserved=0.447 GiB
2026-08-22 10:23:43,208 - Model-rank0 - INFO - **** Epoch 8/100 ****
2026-08-22 10:23:43,208 - Model-rank0 - INFO - Learning rate:0.001000
2026-08-22 10:34:43,372 - Model-rank0 - INFO - CUDA memory after training cleanup: allocated=0.017 GiB, reserved=0.451 GiB
2026-08-22 10:34:43,372 - Model-rank0 - INFO - Training mean loss: 0.535946
2026-08-22 10:34:43,372 - Model-rank0 - INFO - Training accuracy (IoU) of prediction: 0.344269
2026-08-22 10:34:43,372 - Model-rank0 - INFO - Training pixel precision: 0.751930
2026-08-22 10:34:43,372 - Model-rank0 - INFO - Training pixel recall: 0.388380
2026-08-22 10:34:43,372 - Model-rank0 - INFO - Training pixel F1: 0.512202
2026-08-22 10:34:43,372 - Model-rank0 - INFO - Training loss component tversky: 0.410932
2026-08-22 10:34:43,372 - Model-rank0 - INFO - Training loss component dice: 0.443821
2026-08-22 10:34:43,372 - Model-rank0 - INFO - Training loss component hard_margin: 1.948039
2026-08-22 10:34:43,372 - Model-rank0 - INFO - Training loss component hard_weight: 0.030000
2026-08-22 10:34:43,372 - Model-rank0 - INFO - ---- EPOCH 008 EVALUATION ----
2026-08-22 10:39:53,511 - Model-rank0 - INFO - Eval mean loss: 0.762865
2026-08-22 10:39:53,512 - Model-rank0 - INFO - Eval avg class IoU of prediction: 0.239895
2026-08-22 10:39:53,512 - Model-rank0 - INFO - Eval pixel precision: 0.520789
2026-08-22 10:39:53,512 - Model-rank0 - INFO - Eval pixel recall: 0.307850
2026-08-22 10:39:53,512 - Model-rank0 - INFO - Eval pixel F1: 0.386960
2026-08-22 10:39:53,512 - Model-rank0 - INFO - Early stopping eval_f1=0.386960; best=0.411250 at epoch 7; bad_epochs=0/30.
2026-08-22 10:39:53,542 - Model-rank0 - INFO - Saved recoverable checkpoint at /home/devbox/project/model/sjy/CSIG2026/Deeppro_v2/DeepPro-main/log/sem_seg/2026-08-22/SatVideoIRSDT_v1__2026-08-22_08-27-32__F1OHEM-brtd3_raw_apmd_hybrid_rms_multiscale_contrast_scratch_seed47_E100/checkpoints/latest_model.pth
2026-08-22 10:39:53,542 - Model-rank0 - INFO - Best mIoU_mid: 0.258852
2026-08-22 10:39:53,682 - Model-rank0 - INFO - CUDA memory after evaluation cleanup: allocated=0.017 GiB, reserved=0.447 GiB
2026-08-22 10:39:53,682 - Model-rank0 - INFO - **** Epoch 9/100 ****
2026-08-22 10:39:53,682 - Model-rank0 - INFO - Learning rate:0.001000
2026-08-22 10:51:15,453 - Model-rank0 - INFO - CUDA memory after training cleanup: allocated=0.017 GiB, reserved=0.451 GiB
2026-08-22 10:51:15,453 - Model-rank0 - INFO - Training mean loss: 0.543966
2026-08-22 10:51:15,453 - Model-rank0 - INFO - Training accuracy (IoU) of prediction: 0.347434
2026-08-22 10:51:15,454 - Model-rank0 - INFO - Training pixel precision: 0.761923
2026-08-22 10:51:15,454 - Model-rank0 - INFO - Training pixel recall: 0.389746
2026-08-22 10:51:15,454 - Model-rank0 - INFO - Training pixel F1: 0.515697
2026-08-22 10:51:15,454 - Model-rank0 - INFO - Training loss component tversky: 0.406652
2026-08-22 10:51:15,454 - Model-rank0 - INFO - Training loss component dice: 0.438650
2026-08-22 10:51:15,454 - Model-rank0 - INFO - Training loss component hard_margin: 1.787922
2026-08-22 10:51:15,454 - Model-rank0 - INFO - Training loss component hard_weight: 0.040000
2026-08-22 10:51:15,454 - Model-rank0 - INFO - ---- EPOCH 009 EVALUATION ----
2026-08-22 10:56:26,977 - Model-rank0 - INFO - Eval mean loss: 0.771892
2026-08-22 10:56:26,977 - Model-rank0 - INFO - Eval avg class IoU of prediction: 0.258848
2026-08-22 10:56:26,977 - Model-rank0 - INFO - Eval pixel precision: 0.561466
2026-08-22 10:56:26,977 - Model-rank0 - INFO - Eval pixel recall: 0.324441
2026-08-22 10:56:26,977 - Model-rank0 - INFO - Eval pixel F1: 0.411246
2026-08-22 10:56:26,977 - Model-rank0 - INFO - Early stopping eval_f1=0.411246; best=0.411250 at epoch 7; bad_epochs=0/30.
2026-08-22 10:56:27,002 - Model-rank0 - INFO - Saved recoverable checkpoint at /home/devbox/project/model/sjy/CSIG2026/Deeppro_v2/DeepPro-main/log/sem_seg/2026-08-22/SatVideoIRSDT_v1__2026-08-22_08-27-32__F1OHEM-brtd3_raw_apmd_hybrid_rms_multiscale_contrast_scratch_seed47_E100/checkpoints/latest_model.pth
2026-08-22 10:56:27,002 - Model-rank0 - INFO - Best mIoU_mid: 0.258852
2026-08-22 10:56:27,169 - Model-rank0 - INFO - CUDA memory after evaluation cleanup: allocated=0.017 GiB, reserved=0.447 GiB
2026-08-22 10:56:27,169 - Model-rank0 - INFO - **** Epoch 10/100 ****
2026-08-22 10:56:27,170 - Model-rank0 - INFO - Learning rate:0.001000
2026-08-22 11:07:33,709 - Model-rank0 - INFO - CUDA memory after training cleanup: allocated=0.017 GiB, reserved=0.449 GiB
2026-08-22 11:07:33,709 - Model-rank0 - INFO - Training mean loss: 0.546814
2026-08-22 11:07:33,709 - Model-rank0 - INFO - Training accuracy (IoU) of prediction: 0.358182
2026-08-22 11:07:33,709 - Model-rank0 - INFO - Training pixel precision: 0.748848
2026-08-22 11:07:33,709 - Model-rank0 - INFO - Training pixel recall: 0.407084
2026-08-22 11:07:33,709 - Model-rank0 - INFO - Training pixel F1: 0.527443
2026-08-22 11:07:33,709 - Model-rank0 - INFO - Training loss component tversky: 0.400401
2026-08-22 11:07:33,710 - Model-rank0 - INFO - Training loss component dice: 0.431276
2026-08-22 11:07:33,710 - Model-rank0 - INFO - Training loss component hard_margin: 1.634445
2026-08-22 11:07:33,710 - Model-rank0 - INFO - Training loss component hard_weight: 0.050000
2026-08-22 11:07:33,710 - Model-rank0 - INFO - ---- EPOCH 010 EVALUATION ----
2026-08-22 11:12:45,956 - Model-rank0 - INFO - Eval mean loss: 0.794265
2026-08-22 11:12:45,956 - Model-rank0 - INFO - Eval avg class IoU of prediction: 0.270529
2026-08-22 11:12:45,956 - Model-rank0 - INFO - Eval pixel precision: 0.638998
2026-08-22 11:12:45,956 - Model-rank0 - INFO - Eval pixel recall: 0.319334
2026-08-22 11:12:45,956 - Model-rank0 - INFO - Eval pixel F1: 0.425852
2026-08-22 11:12:45,956 - Model-rank0 - INFO - Early stopping eval_f1=0.425852; best=0.425852 at epoch 10; bad_epochs=0/30.
2026-08-22 11:12:45,983 - Model-rank0 - INFO - Saved recoverable checkpoint at /home/devbox/project/model/sjy/CSIG2026/Deeppro_v2/DeepPro-main/log/sem_seg/2026-08-22/SatVideoIRSDT_v1__2026-08-22_08-27-32__F1OHEM-brtd3_raw_apmd_hybrid_rms_multiscale_contrast_scratch_seed47_E100/checkpoints/latest_model.pth
2026-08-22 11:12:46,002 - Model-rank0 - INFO - Saved epoch checkpoint at /home/devbox/project/model/sjy/CSIG2026/Deeppro_v2/DeepPro-main/log/sem_seg/2026-08-22/SatVideoIRSDT_v1__2026-08-22_08-27-32__F1OHEM-brtd3_raw_apmd_hybrid_rms_multiscale_contrast_scratch_seed47_E100/checkpoints/epoch_10_model.pth
2026-08-22 11:12:46,024 - Model-rank0 - INFO - Saved best checkpoint at /home/devbox/project/model/sjy/CSIG2026/Deeppro_v2/DeepPro-main/log/sem_seg/2026-08-22/SatVideoIRSDT_v1__2026-08-22_08-27-32__F1OHEM-brtd3_raw_apmd_hybrid_rms_multiscale_contrast_scratch_seed47_E100/checkpoints/best_model.pth
2026-08-22 11:12:46,045 - Model-rank0 - INFO - Saved early-stopping best checkpoint at /home/devbox/project/model/sjy/CSIG2026/Deeppro_v2/DeepPro-main/log/sem_seg/2026-08-22/SatVideoIRSDT_v1__2026-08-22_08-27-32__F1OHEM-brtd3_raw_apmd_hybrid_rms_multiscale_contrast_scratch_seed47_E100/checkpoints/early_stopping_best_model.pth
2026-08-22 11:12:46,045 - Model-rank0 - INFO - Best mIoU_mid: 0.270529
2026-08-22 11:12:46,167 - Model-rank0 - INFO - CUDA memory after evaluation cleanup: allocated=0.017 GiB, reserved=0.447 GiB
2026-08-22 11:12:46,167 - Model-rank0 - INFO - **** Epoch 11/100 ****
2026-08-22 11:12:46,167 - Model-rank0 - INFO - Learning rate:0.000700
2026-08-22 11:24:13,450 - Model-rank0 - INFO - CUDA memory after training cleanup: allocated=0.017 GiB, reserved=0.451 GiB
2026-08-22 11:24:13,451 - Model-rank0 - INFO - Training mean loss: 0.506939
2026-08-22 11:24:13,451 - Model-rank0 - INFO - Training accuracy (IoU) of prediction: 0.387505
2026-08-22 11:24:13,451 - Model-rank0 - INFO - Training pixel precision: 0.761002
2026-08-22 11:24:13,451 - Model-rank0 - INFO - Training pixel recall: 0.441198
2026-08-22 11:24:13,451 - Model-rank0 - INFO - Training pixel F1: 0.558564
2026-08-22 11:24:13,451 - Model-rank0 - INFO - Training loss component tversky: 0.355940
2026-08-22 11:24:13,451 - Model-rank0 - INFO - Training loss component dice: 0.386672
2026-08-22 11:24:13,451 - Model-rank0 - INFO - Training loss component hard_margin: 1.549968
2026-08-22 11:24:13,451 - Model-rank0 - INFO - Training loss component hard_weight: 0.060000
2026-08-22 11:24:13,451 - Model-rank0 - INFO - ---- EPOCH 011 EVALUATION ----
2026-08-22 11:29:27,593 - Model-rank0 - INFO - Eval mean loss: 0.795435
2026-08-22 11:29:27,593 - Model-rank0 - INFO - Eval avg class IoU of prediction: 0.254854
2026-08-22 11:29:27,593 - Model-rank0 - INFO - Eval pixel precision: 0.621126
2026-08-22 11:29:27,593 - Model-rank0 - INFO - Eval pixel recall: 0.301766
2026-08-22 11:29:27,593 - Model-rank0 - INFO - Eval pixel F1: 0.406190
2026-08-22 11:29:27,594 - Model-rank0 - INFO - Early stopping eval_f1=0.406190; best=0.425852 at epoch 10; bad_epochs=0/30.
2026-08-22 11:29:27,620 - Model-rank0 - INFO - Saved recoverable checkpoint at /home/devbox/project/model/sjy/CSIG2026/Deeppro_v2/DeepPro-main/log/sem_seg/2026-08-22/SatVideoIRSDT_v1__2026-08-22_08-27-32__F1OHEM-brtd3_raw_apmd_hybrid_rms_multiscale_contrast_scratch_seed47_E100/checkpoints/latest_model.pth
2026-08-22 11:29:27,621 - Model-rank0 - INFO - Best mIoU_mid: 0.270529
2026-08-22 11:29:27,744 - Model-rank0 - INFO - CUDA memory after evaluation cleanup: allocated=0.017 GiB, reserved=0.447 GiB
2026-08-22 11:29:27,744 - Model-rank0 - INFO - **** Epoch 12/100 ****
2026-08-22 11:29:27,744 - Model-rank0 - INFO - Learning rate:0.000700
2026-08-22 11:40:17,539 - Model-rank0 - INFO - CUDA memory after training cleanup: allocated=0.017 GiB, reserved=0.451 GiB
2026-08-22 11:40:17,539 - Model-rank0 - INFO - Training mean loss: 0.478528
2026-08-22 11:40:17,539 - Model-rank0 - INFO - Training accuracy (IoU) of prediction: 0.388307
2026-08-22 11:40:17,539 - Model-rank0 - INFO - Training pixel precision: 0.764003
2026-08-22 11:40:17,539 - Model-rank0 - INFO - Training pixel recall: 0.441231
2026-08-22 11:40:17,539 - Model-rank0 - INFO - Training pixel F1: 0.559397
2026-08-22 11:40:17,539 - Model-rank0 - INFO - Training loss component tversky: 0.315606
2026-08-22 11:40:17,539 - Model-rank0 - INFO - Training loss component dice: 0.350211
2026-08-22 11:40:17,539 - Model-rank0 - INFO - Training loss component hard_margin: 1.577004
2026-08-22 11:40:17,539 - Model-rank0 - INFO - Training loss component hard_weight: 0.070000
2026-08-22 11:40:17,539 - Model-rank0 - INFO - ---- EPOCH 012 EVALUATION ----
2026-08-22 11:45:32,392 - Model-rank0 - INFO - Eval mean loss: 0.817180
2026-08-22 11:45:32,392 - Model-rank0 - INFO - Eval avg class IoU of prediction: 0.255874
2026-08-22 11:45:32,392 - Model-rank0 - INFO - Eval pixel precision: 0.668361
2026-08-22 11:45:32,392 - Model-rank0 - INFO - Eval pixel recall: 0.293086
2026-08-22 11:45:32,392 - Model-rank0 - INFO - Eval pixel F1: 0.407484
2026-08-22 11:45:32,392 - Model-rank0 - INFO - Early stopping eval_f1=0.407484; best=0.425852 at epoch 10; bad_epochs=0/30.
2026-08-22 11:45:32,418 - Model-rank0 - INFO - Saved recoverable checkpoint at /home/devbox/project/model/sjy/CSIG2026/Deeppro_v2/DeepPro-main/log/sem_seg/2026-08-22/SatVideoIRSDT_v1__2026-08-22_08-27-32__F1OHEM-brtd3_raw_apmd_hybrid_rms_multiscale_contrast_scratch_seed47_E100/checkpoints/latest_model.pth
2026-08-22 11:45:32,418 - Model-rank0 - INFO - Best mIoU_mid: 0.270529
2026-08-22 11:45:32,550 - Model-rank0 - INFO - CUDA memory after evaluation cleanup: allocated=0.017 GiB, reserved=0.447 GiB
2026-08-22 11:45:32,550 - Model-rank0 - INFO - **** Epoch 13/100 ****
2026-08-22 11:45:32,550 - Model-rank0 - INFO - Learning rate:0.000700
2026-08-22 11:56:25,132 - Model-rank0 - INFO - CUDA memory after training cleanup: allocated=0.017 GiB, reserved=0.451 GiB
2026-08-22 11:56:25,133 - Model-rank0 - INFO - Training mean loss: 0.464784
2026-08-22 11:56:25,133 - Model-rank0 - INFO - Training accuracy (IoU) of prediction: 0.407126
2026-08-22 11:56:25,133 - Model-rank0 - INFO - Training pixel precision: 0.765903
2026-08-22 11:56:25,133 - Model-rank0 - INFO - Training pixel recall: 0.464987
2026-08-22 11:56:25,133 - Model-rank0 - INFO - Training pixel F1: 0.578663
2026-08-22 11:56:25,133 - Model-rank0 - INFO - Training loss component tversky: 0.298986
2026-08-22 11:56:25,133 - Model-rank0 - INFO - Training loss component dice: 0.331052
2026-08-22 11:56:25,133 - Model-rank0 - INFO - Training loss component hard_margin: 1.451757
2026-08-22 11:56:25,133 - Model-rank0 - INFO - Training loss component hard_weight: 0.080000
2026-08-22 11:56:25,133 - Model-rank0 - INFO - ---- EPOCH 013 EVALUATION ----
2026-08-22 12:01:38,574 - Model-rank0 - INFO - Eval mean loss: 0.786535
2026-08-22 12:01:38,574 - Model-rank0 - INFO - Eval avg class IoU of prediction: 0.280315
2026-08-22 12:01:38,574 - Model-rank0 - INFO - Eval pixel precision: 0.614852
2026-08-22 12:01:38,574 - Model-rank0 - INFO - Eval pixel recall: 0.340020
2026-08-22 12:01:38,574 - Model-rank0 - INFO - Eval pixel F1: 0.437884
2026-08-22 12:01:38,574 - Model-rank0 - INFO - Early stopping eval_f1=0.437884; best=0.437884 at epoch 13; bad_epochs=0/30.
2026-08-22 12:01:38,603 - Model-rank0 - INFO - Saved recoverable checkpoint at /home/devbox/project/model/sjy/CSIG2026/Deeppro_v2/DeepPro-main/log/sem_seg/2026-08-22/SatVideoIRSDT_v1__2026-08-22_08-27-32__F1OHEM-brtd3_raw_apmd_hybrid_rms_multiscale_contrast_scratch_seed47_E100/checkpoints/latest_model.pth
2026-08-22 12:01:38,628 - Model-rank0 - INFO - Saved epoch checkpoint at /home/devbox/project/model/sjy/CSIG2026/Deeppro_v2/DeepPro-main/log/sem_seg/2026-08-22/SatVideoIRSDT_v1__2026-08-22_08-27-32__F1OHEM-brtd3_raw_apmd_hybrid_rms_multiscale_contrast_scratch_seed47_E100/checkpoints/epoch_13_model.pth
2026-08-22 12:01:38,651 - Model-rank0 - INFO - Saved best checkpoint at /home/devbox/project/model/sjy/CSIG2026/Deeppro_v2/DeepPro-main/log/sem_seg/2026-08-22/SatVideoIRSDT_v1__2026-08-22_08-27-32__F1OHEM-brtd3_raw_apmd_hybrid_rms_multiscale_contrast_scratch_seed47_E100/checkpoints/best_model.pth
2026-08-22 12:01:38,672 - Model-rank0 - INFO - Saved early-stopping best checkpoint at /home/devbox/project/model/sjy/CSIG2026/Deeppro_v2/DeepPro-main/log/sem_seg/2026-08-22/SatVideoIRSDT_v1__2026-08-22_08-27-32__F1OHEM-brtd3_raw_apmd_hybrid_rms_multiscale_contrast_scratch_seed47_E100/checkpoints/early_stopping_best_model.pth
2026-08-22 12:01:38,673 - Model-rank0 - INFO - Best mIoU_mid: 0.280315
2026-08-22 12:01:38,810 - Model-rank0 - INFO - CUDA memory after evaluation cleanup: allocated=0.017 GiB, reserved=0.449 GiB
2026-08-22 12:01:38,811 - Model-rank0 - INFO - **** Epoch 14/100 ****
2026-08-22 12:01:38,811 - Model-rank0 - INFO - Learning rate:0.000700
2026-08-22 12:11:52,930 - Model-rank0 - INFO - CUDA memory after training cleanup: allocated=0.017 GiB, reserved=0.449 GiB
2026-08-22 12:11:52,930 - Model-rank0 - INFO - Training mean loss: 0.460033
2026-08-22 12:11:52,930 - Model-rank0 - INFO - Training accuracy (IoU) of prediction: 0.434259
2026-08-22 12:11:52,930 - Model-rank0 - INFO - Training pixel precision: 0.777124
2026-08-22 12:11:52,930 - Model-rank0 - INFO - Training pixel recall: 0.496037
2026-08-22 12:11:52,930 - Model-rank0 - INFO - Training pixel F1: 0.605551
2026-08-22 12:11:52,930 - Model-rank0 - INFO - Training loss component tversky: 0.289119
2026-08-22 12:11:52,930 - Model-rank0 - INFO - Training loss component dice: 0.320725
2026-08-22 12:11:52,930 - Model-rank0 - INFO - Training loss component hard_margin: 1.364493
2026-08-22 12:11:52,930 - Model-rank0 - INFO - Training loss component hard_weight: 0.090000
2026-08-22 12:11:52,931 - Model-rank0 - INFO - ---- EPOCH 014 EVALUATION ----
2026-08-22 12:17:09,936 - Model-rank0 - INFO - Eval mean loss: 0.809190
2026-08-22 12:17:09,937 - Model-rank0 - INFO - Eval avg class IoU of prediction: 0.279656
2026-08-22 12:17:09,937 - Model-rank0 - INFO - Eval pixel precision: 0.570363
2026-08-22 12:17:09,937 - Model-rank0 - INFO - Eval pixel recall: 0.354289
2026-08-22 12:17:09,937 - Model-rank0 - INFO - Eval pixel F1: 0.437079
2026-08-22 12:17:09,937 - Model-rank0 - INFO - Early stopping eval_f1=0.437079; best=0.437884 at epoch 13; bad_epochs=0/30.
2026-08-22 12:17:09,968 - Model-rank0 - INFO - Saved recoverable checkpoint at /home/devbox/project/model/sjy/CSIG2026/Deeppro_v2/DeepPro-main/log/sem_seg/2026-08-22/SatVideoIRSDT_v1__2026-08-22_08-27-32__F1OHEM-brtd3_raw_apmd_hybrid_rms_multiscale_contrast_scratch_seed47_E100/checkpoints/latest_model.pth
2026-08-22 12:17:09,969 - Model-rank0 - INFO - Best mIoU_mid: 0.280315
2026-08-22 12:17:10,123 - Model-rank0 - INFO - CUDA memory after evaluation cleanup: allocated=0.017 GiB, reserved=0.447 GiB
2026-08-22 12:17:10,124 - Model-rank0 - INFO - **** Epoch 15/100 ****
2026-08-22 12:17:10,124 - Model-rank0 - INFO - Learning rate:0.000700
2026-08-22 12:28:39,579 - Model-rank0 - INFO - CUDA memory after training cleanup: allocated=0.017 GiB, reserved=0.453 GiB
2026-08-22 12:28:39,580 - Model-rank0 - INFO - Training mean loss: 0.472758
2026-08-22 12:28:39,580 - Model-rank0 - INFO - Training accuracy (IoU) of prediction: 0.424107
2026-08-22 12:28:39,580 - Model-rank0 - INFO - Training pixel precision: 0.775840
2026-08-22 12:28:39,580 - Model-rank0 - INFO - Training pixel recall: 0.483332
2026-08-22 12:28:39,580 - Model-rank0 - INFO - Training pixel F1: 0.595611
2026-08-22 12:28:39,580 - Model-rank0 - INFO - Training loss component tversky: 0.291032
2026-08-22 12:28:39,580 - Model-rank0 - INFO - Training loss component dice: 0.322965
2026-08-22 12:28:39,580 - Model-rank0 - INFO - Training loss component hard_margin: 1.332808
2026-08-22 12:28:39,580 - Model-rank0 - INFO - Training loss component hard_weight: 0.100000
2026-08-22 12:28:39,580 - Model-rank0 - INFO - ---- EPOCH 015 EVALUATION ----
2026-08-22 12:34:00,650 - Model-rank0 - INFO - Eval mean loss: 0.833286
2026-08-22 12:34:00,650 - Model-rank0 - INFO - Eval avg class IoU of prediction: 0.304812
2026-08-22 12:34:00,650 - Model-rank0 - INFO - Eval pixel precision: 0.718577
2026-08-22 12:34:00,650 - Model-rank0 - INFO - Eval pixel recall: 0.346132
2026-08-22 12:34:00,650 - Model-rank0 - INFO - Eval pixel F1: 0.467212
2026-08-22 12:34:00,650 - Model-rank0 - INFO - Early stopping eval_f1=0.467212; best=0.467212 at epoch 15; bad_epochs=0/30.
2026-08-22 12:34:00,680 - Model-rank0 - INFO - Saved recoverable checkpoint at /home/devbox/project/model/sjy/CSIG2026/Deeppro_v2/DeepPro-main/log/sem_seg/2026-08-22/SatVideoIRSDT_v1__2026-08-22_08-27-32__F1OHEM-brtd3_raw_apmd_hybrid_rms_multiscale_contrast_scratch_seed47_E100/checkpoints/latest_model.pth
2026-08-22 12:34:00,703 - Model-rank0 - INFO - Saved epoch checkpoint at /home/devbox/project/model/sjy/CSIG2026/Deeppro_v2/DeepPro-main/log/sem_seg/2026-08-22/SatVideoIRSDT_v1__2026-08-22_08-27-32__F1OHEM-brtd3_raw_apmd_hybrid_rms_multiscale_contrast_scratch_seed47_E100/checkpoints/epoch_15_model.pth
2026-08-22 12:34:00,731 - Model-rank0 - INFO - Saved best checkpoint at /home/devbox/project/model/sjy/CSIG2026/Deeppro_v2/DeepPro-main/log/sem_seg/2026-08-22/SatVideoIRSDT_v1__2026-08-22_08-27-32__F1OHEM-brtd3_raw_apmd_hybrid_rms_multiscale_contrast_scratch_seed47_E100/checkpoints/best_model.pth
2026-08-22 12:34:00,751 - Model-rank0 - INFO - Saved early-stopping best checkpoint at /home/devbox/project/model/sjy/CSIG2026/Deeppro_v2/DeepPro-main/log/sem_seg/2026-08-22/SatVideoIRSDT_v1__2026-08-22_08-27-32__F1OHEM-brtd3_raw_apmd_hybrid_rms_multiscale_contrast_scratch_seed47_E100/checkpoints/early_stopping_best_model.pth
2026-08-22 12:34:00,751 - Model-rank0 - INFO - Best mIoU_mid: 0.304812
2026-08-22 12:34:00,932 - Model-rank0 - INFO - CUDA memory after evaluation cleanup: allocated=0.017 GiB, reserved=0.447 GiB
2026-08-22 12:34:00,932 - Model-rank0 - INFO - **** Epoch 16/100 ****
2026-08-22 12:34:00,932 - Model-rank0 - INFO - Learning rate:0.000700
2026-08-22 12:43:51,815 - Model-rank0 - INFO - CUDA memory after training cleanup: allocated=0.017 GiB, reserved=0.447 GiB
2026-08-22 12:43:51,816 - Model-rank0 - INFO - Training mean loss: 0.479446
2026-08-22 12:43:51,816 - Model-rank0 - INFO - Training accuracy (IoU) of prediction: 0.403323
2026-08-22 12:43:51,816 - Model-rank0 - INFO - Training pixel precision: 0.776773
2026-08-22 12:43:51,816 - Model-rank0 - INFO - Training pixel recall: 0.456199
2026-08-22 12:43:51,816 - Model-rank0 - INFO - Training pixel F1: 0.574811
2026-08-22 12:43:51,816 - Model-rank0 - INFO - Training loss component tversky: 0.296450
2026-08-22 12:43:51,816 - Model-rank0 - INFO - Training loss component dice: 0.327886
2026-08-22 12:43:51,816 - Model-rank0 - INFO - Training loss component hard_margin: 1.338136
2026-08-22 12:43:51,816 - Model-rank0 - INFO - Training loss component hard_weight: 0.100000
2026-08-22 12:43:51,816 - Model-rank0 - INFO - ---- EPOCH 016 EVALUATION ----
2026-08-22 12:49:10,596 - Model-rank0 - INFO - Eval mean loss: 0.855187
2026-08-22 12:49:10,597 - Model-rank0 - INFO - Eval avg class IoU of prediction: 0.294245
2026-08-22 12:49:10,597 - Model-rank0 - INFO - Eval pixel precision: 0.782687
2026-08-22 12:49:10,597 - Model-rank0 - INFO - Eval pixel recall: 0.320423
2026-08-22 12:49:10,597 - Model-rank0 - INFO - Eval pixel F1: 0.454698
2026-08-22 12:49:10,597 - Model-rank0 - INFO - Early stopping eval_f1=0.454698; best=0.467212 at epoch 15; bad_epochs=1/30.
2026-08-22 12:49:10,626 - Model-rank0 - INFO - Saved recoverable checkpoint at /home/devbox/project/model/sjy/CSIG2026/Deeppro_v2/DeepPro-main/log/sem_seg/2026-08-22/SatVideoIRSDT_v1__2026-08-22_08-27-32__F1OHEM-brtd3_raw_apmd_hybrid_rms_multiscale_contrast_scratch_seed47_E100/checkpoints/latest_model.pth
2026-08-22 12:49:10,627 - Model-rank0 - INFO - Best mIoU_mid: 0.304812
2026-08-22 12:49:10,761 - Model-rank0 - INFO - CUDA memory after evaluation cleanup: allocated=0.017 GiB, reserved=0.447 GiB
2026-08-22 12:49:10,762 - Model-rank0 - INFO - **** Epoch 17/100 ****
2026-08-22 12:49:10,762 - Model-rank0 - INFO - Learning rate:0.000700
2026-08-22 12:59:13,673 - Model-rank0 - INFO - CUDA memory after training cleanup: allocated=0.017 GiB, reserved=0.447 GiB
2026-08-22 12:59:13,673 - Model-rank0 - INFO - Training mean loss: 0.462100
2026-08-22 12:59:13,673 - Model-rank0 - INFO - Training accuracy (IoU) of prediction: 0.412927
2026-08-22 12:59:13,673 - Model-rank0 - INFO - Training pixel precision: 0.773854
2026-08-22 12:59:13,673 - Model-rank0 - INFO - Training pixel recall: 0.469594
2026-08-22 12:59:13,673 - Model-rank0 - INFO - Training pixel F1: 0.584499
2026-08-22 12:59:13,674 - Model-rank0 - INFO - Training loss component tversky: 0.286865
2026-08-22 12:59:13,674 - Model-rank0 - INFO - Training loss component dice: 0.316595
2026-08-22 12:59:13,674 - Model-rank0 - INFO - Training loss component hard_margin: 1.277458
2026-08-22 12:59:13,674 - Model-rank0 - INFO - Training loss component hard_weight: 0.100000
2026-08-22 12:59:13,674 - Model-rank0 - INFO - ---- EPOCH 017 EVALUATION ----
2026-08-22 13:04:35,355 - Model-rank0 - INFO - Eval mean loss: 0.838291
2026-08-22 13:04:35,356 - Model-rank0 - INFO - Eval avg class IoU of prediction: 0.307413
2026-08-22 13:04:35,356 - Model-rank0 - INFO - Eval pixel precision: 0.735187
2026-08-22 13:04:35,356 - Model-rank0 - INFO - Eval pixel recall: 0.345691
2026-08-22 13:04:35,356 - Model-rank0 - INFO - Eval pixel F1: 0.470262
2026-08-22 13:04:35,356 - Model-rank0 - INFO - Early stopping eval_f1=0.470262; best=0.470262 at epoch 17; bad_epochs=0/30.
2026-08-22 13:04:35,385 - Model-rank0 - INFO - Saved recoverable checkpoint at /home/devbox/project/model/sjy/CSIG2026/Deeppro_v2/DeepPro-main/log/sem_seg/2026-08-22/SatVideoIRSDT_v1__2026-08-22_08-27-32__F1OHEM-brtd3_raw_apmd_hybrid_rms_multiscale_contrast_scratch_seed47_E100/checkpoints/latest_model.pth
2026-08-22 13:04:35,405 - Model-rank0 - INFO - Saved epoch checkpoint at /home/devbox/project/model/sjy/CSIG2026/Deeppro_v2/DeepPro-main/log/sem_seg/2026-08-22/SatVideoIRSDT_v1__2026-08-22_08-27-32__F1OHEM-brtd3_raw_apmd_hybrid_rms_multiscale_contrast_scratch_seed47_E100/checkpoints/epoch_17_model.pth
2026-08-22 13:04:35,427 - Model-rank0 - INFO - Saved best checkpoint at /home/devbox/project/model/sjy/CSIG2026/Deeppro_v2/DeepPro-main/log/sem_seg/2026-08-22/SatVideoIRSDT_v1__2026-08-22_08-27-32__F1OHEM-brtd3_raw_apmd_hybrid_rms_multiscale_contrast_scratch_seed47_E100/checkpoints/best_model.pth
2026-08-22 13:04:35,450 - Model-rank0 - INFO - Saved early-stopping best checkpoint at /home/devbox/project/model/sjy/CSIG2026/Deeppro_v2/DeepPro-main/log/sem_seg/2026-08-22/SatVideoIRSDT_v1__2026-08-22_08-27-32__F1OHEM-brtd3_raw_apmd_hybrid_rms_multiscale_contrast_scratch_seed47_E100/checkpoints/early_stopping_best_model.pth
2026-08-22 13:04:35,450 - Model-rank0 - INFO - Best mIoU_mid: 0.307413
2026-08-22 13:04:35,569 - Model-rank0 - INFO - CUDA memory after evaluation cleanup: allocated=0.017 GiB, reserved=0.447 GiB
2026-08-22 13:04:35,569 - Model-rank0 - INFO - **** Epoch 18/100 ****
2026-08-22 13:04:35,569 - Model-rank0 - INFO - Learning rate:0.000700
2026-08-22 13:13:49,784 - Model-rank0 - INFO - CUDA memory after training cleanup: allocated=0.017 GiB, reserved=0.449 GiB
2026-08-22 13:13:49,784 - Model-rank0 - INFO - Training mean loss: 0.466548
2026-08-22 13:13:49,784 - Model-rank0 - INFO - Training accuracy (IoU) of prediction: 0.419394
2026-08-22 13:13:49,784 - Model-rank0 - INFO - Training pixel precision: 0.761767
2026-08-22 13:13:49,784 - Model-rank0 - INFO - Training pixel recall: 0.482706
2026-08-22 13:13:49,784 - Model-rank0 - INFO - Training pixel F1: 0.590948
2026-08-22 13:13:49,784 - Model-rank0 - INFO - Training loss component tversky: 0.288487
2026-08-22 13:13:49,784 - Model-rank0 - INFO - Training loss component dice: 0.318349
2026-08-22 13:13:49,784 - Model-rank0 - INFO - Training loss component hard_margin: 1.303090
2026-08-22 13:13:49,784 - Model-rank0 - INFO - Training loss component hard_weight: 0.100000
2026-08-22 13:13:49,784 - Model-rank0 - INFO - ---- EPOCH 018 EVALUATION ----
2026-08-22 13:19:10,686 - Model-rank0 - INFO - Eval mean loss: 0.802815
2026-08-22 13:19:10,686 - Model-rank0 - INFO - Eval avg class IoU of prediction: 0.319380
2026-08-22 13:19:10,687 - Model-rank0 - INFO - Eval pixel precision: 0.730676
2026-08-22 13:19:10,687 - Model-rank0 - INFO - Eval pixel recall: 0.361995
2026-08-22 13:19:10,687 - Model-rank0 - INFO - Eval pixel F1: 0.484137
2026-08-22 13:19:10,687 - Model-rank0 - INFO - Early stopping eval_f1=0.484137; best=0.484137 at epoch 18; bad_epochs=0/30.
2026-08-22 13:19:10,717 - Model-rank0 - INFO - Saved recoverable checkpoint at /home/devbox/project/model/sjy/CSIG2026/Deeppro_v2/DeepPro-main/log/sem_seg/2026-08-22/SatVideoIRSDT_v1__2026-08-22_08-27-32__F1OHEM-brtd3_raw_apmd_hybrid_rms_multiscale_contrast_scratch_seed47_E100/checkpoints/latest_model.pth
2026-08-22 13:19:10,737 - Model-rank0 - INFO - Saved epoch checkpoint at /home/devbox/project/model/sjy/CSIG2026/Deeppro_v2/DeepPro-main/log/sem_seg/2026-08-22/SatVideoIRSDT_v1__2026-08-22_08-27-32__F1OHEM-brtd3_raw_apmd_hybrid_rms_multiscale_contrast_scratch_seed47_E100/checkpoints/epoch_18_model.pth
2026-08-22 13:19:10,758 - Model-rank0 - INFO - Saved best checkpoint at /home/devbox/project/model/sjy/CSIG2026/Deeppro_v2/DeepPro-main/log/sem_seg/2026-08-22/SatVideoIRSDT_v1__2026-08-22_08-27-32__F1OHEM-brtd3_raw_apmd_hybrid_rms_multiscale_contrast_scratch_seed47_E100/checkpoints/best_model.pth
2026-08-22 13:19:10,782 - Model-rank0 - INFO - Saved early-stopping best checkpoint at /home/devbox/project/model/sjy/CSIG2026/Deeppro_v2/DeepPro-main/log/sem_seg/2026-08-22/SatVideoIRSDT_v1__2026-08-22_08-27-32__F1OHEM-brtd3_raw_apmd_hybrid_rms_multiscale_contrast_scratch_seed47_E100/checkpoints/early_stopping_best_model.pth
2026-08-22 13:19:10,782 - Model-rank0 - INFO - Best mIoU_mid: 0.319380
2026-08-22 13:19:10,974 - Model-rank0 - INFO - CUDA memory after evaluation cleanup: allocated=0.017 GiB, reserved=0.447 GiB
2026-08-22 13:19:10,974 - Model-rank0 - INFO - **** Epoch 19/100 ****
2026-08-22 13:19:10,974 - Model-rank0 - INFO - Learning rate:0.000700
2026-08-22 13:28:23,172 - Model-rank0 - INFO - CUDA memory after training cleanup: allocated=0.017 GiB, reserved=0.451 GiB
2026-08-22 13:28:23,172 - Model-rank0 - INFO - Training mean loss: 0.441265
2026-08-22 13:28:23,172 - Model-rank0 - INFO - Training accuracy (IoU) of prediction: 0.445635
2026-08-22 13:28:23,173 - Model-rank0 - INFO - Training pixel precision: 0.770034
2026-08-22 13:28:23,173 - Model-rank0 - INFO - Training pixel recall: 0.514048
2026-08-22 13:28:23,173 - Model-rank0 - INFO - Training pixel F1: 0.616525
2026-08-22 13:28:23,173 - Model-rank0 - INFO - Training loss component tversky: 0.273666
2026-08-22 13:28:23,173 - Model-rank0 - INFO - Training loss component dice: 0.303188
2026-08-22 13:28:23,173 - Model-rank0 - INFO - Training loss component hard_margin: 1.221203
2026-08-22 13:28:23,173 - Model-rank0 - INFO - Training loss component hard_weight: 0.100000
2026-08-22 13:28:23,173 - Model-rank0 - INFO - ---- EPOCH 019 EVALUATION ----
2026-08-22 13:33:50,034 - Model-rank0 - INFO - Eval mean loss: 0.835068
2026-08-22 13:33:50,034 - Model-rank0 - INFO - Eval avg class IoU of prediction: 0.299673
2026-08-22 13:33:50,034 - Model-rank0 - INFO - Eval pixel precision: 0.724899
2026-08-22 13:33:50,034 - Model-rank0 - INFO - Eval pixel recall: 0.338127
2026-08-22 13:33:50,034 - Model-rank0 - INFO - Eval pixel F1: 0.461151
2026-08-22 13:33:50,034 - Model-rank0 - INFO - Early stopping eval_f1=0.461151; best=0.484137 at epoch 18; bad_epochs=1/30.
2026-08-22 13:33:50,072 - Model-rank0 - INFO - Saved recoverable checkpoint at /home/devbox/project/model/sjy/CSIG2026/Deeppro_v2/DeepPro-main/log/sem_seg/2026-08-22/SatVideoIRSDT_v1__2026-08-22_08-27-32__F1OHEM-brtd3_raw_apmd_hybrid_rms_multiscale_contrast_scratch_seed47_E100/checkpoints/latest_model.pth
2026-08-22 13:33:50,072 - Model-rank0 - INFO - Best mIoU_mid: 0.319380
2026-08-22 13:33:50,280 - Model-rank0 - INFO - CUDA memory after evaluation cleanup: allocated=0.017 GiB, reserved=0.447 GiB
2026-08-22 13:33:50,280 - Model-rank0 - INFO - **** Epoch 20/100 ****
2026-08-22 13:33:50,280 - Model-rank0 - INFO - Learning rate:0.000700
2026-08-22 13:42:59,248 - Model-rank0 - INFO - CUDA memory after training cleanup: allocated=0.017 GiB, reserved=0.451 GiB
2026-08-22 13:42:59,248 - Model-rank0 - INFO - Training mean loss: 0.438883
2026-08-22 13:42:59,248 - Model-rank0 - INFO - Training accuracy (IoU) of prediction: 0.445664
2026-08-22 13:42:59,249 - Model-rank0 - INFO - Training pixel precision: 0.744389
2026-08-22 13:42:59,249 - Model-rank0 - INFO - Training pixel recall: 0.526188
2026-08-22 13:42:59,249 - Model-rank0 - INFO - Training pixel F1: 0.616552
2026-08-22 13:42:59,249 - Model-rank0 - INFO - Training loss component tversky: 0.272397
2026-08-22 13:42:59,249 - Model-rank0 - INFO - Training loss component dice: 0.301294
2026-08-22 13:42:59,249 - Model-rank0 - INFO - Training loss component hard_margin: 1.212920
2026-08-22 13:42:59,249 - Model-rank0 - INFO - Training loss component hard_weight: 0.100000
2026-08-22 13:42:59,249 - Model-rank0 - INFO - ---- EPOCH 020 EVALUATION ----
2026-08-22 13:48:18,997 - Model-rank0 - INFO - Eval mean loss: 0.794601
2026-08-22 13:48:18,997 - Model-rank0 - INFO - Eval avg class IoU of prediction: 0.327308
2026-08-22 13:48:18,997 - Model-rank0 - INFO - Eval pixel precision: 0.689568
2026-08-22 13:48:18,997 - Model-rank0 - INFO - Eval pixel recall: 0.383871
2026-08-22 13:48:18,997 - Model-rank0 - INFO - Eval pixel F1: 0.493190
2026-08-22 13:48:18,997 - Model-rank0 - INFO - Early stopping eval_f1=0.493190; best=0.493190 at epoch 20; bad_epochs=0/30.
2026-08-22 13:48:19,033 - Model-rank0 - INFO - Saved recoverable checkpoint at /home/devbox/project/model/sjy/CSIG2026/Deeppro_v2/DeepPro-main/log/sem_seg/2026-08-22/SatVideoIRSDT_v1__2026-08-22_08-27-32__F1OHEM-brtd3_raw_apmd_hybrid_rms_multiscale_contrast_scratch_seed47_E100/checkpoints/latest_model.pth
2026-08-22 13:48:19,054 - Model-rank0 - INFO - Saved epoch checkpoint at /home/devbox/project/model/sjy/CSIG2026/Deeppro_v2/DeepPro-main/log/sem_seg/2026-08-22/SatVideoIRSDT_v1__2026-08-22_08-27-32__F1OHEM-brtd3_raw_apmd_hybrid_rms_multiscale_contrast_scratch_seed47_E100/checkpoints/epoch_20_model.pth
2026-08-22 13:48:19,077 - Model-rank0 - INFO - Saved best checkpoint at /home/devbox/project/model/sjy/CSIG2026/Deeppro_v2/DeepPro-main/log/sem_seg/2026-08-22/SatVideoIRSDT_v1__2026-08-22_08-27-32__F1OHEM-brtd3_raw_apmd_hybrid_rms_multiscale_contrast_scratch_seed47_E100/checkpoints/best_model.pth
2026-08-22 13:48:19,098 - Model-rank0 - INFO - Saved early-stopping best checkpoint at /home/devbox/project/model/sjy/CSIG2026/Deeppro_v2/DeepPro-main/log/sem_seg/2026-08-22/SatVideoIRSDT_v1__2026-08-22_08-27-32__F1OHEM-brtd3_raw_apmd_hybrid_rms_multiscale_contrast_scratch_seed47_E100/checkpoints/early_stopping_best_model.pth
2026-08-22 13:48:19,098 - Model-rank0 - INFO - Best mIoU_mid: 0.327308
2026-08-22 13:48:19,343 - Model-rank0 - INFO - CUDA memory after evaluation cleanup: allocated=0.017 GiB, reserved=0.447 GiB
2026-08-22 13:48:19,344 - Model-rank0 - INFO - **** Epoch 21/100 ****
2026-08-22 13:48:19,344 - Model-rank0 - INFO - Learning rate:0.000490
2026-08-22 13:57:20,569 - Model-rank0 - INFO - CUDA memory after training cleanup: allocated=0.017 GiB, reserved=0.451 GiB
2026-08-22 13:57:20,569 - Model-rank0 - INFO - Training mean loss: 0.408944
2026-08-22 13:57:20,569 - Model-rank0 - INFO - Training accuracy (IoU) of prediction: 0.490787
2026-08-22 13:57:20,569 - Model-rank0 - INFO - Training pixel precision: 0.768666
2026-08-22 13:57:20,569 - Model-rank0 - INFO - Training pixel recall: 0.575841
2026-08-22 13:57:20,569 - Model-rank0 - INFO - Training pixel F1: 0.658427
2026-08-22 13:57:20,569 - Model-rank0 - INFO - Training loss component tversky: 0.252799
2026-08-22 13:57:20,569 - Model-rank0 - INFO - Training loss component dice: 0.280635
2026-08-22 13:57:20,569 - Model-rank0 - INFO - Training loss component hard_margin: 1.140500
2026-08-22 13:57:20,569 - Model-rank0 - INFO - Training loss component hard_weight: 0.100000
2026-08-22 13:57:20,570 - Model-rank0 - INFO - ---- EPOCH 021 EVALUATION ----
2026-08-22 14:02:52,911 - Model-rank0 - INFO - Eval mean loss: 0.799849
2026-08-22 14:02:52,911 - Model-rank0 - INFO - Eval avg class IoU of prediction: 0.317052
2026-08-22 14:02:52,911 - Model-rank0 - INFO - Eval pixel precision: 0.706329
2026-08-22 14:02:52,911 - Model-rank0 - INFO - Eval pixel recall: 0.365192
2026-08-22 14:02:52,911 - Model-rank0 - INFO - Eval pixel F1: 0.481457
2026-08-22 14:02:52,911 - Model-rank0 - INFO - Early stopping eval_f1=0.481457; best=0.493190 at epoch 20; bad_epochs=1/30.
2026-08-22 14:02:52,951 - Model-rank0 - INFO - Saved recoverable checkpoint at /home/devbox/project/model/sjy/CSIG2026/Deeppro_v2/DeepPro-main/log/sem_seg/2026-08-22/SatVideoIRSDT_v1__2026-08-22_08-27-32__F1OHEM-brtd3_raw_apmd_hybrid_rms_multiscale_contrast_scratch_seed47_E100/checkpoints/latest_model.pth
2026-08-22 14:02:52,951 - Model-rank0 - INFO - Best mIoU_mid: 0.327308
2026-08-22 14:02:53,182 - Model-rank0 - INFO - CUDA memory after evaluation cleanup: allocated=0.017 GiB, reserved=0.447 GiB
2026-08-22 14:02:53,182 - Model-rank0 - INFO - **** Epoch 22/100 ****
2026-08-22 14:02:53,182 - Model-rank0 - INFO - Learning rate:0.000490
2026-08-22 14:12:53,547 - Model-rank0 - INFO - CUDA memory after training cleanup: allocated=0.017 GiB, reserved=0.451 GiB
2026-08-22 14:12:53,547 - Model-rank0 - INFO - Training mean loss: 0.410694
2026-08-22 14:12:53,547 - Model-rank0 - INFO - Training accuracy (IoU) of prediction: 0.483699
2026-08-22 14:12:53,547 - Model-rank0 - INFO - Training pixel precision: 0.774319
2026-08-22 14:12:53,547 - Model-rank0 - INFO - Training pixel recall: 0.563081
2026-08-22 14:12:53,547 - Model-rank0 - INFO - Training pixel F1: 0.652018
2026-08-22 14:12:53,547 - Model-rank0 - INFO - Training loss component tversky: 0.252124
2026-08-22 14:12:53,547 - Model-rank0 - INFO - Training loss component dice: 0.280926
2026-08-22 14:12:53,547 - Model-rank0 - INFO - Training loss component hard_margin: 1.164318
2026-08-22 14:12:53,547 - Model-rank0 - INFO - Training loss component hard_weight: 0.100000
2026-08-22 14:12:53,547 - Model-rank0 - INFO - ---- EPOCH 022 EVALUATION ----
2026-08-22 14:18:16,172 - Model-rank0 - INFO - Eval mean loss: 0.803611
2026-08-22 14:18:16,172 - Model-rank0 - INFO - Eval avg class IoU of prediction: 0.324222
2026-08-22 14:18:16,172 - Model-rank0 - INFO - Eval pixel precision: 0.726228
2026-08-22 14:18:16,172 - Model-rank0 - INFO - Eval pixel recall: 0.369368
2026-08-22 14:18:16,172 - Model-rank0 - INFO - Eval pixel F1: 0.489679
2026-08-22 14:18:16,172 - Model-rank0 - INFO - Early stopping eval_f1=0.489679; best=0.493190 at epoch 20; bad_epochs=2/30.
2026-08-22 14:18:16,209 - Model-rank0 - INFO - Saved recoverable checkpoint at /home/devbox/project/model/sjy/CSIG2026/Deeppro_v2/DeepPro-main/log/sem_seg/2026-08-22/SatVideoIRSDT_v1__2026-08-22_08-27-32__F1OHEM-brtd3_raw_apmd_hybrid_rms_multiscale_contrast_scratch_seed47_E100/checkpoints/latest_model.pth
2026-08-22 14:18:16,209 - Model-rank0 - INFO - Best mIoU_mid: 0.327308
2026-08-22 14:18:16,456 - Model-rank0 - INFO - CUDA memory after evaluation cleanup: allocated=0.017 GiB, reserved=0.447 GiB
2026-08-22 14:18:16,456 - Model-rank0 - INFO - **** Epoch 23/100 ****
2026-08-22 14:18:16,457 - Model-rank0 - INFO - Learning rate:0.000490
2026-08-22 14:27:56,785 - Model-rank0 - INFO - CUDA memory after training cleanup: allocated=0.017 GiB, reserved=0.449 GiB
2026-08-22 14:27:56,786 - Model-rank0 - INFO - Training mean loss: 0.388517
2026-08-22 14:27:56,786 - Model-rank0 - INFO - Training accuracy (IoU) of prediction: 0.510701
2026-08-22 14:27:56,786 - Model-rank0 - INFO - Training pixel precision: 0.785239
2026-08-22 14:27:56,786 - Model-rank0 - INFO - Training pixel recall: 0.593614
2026-08-22 14:27:56,786 - Model-rank0 - INFO - Training pixel F1: 0.676111
2026-08-22 14:27:56,786 - Model-rank0 - INFO - Training loss component tversky: 0.241082
2026-08-22 14:27:56,786 - Model-rank0 - INFO - Training loss component dice: 0.267785
2026-08-22 14:27:56,786 - Model-rank0 - INFO - Training loss component hard_margin: 1.072672
2026-08-22 14:27:56,786 - Model-rank0 - INFO - Training loss component hard_weight: 0.100000
2026-08-22 14:27:56,786 - Model-rank0 - INFO - ---- EPOCH 023 EVALUATION ----
2026-08-22 14:33:02,096 - Model-rank0 - INFO - Eval mean loss: 0.791930
2026-08-22 14:33:02,096 - Model-rank0 - INFO - Eval avg class IoU of prediction: 0.333288
2026-08-22 14:33:02,096 - Model-rank0 - INFO - Eval pixel precision: 0.753768
2026-08-22 14:33:02,096 - Model-rank0 - INFO - Eval pixel recall: 0.374008
2026-08-22 14:33:02,096 - Model-rank0 - INFO - Eval pixel F1: 0.499949
2026-08-22 14:33:02,096 - Model-rank0 - INFO - Early stopping eval_f1=0.499949; best=0.499949 at epoch 23; bad_epochs=0/30.
2026-08-22 14:33:02,125 - Model-rank0 - INFO - Saved recoverable checkpoint at /home/devbox/project/model/sjy/CSIG2026/Deeppro_v2/DeepPro-main/log/sem_seg/2026-08-22/SatVideoIRSDT_v1__2026-08-22_08-27-32__F1OHEM-brtd3_raw_apmd_hybrid_rms_multiscale_contrast_scratch_seed47_E100/checkpoints/latest_model.pth
2026-08-22 14:33:02,146 - Model-rank0 - INFO - Saved epoch checkpoint at /home/devbox/project/model/sjy/CSIG2026/Deeppro_v2/DeepPro-main/log/sem_seg/2026-08-22/SatVideoIRSDT_v1__2026-08-22_08-27-32__F1OHEM-brtd3_raw_apmd_hybrid_rms_multiscale_contrast_scratch_seed47_E100/checkpoints/epoch_23_model.pth
2026-08-22 14:33:02,169 - Model-rank0 - INFO - Saved best checkpoint at /home/devbox/project/model/sjy/CSIG2026/Deeppro_v2/DeepPro-main/log/sem_seg/2026-08-22/SatVideoIRSDT_v1__2026-08-22_08-27-32__F1OHEM-brtd3_raw_apmd_hybrid_rms_multiscale_contrast_scratch_seed47_E100/checkpoints/best_model.pth
2026-08-22 14:33:02,191 - Model-rank0 - INFO - Saved early-stopping best checkpoint at /home/devbox/project/model/sjy/CSIG2026/Deeppro_v2/DeepPro-main/log/sem_seg/2026-08-22/SatVideoIRSDT_v1__2026-08-22_08-27-32__F1OHEM-brtd3_raw_apmd_hybrid_rms_multiscale_contrast_scratch_seed47_E100/checkpoints/early_stopping_best_model.pth
2026-08-22 14:33:02,191 - Model-rank0 - INFO - Best mIoU_mid: 0.333288
2026-08-22 14:33:02,407 - Model-rank0 - INFO - CUDA memory after evaluation cleanup: allocated=0.017 GiB, reserved=0.447 GiB
2026-08-22 14:33:02,407 - Model-rank0 - INFO - **** Epoch 24/100 ****
2026-08-22 14:33:02,408 - Model-rank0 - INFO - Learning rate:0.000490
2026-08-22 14:43:18,635 - Model-rank0 - INFO - CUDA memory after training cleanup: allocated=0.017 GiB, reserved=0.449 GiB
2026-08-22 14:43:18,635 - Model-rank0 - INFO - Training mean loss: 0.400673
2026-08-22 14:43:18,636 - Model-rank0 - INFO - Training accuracy (IoU) of prediction: 0.500966
2026-08-22 14:43:18,636 - Model-rank0 - INFO - Training pixel precision: 0.778585
2026-08-22 14:43:18,636 - Model-rank0 - INFO - Training pixel recall: 0.584194
2026-08-22 14:43:18,636 - Model-rank0 - INFO - Training pixel F1: 0.667525
2026-08-22 14:43:18,636 - Model-rank0 - INFO - Training loss component tversky: 0.249282
2026-08-22 14:43:18,636 - Model-rank0 - INFO - Training loss component dice: 0.276517
2026-08-22 14:43:18,636 - Model-rank0 - INFO - Training loss component hard_margin: 1.099135
2026-08-22 14:43:18,636 - Model-rank0 - INFO - Training loss component hard_weight: 0.100000
2026-08-22 14:43:18,636 - Model-rank0 - INFO - ---- EPOCH 024 EVALUATION ----
2026-08-22 14:48:29,125 - Model-rank0 - INFO - Eval mean loss: 0.791648
2026-08-22 14:48:29,125 - Model-rank0 - INFO - Eval avg class IoU of prediction: 0.328183
2026-08-22 14:48:29,125 - Model-rank0 - INFO - Eval pixel precision: 0.726838
2026-08-22 14:48:29,125 - Model-rank0 - INFO - Eval pixel recall: 0.374355
2026-08-22 14:48:29,125 - Model-rank0 - INFO - Eval pixel F1: 0.494183
2026-08-22 14:48:29,125 - Model-rank0 - INFO - Early stopping eval_f1=0.494183; best=0.499949 at epoch 23; bad_epochs=1/30.
2026-08-22 14:48:29,161 - Model-rank0 - INFO - Saved recoverable checkpoint at /home/devbox/project/model/sjy/CSIG2026/Deeppro_v2/DeepPro-main/log/sem_seg/2026-08-22/SatVideoIRSDT_v1__2026-08-22_08-27-32__F1OHEM-brtd3_raw_apmd_hybrid_rms_multiscale_contrast_scratch_seed47_E100/checkpoints/latest_model.pth
2026-08-22 14:48:29,162 - Model-rank0 - INFO - Best mIoU_mid: 0.333288
2026-08-22 14:48:29,383 - Model-rank0 - INFO - CUDA memory after evaluation cleanup: allocated=0.017 GiB, reserved=0.447 GiB
2026-08-22 14:48:29,383 - Model-rank0 - INFO - **** Epoch 25/100 ****
2026-08-22 14:48:29,383 - Model-rank0 - INFO - Learning rate:0.000490
2026-08-22 14:58:54,496 - Model-rank0 - INFO - CUDA memory after training cleanup: allocated=0.017 GiB, reserved=0.449 GiB
2026-08-22 14:58:54,496 - Model-rank0 - INFO - Training mean loss: 0.388413
2026-08-22 14:58:54,496 - Model-rank0 - INFO - Training accuracy (IoU) of prediction: 0.513521
2026-08-22 14:58:54,496 - Model-rank0 - INFO - Training pixel precision: 0.788649
2026-08-22 14:58:54,496 - Model-rank0 - INFO - Training pixel recall: 0.595469
2026-08-22 14:58:54,496 - Model-rank0 - INFO - Training pixel F1: 0.678578
2026-08-22 14:58:54,496 - Model-rank0 - INFO - Training loss component tversky: 0.238907
2026-08-22 14:58:54,496 - Model-rank0 - INFO - Training loss component dice: 0.266200
2026-08-22 14:58:54,496 - Model-rank0 - INFO - Training loss component hard_margin: 1.095765
2026-08-22 14:58:54,496 - Model-rank0 - INFO - Training loss component hard_weight: 0.100000
2026-08-22 14:58:54,496 - Model-rank0 - INFO - ---- EPOCH 025 EVALUATION ----
2026-08-22 15:04:01,627 - Model-rank0 - INFO - Eval mean loss: 0.788739
2026-08-22 15:04:01,627 - Model-rank0 - INFO - Eval avg class IoU of prediction: 0.340155
2026-08-22 15:04:01,627 - Model-rank0 - INFO - Eval pixel precision: 0.727503
2026-08-22 15:04:01,627 - Model-rank0 - INFO - Eval pixel recall: 0.389822
2026-08-22 15:04:01,627 - Model-rank0 - INFO - Eval pixel F1: 0.507635
2026-08-22 15:04:01,627 - Model-rank0 - INFO - Early stopping eval_f1=0.507635; best=0.507635 at epoch 25; bad_epochs=0/30.
2026-08-22 15:04:01,658 - Model-rank0 - INFO - Saved recoverable checkpoint at /home/devbox/project/model/sjy/CSIG2026/Deeppro_v2/DeepPro-main/log/sem_seg/2026-08-22/SatVideoIRSDT_v1__2026-08-22_08-27-32__F1OHEM-brtd3_raw_apmd_hybrid_rms_multiscale_contrast_scratch_seed47_E100/checkpoints/latest_model.pth
2026-08-22 15:04:01,678 - Model-rank0 - INFO - Saved epoch checkpoint at /home/devbox/project/model/sjy/CSIG2026/Deeppro_v2/DeepPro-main/log/sem_seg/2026-08-22/SatVideoIRSDT_v1__2026-08-22_08-27-32__F1OHEM-brtd3_raw_apmd_hybrid_rms_multiscale_contrast_scratch_seed47_E100/checkpoints/epoch_25_model.pth
2026-08-22 15:04:01,701 - Model-rank0 - INFO - Saved best checkpoint at /home/devbox/project/model/sjy/CSIG2026/Deeppro_v2/DeepPro-main/log/sem_seg/2026-08-22/SatVideoIRSDT_v1__2026-08-22_08-27-32__F1OHEM-brtd3_raw_apmd_hybrid_rms_multiscale_contrast_scratch_seed47_E100/checkpoints/best_model.pth
2026-08-22 15:04:01,723 - Model-rank0 - INFO - Saved early-stopping best checkpoint at /home/devbox/project/model/sjy/CSIG2026/Deeppro_v2/DeepPro-main/log/sem_seg/2026-08-22/SatVideoIRSDT_v1__2026-08-22_08-27-32__F1OHEM-brtd3_raw_apmd_hybrid_rms_multiscale_contrast_scratch_seed47_E100/checkpoints/early_stopping_best_model.pth
2026-08-22 15:04:01,723 - Model-rank0 - INFO - Best mIoU_mid: 0.340155
2026-08-22 15:04:01,958 - Model-rank0 - INFO - CUDA memory after evaluation cleanup: allocated=0.017 GiB, reserved=0.447 GiB
2026-08-22 15:04:01,958 - Model-rank0 - INFO - **** Epoch 26/100 ****
2026-08-22 15:04:01,958 - Model-rank0 - INFO - Learning rate:0.000490
2026-08-22 15:14:34,467 - Model-rank0 - INFO - CUDA memory after training cleanup: allocated=0.017 GiB, reserved=0.449 GiB
2026-08-22 15:14:34,468 - Model-rank0 - INFO - Training mean loss: 0.374995
2026-08-22 15:14:34,468 - Model-rank0 - INFO - Training accuracy (IoU) of prediction: 0.530004
2026-08-22 15:14:34,468 - Model-rank0 - INFO - Training pixel precision: 0.792022
2026-08-22 15:14:34,468 - Model-rank0 - INFO - Training pixel recall: 0.615693
2026-08-22 15:14:34,468 - Model-rank0 - INFO - Training pixel F1: 0.692814
2026-08-22 15:14:34,468 - Model-rank0 - INFO - Training loss component tversky: 0.233098
2026-08-22 15:14:34,468 - Model-rank0 - INFO - Training loss component dice: 0.258277
2026-08-22 15:14:34,468 - Model-rank0 - INFO - Training loss component hard_margin: 1.031553
2026-08-22 15:14:34,468 - Model-rank0 - INFO - Training loss component hard_weight: 0.100000
2026-08-22 15:14:34,468 - Model-rank0 - INFO - ---- EPOCH 026 EVALUATION ----
2026-08-22 15:19:42,615 - Model-rank0 - INFO - Eval mean loss: 0.795454
2026-08-22 15:19:42,615 - Model-rank0 - INFO - Eval avg class IoU of prediction: 0.323016
2026-08-22 15:19:42,615 - Model-rank0 - INFO - Eval pixel precision: 0.772638
2026-08-22 15:19:42,615 - Model-rank0 - INFO - Eval pixel recall: 0.356944
2026-08-22 15:19:42,615 - Model-rank0 - INFO - Eval pixel F1: 0.488302
2026-08-22 15:19:42,615 - Model-rank0 - INFO - Early stopping eval_f1=0.488302; best=0.507635 at epoch 25; bad_epochs=1/30.
2026-08-22 15:19:42,655 - Model-rank0 - INFO - Saved recoverable checkpoint at /home/devbox/project/model/sjy/CSIG2026/Deeppro_v2/DeepPro-main/log/sem_seg/2026-08-22/SatVideoIRSDT_v1__2026-08-22_08-27-32__F1OHEM-brtd3_raw_apmd_hybrid_rms_multiscale_contrast_scratch_seed47_E100/checkpoints/latest_model.pth
2026-08-22 15:19:42,655 - Model-rank0 - INFO - Best mIoU_mid: 0.340155
2026-08-22 15:19:42,821 - Model-rank0 - INFO - CUDA memory after evaluation cleanup: allocated=0.017 GiB, reserved=0.447 GiB
2026-08-22 15:19:42,821 - Model-rank0 - INFO - **** Epoch 27/100 ****
2026-08-22 15:19:42,822 - Model-rank0 - INFO - Learning rate:0.000490
2026-08-22 15:30:12,483 - Model-rank0 - INFO - CUDA memory after training cleanup: allocated=0.017 GiB, reserved=0.447 GiB
2026-08-22 15:30:12,484 - Model-rank0 - INFO - Training mean loss: 0.380318
2026-08-22 15:30:12,484 - Model-rank0 - INFO - Training accuracy (IoU) of prediction: 0.528574
2026-08-22 15:30:12,484 - Model-rank0 - INFO - Training pixel precision: 0.791632
2026-08-22 15:30:12,484 - Model-rank0 - INFO - Training pixel recall: 0.613998
2026-08-22 15:30:12,484 - Model-rank0 - INFO - Training pixel F1: 0.691591
2026-08-22 15:30:12,484 - Model-rank0 - INFO - Training loss component tversky: 0.235788
2026-08-22 15:30:12,484 - Model-rank0 - INFO - Training loss component dice: 0.261343
2026-08-22 15:30:12,484 - Model-rank0 - INFO - Training loss component hard_margin: 1.053292
2026-08-22 15:30:12,484 - Model-rank0 - INFO - Training loss component hard_weight: 0.100000
2026-08-22 15:30:12,484 - Model-rank0 - INFO - ---- EPOCH 027 EVALUATION ----
2026-08-22 15:35:15,285 - Model-rank0 - INFO - Eval mean loss: 0.788897
2026-08-22 15:35:15,285 - Model-rank0 - INFO - Eval avg class IoU of prediction: 0.328584
2026-08-22 15:35:15,285 - Model-rank0 - INFO - Eval pixel precision: 0.739454
2026-08-22 15:35:15,285 - Model-rank0 - INFO - Eval pixel recall: 0.371608
2026-08-22 15:35:15,285 - Model-rank0 - INFO - Eval pixel F1: 0.494638
2026-08-22 15:35:15,285 - Model-rank0 - INFO - Early stopping eval_f1=0.494638; best=0.507635 at epoch 25; bad_epochs=2/30.
2026-08-22 15:35:15,324 - Model-rank0 - INFO - Saved recoverable checkpoint at /home/devbox/project/model/sjy/CSIG2026/Deeppro_v2/DeepPro-main/log/sem_seg/2026-08-22/SatVideoIRSDT_v1__2026-08-22_08-27-32__F1OHEM-brtd3_raw_apmd_hybrid_rms_multiscale_contrast_scratch_seed47_E100/checkpoints/latest_model.pth
2026-08-22 15:35:15,324 - Model-rank0 - INFO - Best mIoU_mid: 0.340155
2026-08-22 15:35:15,487 - Model-rank0 - INFO - CUDA memory after evaluation cleanup: allocated=0.017 GiB, reserved=0.447 GiB
2026-08-22 15:35:15,487 - Model-rank0 - INFO - **** Epoch 28/100 ****
2026-08-22 15:35:15,487 - Model-rank0 - INFO - Learning rate:0.000490
2026-08-22 15:46:00,644 - Model-rank0 - INFO - CUDA memory after training cleanup: allocated=0.017 GiB, reserved=0.451 GiB
2026-08-22 15:46:00,644 - Model-rank0 - INFO - Training mean loss: 0.383438
2026-08-22 15:46:00,644 - Model-rank0 - INFO - Training accuracy (IoU) of prediction: 0.524553
2026-08-22 15:46:00,644 - Model-rank0 - INFO - Training pixel precision: 0.789432
2026-08-22 15:46:00,644 - Model-rank0 - INFO - Training pixel recall: 0.609886
2026-08-22 15:46:00,644 - Model-rank0 - INFO - Training pixel F1: 0.688140
2026-08-22 15:46:00,644 - Model-rank0 - INFO - Training loss component tversky: 0.237765
2026-08-22 15:46:00,644 - Model-rank0 - INFO - Training loss component dice: 0.264485
2026-08-22 15:46:00,644 - Model-rank0 - INFO - Training loss component hard_margin: 1.060003
2026-08-22 15:46:00,644 - Model-rank0 - INFO - Training loss component hard_weight: 0.100000
2026-08-22 15:46:00,645 - Model-rank0 - INFO - ---- EPOCH 028 EVALUATION ----
2026-08-22 15:51:03,773 - Model-rank0 - INFO - Eval mean loss: 0.787401
2026-08-22 15:51:03,774 - Model-rank0 - INFO - Eval avg class IoU of prediction: 0.333840
2026-08-22 15:51:03,774 - Model-rank0 - INFO - Eval pixel precision: 0.765834
2026-08-22 15:51:03,774 - Model-rank0 - INFO - Eval pixel recall: 0.371791
2026-08-22 15:51:03,774 - Model-rank0 - INFO - Eval pixel F1: 0.500569
2026-08-22 15:51:03,774 - Model-rank0 - INFO - Early stopping eval_f1=0.500569; best=0.507635 at epoch 25; bad_epochs=3/30.
2026-08-22 15:51:03,808 - Model-rank0 - INFO - Saved recoverable checkpoint at /home/devbox/project/model/sjy/CSIG2026/Deeppro_v2/DeepPro-main/log/sem_seg/2026-08-22/SatVideoIRSDT_v1__2026-08-22_08-27-32__F1OHEM-brtd3_raw_apmd_hybrid_rms_multiscale_contrast_scratch_seed47_E100/checkpoints/latest_model.pth
2026-08-22 15:51:03,808 - Model-rank0 - INFO - Best mIoU_mid: 0.340155
2026-08-22 15:51:04,088 - Model-rank0 - INFO - CUDA memory after evaluation cleanup: allocated=0.017 GiB, reserved=0.447 GiB
2026-08-22 15:51:04,088 - Model-rank0 - INFO - **** Epoch 29/100 ****
2026-08-22 15:51:04,088 - Model-rank0 - INFO - Learning rate:0.000490
2026-08-22 16:02:20,866 - Model-rank0 - INFO - CUDA memory after training cleanup: allocated=0.017 GiB, reserved=0.449 GiB
2026-08-22 16:02:20,866 - Model-rank0 - INFO - Training mean loss: 0.376831
2026-08-22 16:02:20,866 - Model-rank0 - INFO - Training accuracy (IoU) of prediction: 0.524809
2026-08-22 16:02:20,866 - Model-rank0 - INFO - Training pixel precision: 0.792540
2026-08-22 16:02:20,866 - Model-rank0 - INFO - Training pixel recall: 0.608388
2026-08-22 16:02:20,866 - Model-rank0 - INFO - Training pixel F1: 0.688361
2026-08-22 16:02:20,866 - Model-rank0 - INFO - Training loss component tversky: 0.233127
2026-08-22 16:02:20,866 - Model-rank0 - INFO - Training loss component dice: 0.258642
2026-08-22 16:02:20,866 - Model-rank0 - INFO - Training loss component hard_margin: 1.049071
2026-08-22 16:02:20,866 - Model-rank0 - INFO - Training loss component hard_weight: 0.100000
2026-08-22 16:02:20,866 - Model-rank0 - INFO - ---- EPOCH 029 EVALUATION ----
2026-08-22 16:07:21,590 - Model-rank0 - INFO - Eval mean loss: 0.795949
2026-08-22 16:07:21,590 - Model-rank0 - INFO - Eval avg class IoU of prediction: 0.331471
2026-08-22 16:07:21,590 - Model-rank0 - INFO - Eval pixel precision: 0.776111
2026-08-22 16:07:21,590 - Model-rank0 - INFO - Eval pixel recall: 0.366518
2026-08-22 16:07:21,590 - Model-rank0 - INFO - Eval pixel F1: 0.497902
2026-08-22 16:07:21,591 - Model-rank0 - INFO - Early stopping eval_f1=0.497902; best=0.507635 at epoch 25; bad_epochs=4/30.
2026-08-22 16:07:21,631 - Model-rank0 - INFO - Saved recoverable checkpoint at /home/devbox/project/model/sjy/CSIG2026/Deeppro_v2/DeepPro-main/log/sem_seg/2026-08-22/SatVideoIRSDT_v1__2026-08-22_08-27-32__F1OHEM-brtd3_raw_apmd_hybrid_rms_multiscale_contrast_scratch_seed47_E100/checkpoints/latest_model.pth
2026-08-22 16:07:21,631 - Model-rank0 - INFO - Best mIoU_mid: 0.340155
2026-08-22 16:07:21,891 - Model-rank0 - INFO - CUDA memory after evaluation cleanup: allocated=0.017 GiB, reserved=0.447 GiB
2026-08-22 16:07:21,891 - Model-rank0 - INFO - **** Epoch 30/100 ****
2026-08-22 16:07:21,891 - Model-rank0 - INFO - Learning rate:0.000490
2026-08-22 16:17:59,735 - Model-rank0 - INFO - CUDA memory after training cleanup: allocated=0.017 GiB, reserved=0.451 GiB
2026-08-22 16:17:59,735 - Model-rank0 - INFO - Training mean loss: 0.377369
2026-08-22 16:17:59,735 - Model-rank0 - INFO - Training accuracy (IoU) of prediction: 0.538624
2026-08-22 16:17:59,735 - Model-rank0 - INFO - Training pixel precision: 0.791695
2026-08-22 16:17:59,735 - Model-rank0 - INFO - Training pixel recall: 0.627560
2026-08-22 16:17:59,735 - Model-rank0 - INFO - Training pixel F1: 0.700137
2026-08-22 16:17:59,735 - Model-rank0 - INFO - Training loss component tversky: 0.233128
2026-08-22 16:17:59,736 - Model-rank0 - INFO - Training loss component dice: 0.258927
2026-08-22 16:17:59,736 - Model-rank0 - INFO - Training loss component hard_margin: 1.054019
2026-08-22 16:17:59,736 - Model-rank0 - INFO - Training loss component hard_weight: 0.100000
2026-08-22 16:17:59,736 - Model-rank0 - INFO - ---- EPOCH 030 EVALUATION ----
2026-08-22 16:23:01,102 - Model-rank0 - INFO - Eval mean loss: 0.777712
2026-08-22 16:23:01,103 - Model-rank0 - INFO - Eval avg class IoU of prediction: 0.339482
2026-08-22 16:23:01,103 - Model-rank0 - INFO - Eval pixel precision: 0.764940
2026-08-22 16:23:01,103 - Model-rank0 - INFO - Eval pixel recall: 0.379021
2026-08-22 16:23:01,103 - Model-rank0 - INFO - Eval pixel F1: 0.506885
2026-08-22 16:23:01,103 - Model-rank0 - INFO - Early stopping eval_f1=0.506885; best=0.507635 at epoch 25; bad_epochs=5/30.
2026-08-22 16:23:01,137 - Model-rank0 - INFO - Saved recoverable checkpoint at /home/devbox/project/model/sjy/CSIG2026/Deeppro_v2/DeepPro-main/log/sem_seg/2026-08-22/SatVideoIRSDT_v1__2026-08-22_08-27-32__F1OHEM-brtd3_raw_apmd_hybrid_rms_multiscale_contrast_scratch_seed47_E100/checkpoints/latest_model.pth
2026-08-22 16:23:01,167 - Model-rank0 - INFO - Saved epoch checkpoint at /home/devbox/project/model/sjy/CSIG2026/Deeppro_v2/DeepPro-main/log/sem_seg/2026-08-22/SatVideoIRSDT_v1__2026-08-22_08-27-32__F1OHEM-brtd3_raw_apmd_hybrid_rms_multiscale_contrast_scratch_seed47_E100/checkpoints/epoch_30_model.pth
2026-08-22 16:23:01,168 - Model-rank0 - INFO - Best mIoU_mid: 0.340155
2026-08-22 16:23:01,454 - Model-rank0 - INFO - CUDA memory after evaluation cleanup: allocated=0.017 GiB, reserved=0.447 GiB
2026-08-22 16:23:01,454 - Model-rank0 - INFO - **** Epoch 31/100 ****
2026-08-22 16:23:01,454 - Model-rank0 - INFO - Learning rate:0.000343
2026-08-22 16:33:50,132 - Model-rank0 - INFO - CUDA memory after training cleanup: allocated=0.017 GiB, reserved=0.451 GiB
2026-08-22 16:33:50,132 - Model-rank0 - INFO - Training mean loss: 0.368021
2026-08-22 16:33:50,132 - Model-rank0 - INFO - Training accuracy (IoU) of prediction: 0.537951
2026-08-22 16:33:50,132 - Model-rank0 - INFO - Training pixel precision: 0.801750
2026-08-22 16:33:50,132 - Model-rank0 - INFO - Training pixel recall: 0.620488
2026-08-22 16:33:50,132 - Model-rank0 - INFO - Training pixel F1: 0.699568
2026-08-22 16:33:50,132 - Model-rank0 - INFO - Training loss component tversky: 0.228511
2026-08-22 16:33:50,132 - Model-rank0 - INFO - Training loss component dice: 0.253439
2026-08-22 16:33:50,132 - Model-rank0 - INFO - Training loss component hard_margin: 1.014941
2026-08-22 16:33:50,132 - Model-rank0 - INFO - Training loss component hard_weight: 0.100000
2026-08-22 16:33:50,132 - Model-rank0 - INFO - ---- EPOCH 031 EVALUATION ----
2026-08-22 16:38:47,589 - Model-rank0 - INFO - Eval mean loss: 0.779475
2026-08-22 16:38:47,589 - Model-rank0 - INFO - Eval avg class IoU of prediction: 0.335952
2026-08-22 16:38:47,589 - Model-rank0 - INFO - Eval pixel precision: 0.676167
2026-08-22 16:38:47,589 - Model-rank0 - INFO - Eval pixel recall: 0.400369
2026-08-22 16:38:47,589 - Model-rank0 - INFO - Eval pixel F1: 0.502940
2026-08-22 16:38:47,589 - Model-rank0 - INFO - Early stopping eval_f1=0.502940; best=0.507635 at epoch 25; bad_epochs=6/30.
2026-08-22 16:38:47,621 - Model-rank0 - INFO - Saved recoverable checkpoint at /home/devbox/project/model/sjy/CSIG2026/Deeppro_v2/DeepPro-main/log/sem_seg/2026-08-22/SatVideoIRSDT_v1__2026-08-22_08-27-32__F1OHEM-brtd3_raw_apmd_hybrid_rms_multiscale_contrast_scratch_seed47_E100/checkpoints/latest_model.pth
2026-08-22 16:38:47,622 - Model-rank0 - INFO - Best mIoU_mid: 0.340155
2026-08-22 16:38:47,827 - Model-rank0 - INFO - CUDA memory after evaluation cleanup: allocated=0.017 GiB, reserved=0.447 GiB
2026-08-22 16:38:47,827 - Model-rank0 - INFO - **** Epoch 32/100 ****
2026-08-22 16:38:47,827 - Model-rank0 - INFO - Learning rate:0.000343
2026-08-22 16:49:51,325 - Model-rank0 - INFO - CUDA memory after training cleanup: allocated=0.017 GiB, reserved=0.449 GiB
2026-08-22 16:49:51,325 - Model-rank0 - INFO - Training mean loss: 0.362711
2026-08-22 16:49:51,325 - Model-rank0 - INFO - Training accuracy (IoU) of prediction: 0.542081
2026-08-22 16:49:51,325 - Model-rank0 - INFO - Training pixel precision: 0.808326
2026-08-22 16:49:51,325 - Model-rank0 - INFO - Training pixel recall: 0.622038
2026-08-22 16:49:51,325 - Model-rank0 - INFO - Training pixel F1: 0.703051
2026-08-22 16:49:51,325 - Model-rank0 - INFO - Training loss component tversky: 0.225569
2026-08-22 16:49:51,325 - Model-rank0 - INFO - Training loss component dice: 0.249933
2026-08-22 16:49:51,325 - Model-rank0 - INFO - Training loss component hard_margin: 0.996524
2026-08-22 16:49:51,325 - Model-rank0 - INFO - Training loss component hard_weight: 0.100000
2026-08-22 16:49:51,326 - Model-rank0 - INFO - ---- EPOCH 032 EVALUATION ----
2026-08-22 16:54:50,091 - Model-rank0 - INFO - Eval mean loss: 0.769959
2026-08-22 16:54:50,091 - Model-rank0 - INFO - Eval avg class IoU of prediction: 0.340489
2026-08-22 16:54:50,091 - Model-rank0 - INFO - Eval pixel precision: 0.768653
2026-08-22 16:54:50,091 - Model-rank0 - INFO - Eval pixel recall: 0.379366
2026-08-22 16:54:50,091 - Model-rank0 - INFO - Eval pixel F1: 0.508007
2026-08-22 16:54:50,091 - Model-rank0 - INFO - Early stopping eval_f1=0.508007; best=0.508007 at epoch 32; bad_epochs=0/30.
2026-08-22 16:54:50,125 - Model-rank0 - INFO - Saved recoverable checkpoint at /home/devbox/project/model/sjy/CSIG2026/Deeppro_v2/DeepPro-main/log/sem_seg/2026-08-22/SatVideoIRSDT_v1__2026-08-22_08-27-32__F1OHEM-brtd3_raw_apmd_hybrid_rms_multiscale_contrast_scratch_seed47_E100/checkpoints/latest_model.pth
2026-08-22 16:54:50,146 - Model-rank0 - INFO - Saved epoch checkpoint at /home/devbox/project/model/sjy/CSIG2026/Deeppro_v2/DeepPro-main/log/sem_seg/2026-08-22/SatVideoIRSDT_v1__2026-08-22_08-27-32__F1OHEM-brtd3_raw_apmd_hybrid_rms_multiscale_contrast_scratch_seed47_E100/checkpoints/epoch_32_model.pth
2026-08-22 16:54:50,170 - Model-rank0 - INFO - Saved best checkpoint at /home/devbox/project/model/sjy/CSIG2026/Deeppro_v2/DeepPro-main/log/sem_seg/2026-08-22/SatVideoIRSDT_v1__2026-08-22_08-27-32__F1OHEM-brtd3_raw_apmd_hybrid_rms_multiscale_contrast_scratch_seed47_E100/checkpoints/best_model.pth
2026-08-22 16:54:50,195 - Model-rank0 - INFO - Saved early-stopping best checkpoint at /home/devbox/project/model/sjy/CSIG2026/Deeppro_v2/DeepPro-main/log/sem_seg/2026-08-22/SatVideoIRSDT_v1__2026-08-22_08-27-32__F1OHEM-brtd3_raw_apmd_hybrid_rms_multiscale_contrast_scratch_seed47_E100/checkpoints/early_stopping_best_model.pth
2026-08-22 16:54:50,195 - Model-rank0 - INFO - Best mIoU_mid: 0.340489
2026-08-22 16:54:50,410 - Model-rank0 - INFO - CUDA memory after evaluation cleanup: allocated=0.017 GiB, reserved=0.447 GiB
2026-08-22 16:54:50,410 - Model-rank0 - INFO - **** Epoch 33/100 ****
2026-08-22 16:54:50,410 - Model-rank0 - INFO - Learning rate:0.000343
2026-08-22 17:05:44,837 - Model-rank0 - INFO - CUDA memory after training cleanup: allocated=0.017 GiB, reserved=0.449 GiB
2026-08-22 17:05:44,837 - Model-rank0 - INFO - Training mean loss: 0.365190
2026-08-22 17:05:44,837 - Model-rank0 - INFO - Training accuracy (IoU) of prediction: 0.538500
2026-08-22 17:05:44,838 - Model-rank0 - INFO - Training pixel precision: 0.803418
2026-08-22 17:05:44,838 - Model-rank0 - INFO - Training pixel recall: 0.620221
2026-08-22 17:05:44,838 - Model-rank0 - INFO - Training pixel F1: 0.700032
2026-08-22 17:05:44,838 - Model-rank0 - INFO - Training loss component tversky: 0.227581
2026-08-22 17:05:44,838 - Model-rank0 - INFO - Training loss component dice: 0.252309
2026-08-22 17:05:44,838 - Model-rank0 - INFO - Training loss component hard_margin: 0.997627
2026-08-22 17:05:44,838 - Model-rank0 - INFO - Training loss component hard_weight: 0.100000
2026-08-22 17:05:44,838 - Model-rank0 - INFO - ---- EPOCH 033 EVALUATION ----
2026-08-22 17:10:47,888 - Model-rank0 - INFO - Eval mean loss: 0.788890
2026-08-22 17:10:47,888 - Model-rank0 - INFO - Eval avg class IoU of prediction: 0.336630
2026-08-22 17:10:47,888 - Model-rank0 - INFO - Eval pixel precision: 0.756565
2026-08-22 17:10:47,888 - Model-rank0 - INFO - Eval pixel recall: 0.377521
2026-08-22 17:10:47,888 - Model-rank0 - INFO - Eval pixel F1: 0.503700
2026-08-22 17:10:47,888 - Model-rank0 - INFO - Early stopping eval_f1=0.503700; best=0.508007 at epoch 32; bad_epochs=1/30.
2026-08-22 17:10:47,919 - Model-rank0 - INFO - Saved recoverable checkpoint at /home/devbox/project/model/sjy/CSIG2026/Deeppro_v2/DeepPro-main/log/sem_seg/2026-08-22/SatVideoIRSDT_v1__2026-08-22_08-27-32__F1OHEM-brtd3_raw_apmd_hybrid_rms_multiscale_contrast_scratch_seed47_E100/checkpoints/latest_model.pth
2026-08-22 17:10:47,920 - Model-rank0 - INFO - Best mIoU_mid: 0.340489
2026-08-22 17:10:48,100 - Model-rank0 - INFO - CUDA memory after evaluation cleanup: allocated=0.017 GiB, reserved=0.447 GiB
2026-08-22 17:10:48,101 - Model-rank0 - INFO - **** Epoch 34/100 ****
2026-08-22 17:10:48,101 - Model-rank0 - INFO - Learning rate:0.000343
2026-08-22 17:21:56,324 - Model-rank0 - INFO - CUDA memory after training cleanup: allocated=0.017 GiB, reserved=0.451 GiB
2026-08-22 17:21:56,324 - Model-rank0 - INFO - Training mean loss: 0.367628
2026-08-22 17:21:56,324 - Model-rank0 - INFO - Training accuracy (IoU) of prediction: 0.540401
2026-08-22 17:21:56,324 - Model-rank0 - INFO - Training pixel precision: 0.797648
2026-08-22 17:21:56,324 - Model-rank0 - INFO - Training pixel recall: 0.626256
2026-08-22 17:21:56,324 - Model-rank0 - INFO - Training pixel F1: 0.701637
2026-08-22 17:21:56,325 - Model-rank0 - INFO - Training loss component tversky: 0.228834
2026-08-22 17:21:56,325 - Model-rank0 - INFO - Training loss component dice: 0.253848
2026-08-22 17:21:56,325 - Model-rank0 - INFO - Training loss component hard_margin: 1.007168
2026-08-22 17:21:56,325 - Model-rank0 - INFO - Training loss component hard_weight: 0.100000
2026-08-22 17:21:56,325 - Model-rank0 - INFO - ---- EPOCH 034 EVALUATION ----
2026-08-22 17:26:58,688 - Model-rank0 - INFO - Eval mean loss: 0.802237
2026-08-22 17:26:58,689 - Model-rank0 - INFO - Eval avg class IoU of prediction: 0.328219
2026-08-22 17:26:58,689 - Model-rank0 - INFO - Eval pixel precision: 0.795005
2026-08-22 17:26:58,689 - Model-rank0 - INFO - Eval pixel recall: 0.358565
2026-08-22 17:26:58,689 - Model-rank0 - INFO - Eval pixel F1: 0.494224
2026-08-22 17:26:58,689 - Model-rank0 - INFO - Early stopping eval_f1=0.494224; best=0.508007 at epoch 32; bad_epochs=2/30.
2026-08-22 17:26:58,718 - Model-rank0 - INFO - Saved recoverable checkpoint at /home/devbox/project/model/sjy/CSIG2026/Deeppro_v2/DeepPro-main/log/sem_seg/2026-08-22/SatVideoIRSDT_v1__2026-08-22_08-27-32__F1OHEM-brtd3_raw_apmd_hybrid_rms_multiscale_contrast_scratch_seed47_E100/checkpoints/latest_model.pth
2026-08-22 17:26:58,719 - Model-rank0 - INFO - Best mIoU_mid: 0.340489
2026-08-22 17:26:58,879 - Model-rank0 - INFO - CUDA memory after evaluation cleanup: allocated=0.017 GiB, reserved=0.447 GiB
2026-08-22 17:26:58,880 - Model-rank0 - INFO - **** Epoch 35/100 ****
2026-08-22 17:26:58,880 - Model-rank0 - INFO - Learning rate:0.000343
2026-08-22 17:38:23,896 - Model-rank0 - INFO - CUDA memory after training cleanup: allocated=0.017 GiB, reserved=0.451 GiB
2026-08-22 17:38:23,896 - Model-rank0 - INFO - Training mean loss: 0.370030
2026-08-22 17:38:23,896 - Model-rank0 - INFO - Training accuracy (IoU) of prediction: 0.544455
2026-08-22 17:38:23,896 - Model-rank0 - INFO - Training pixel precision: 0.799267
2026-08-22 17:38:23,896 - Model-rank0 - INFO - Training pixel recall: 0.630695
2026-08-22 17:38:23,896 - Model-rank0 - INFO - Training pixel F1: 0.705045
2026-08-22 17:38:23,896 - Model-rank0 - INFO - Training loss component tversky: 0.229754
2026-08-22 17:38:23,896 - Model-rank0 - INFO - Training loss component dice: 0.255350
2026-08-22 17:38:23,897 - Model-rank0 - INFO - Training loss component hard_margin: 1.019735
2026-08-22 17:38:23,897 - Model-rank0 - INFO - Training loss component hard_weight: 0.100000
2026-08-22 17:38:23,897 - Model-rank0 - INFO - ---- EPOCH 035 EVALUATION ----
2026-08-22 17:43:22,141 - Model-rank0 - INFO - Eval mean loss: 0.778238
2026-08-22 17:43:22,141 - Model-rank0 - INFO - Eval avg class IoU of prediction: 0.339581
2026-08-22 17:43:22,141 - Model-rank0 - INFO - Eval pixel precision: 0.742793
2026-08-22 17:43:22,141 - Model-rank0 - INFO - Eval pixel recall: 0.384832
2026-08-22 17:43:22,142 - Model-rank0 - INFO - Eval pixel F1: 0.506996
2026-08-22 17:43:22,142 - Model-rank0 - INFO - Early stopping eval_f1=0.506996; best=0.508007 at epoch 32; bad_epochs=3/30.
2026-08-22 17:43:22,171 - Model-rank0 - INFO - Saved recoverable checkpoint at /home/devbox/project/model/sjy/CSIG2026/Deeppro_v2/DeepPro-main/log/sem_seg/2026-08-22/SatVideoIRSDT_v1__2026-08-22_08-27-32__F1OHEM-brtd3_raw_apmd_hybrid_rms_multiscale_contrast_scratch_seed47_E100/checkpoints/latest_model.pth
2026-08-22 17:43:22,195 - Model-rank0 - INFO - Saved epoch checkpoint at /home/devbox/project/model/sjy/CSIG2026/Deeppro_v2/DeepPro-main/log/sem_seg/2026-08-22/SatVideoIRSDT_v1__2026-08-22_08-27-32__F1OHEM-brtd3_raw_apmd_hybrid_rms_multiscale_contrast_scratch_seed47_E100/checkpoints/epoch_35_model.pth
2026-08-22 17:43:22,195 - Model-rank0 - INFO - Best mIoU_mid: 0.340489
2026-08-22 17:43:22,388 - Model-rank0 - INFO - CUDA memory after evaluation cleanup: allocated=0.017 GiB, reserved=0.449 GiB
2026-08-22 17:43:22,388 - Model-rank0 - INFO - **** Epoch 36/100 ****
2026-08-22 17:43:22,388 - Model-rank0 - INFO - Learning rate:0.000343
2026-08-22 17:54:37,013 - Model-rank0 - INFO - CUDA memory after training cleanup: allocated=0.017 GiB, reserved=0.451 GiB
2026-08-22 17:54:37,013 - Model-rank0 - INFO - Training mean loss: 0.358924
2026-08-22 17:54:37,013 - Model-rank0 - INFO - Training accuracy (IoU) of prediction: 0.550427
2026-08-22 17:54:37,013 - Model-rank0 - INFO - Training pixel precision: 0.813185
2026-08-22 17:54:37,013 - Model-rank0 - INFO - Training pixel recall: 0.630104
2026-08-22 17:54:37,014 - Model-rank0 - INFO - Training pixel F1: 0.710033
2026-08-22 17:54:37,014 - Model-rank0 - INFO - Training loss component tversky: 0.223378
2026-08-22 17:54:37,014 - Model-rank0 - INFO - Training loss component dice: 0.247530
2026-08-22 17:54:37,014 - Model-rank0 - INFO - Training loss component hard_margin: 0.984173
2026-08-22 17:54:37,014 - Model-rank0 - INFO - Training loss component hard_weight: 0.100000
2026-08-22 17:54:37,014 - Model-rank0 - INFO - ---- EPOCH 036 EVALUATION ----
2026-08-22 17:59:39,893 - Model-rank0 - INFO - Eval mean loss: 0.775672
2026-08-22 17:59:39,894 - Model-rank0 - INFO - Eval avg class IoU of prediction: 0.337768
2026-08-22 17:59:39,894 - Model-rank0 - INFO - Eval pixel precision: 0.770788
2026-08-22 17:59:39,894 - Model-rank0 - INFO - Eval pixel recall: 0.375483
2026-08-22 17:59:39,894 - Model-rank0 - INFO - Eval pixel F1: 0.504973
2026-08-22 17:59:39,894 - Model-rank0 - INFO - Early stopping eval_f1=0.504973; best=0.508007 at epoch 32; bad_epochs=4/30.
2026-08-22 17:59:39,922 - Model-rank0 - INFO - Saved recoverable checkpoint at /home/devbox/project/model/sjy/CSIG2026/Deeppro_v2/DeepPro-main/log/sem_seg/2026-08-22/SatVideoIRSDT_v1__2026-08-22_08-27-32__F1OHEM-brtd3_raw_apmd_hybrid_rms_multiscale_contrast_scratch_seed47_E100/checkpoints/latest_model.pth
2026-08-22 17:59:39,922 - Model-rank0 - INFO - Best mIoU_mid: 0.340489
2026-08-22 17:59:40,064 - Model-rank0 - INFO - CUDA memory after evaluation cleanup: allocated=0.017 GiB, reserved=0.449 GiB
2026-08-22 17:59:40,064 - Model-rank0 - INFO - **** Epoch 37/100 ****
2026-08-22 17:59:40,064 - Model-rank0 - INFO - Learning rate:0.000343
2026-08-22 18:09:42,063 - Model-rank0 - INFO - CUDA memory after training cleanup: allocated=0.017 GiB, reserved=0.453 GiB
2026-08-22 18:09:42,063 - Model-rank0 - INFO - Training mean loss: 0.366669
2026-08-22 18:09:42,063 - Model-rank0 - INFO - Training accuracy (IoU) of prediction: 0.553006
2026-08-22 18:09:42,064 - Model-rank0 - INFO - Training pixel precision: 0.808639
2026-08-22 18:09:42,064 - Model-rank0 - INFO - Training pixel recall: 0.636273
2026-08-22 18:09:42,064 - Model-rank0 - INFO - Training pixel F1: 0.712175
2026-08-22 18:09:42,064 - Model-rank0 - INFO - Training loss component tversky: 0.227850
2026-08-22 18:09:42,064 - Model-rank0 - INFO - Training loss component dice: 0.253460
2026-08-22 18:09:42,064 - Model-rank0 - INFO - Training loss component hard_margin: 1.007999
2026-08-22 18:09:42,064 - Model-rank0 - INFO - Training loss component hard_weight: 0.100000
2026-08-22 18:09:42,064 - Model-rank0 - INFO - ---- EPOCH 037 EVALUATION ----
2026-08-22 18:14:48,974 - Model-rank0 - INFO - Eval mean loss: 0.770289
2026-08-22 18:14:48,974 - Model-rank0 - INFO - Eval avg class IoU of prediction: 0.340868
2026-08-22 18:14:48,974 - Model-rank0 - INFO - Eval pixel precision: 0.731691
2026-08-22 18:14:48,974 - Model-rank0 - INFO - Eval pixel recall: 0.389561
2026-08-22 18:14:48,974 - Model-rank0 - INFO - Eval pixel F1: 0.508429
2026-08-22 18:14:48,974 - Model-rank0 - INFO - Early stopping eval_f1=0.508429; best=0.508429 at epoch 37; bad_epochs=0/30.
2026-08-22 18:14:49,005 - Model-rank0 - INFO - Saved recoverable checkpoint at /home/devbox/project/model/sjy/CSIG2026/Deeppro_v2/DeepPro-main/log/sem_seg/2026-08-22/SatVideoIRSDT_v1__2026-08-22_08-27-32__F1OHEM-brtd3_raw_apmd_hybrid_rms_multiscale_contrast_scratch_seed47_E100/checkpoints/latest_model.pth
2026-08-22 18:14:49,026 - Model-rank0 - INFO - Saved epoch checkpoint at /home/devbox/project/model/sjy/CSIG2026/Deeppro_v2/DeepPro-main/log/sem_seg/2026-08-22/SatVideoIRSDT_v1__2026-08-22_08-27-32__F1OHEM-brtd3_raw_apmd_hybrid_rms_multiscale_contrast_scratch_seed47_E100/checkpoints/epoch_37_model.pth
2026-08-22 18:14:49,047 - Model-rank0 - INFO - Saved best checkpoint at /home/devbox/project/model/sjy/CSIG2026/Deeppro_v2/DeepPro-main/log/sem_seg/2026-08-22/SatVideoIRSDT_v1__2026-08-22_08-27-32__F1OHEM-brtd3_raw_apmd_hybrid_rms_multiscale_contrast_scratch_seed47_E100/checkpoints/best_model.pth
2026-08-22 18:14:49,068 - Model-rank0 - INFO - Saved early-stopping best checkpoint at /home/devbox/project/model/sjy/CSIG2026/Deeppro_v2/DeepPro-main/log/sem_seg/2026-08-22/SatVideoIRSDT_v1__2026-08-22_08-27-32__F1OHEM-brtd3_raw_apmd_hybrid_rms_multiscale_contrast_scratch_seed47_E100/checkpoints/early_stopping_best_model.pth
2026-08-22 18:14:49,068 - Model-rank0 - INFO - Best mIoU_mid: 0.340868
2026-08-22 18:14:49,269 - Model-rank0 - INFO - CUDA memory after evaluation cleanup: allocated=0.017 GiB, reserved=0.449 GiB
2026-08-22 18:14:49,269 - Model-rank0 - INFO - **** Epoch 38/100 ****
2026-08-22 18:14:49,269 - Model-rank0 - INFO - Learning rate:0.000343
2026-08-22 18:25:35,478 - Model-rank0 - INFO - CUDA memory after training cleanup: allocated=0.017 GiB, reserved=0.451 GiB
2026-08-22 18:25:35,478 - Model-rank0 - INFO - Training mean loss: 0.351077
2026-08-22 18:25:35,478 - Model-rank0 - INFO - Training accuracy (IoU) of prediction: 0.567188
2026-08-22 18:25:35,478 - Model-rank0 - INFO - Training pixel precision: 0.814320
2026-08-22 18:25:35,478 - Model-rank0 - INFO - Training pixel recall: 0.651438
2026-08-22 18:25:35,478 - Model-rank0 - INFO - Training pixel F1: 0.723829
2026-08-22 18:25:35,478 - Model-rank0 - INFO - Training loss component tversky: 0.218432
2026-08-22 18:25:35,478 - Model-rank0 - INFO - Training loss component dice: 0.242145
2026-08-22 18:25:35,478 - Model-rank0 - INFO - Training loss component hard_margin: 0.963235
2026-08-22 18:25:35,479 - Model-rank0 - INFO - Training loss component hard_weight: 0.100000
2026-08-22 18:25:35,479 - Model-rank0 - INFO - ---- EPOCH 038 EVALUATION ----
2026-08-22 18:30:43,514 - Model-rank0 - INFO - Eval mean loss: 0.774160
2026-08-22 18:30:43,515 - Model-rank0 - INFO - Eval avg class IoU of prediction: 0.336997
2026-08-22 18:30:43,515 - Model-rank0 - INFO - Eval pixel precision: 0.744108
2026-08-22 18:30:43,515 - Model-rank0 - INFO - Eval pixel recall: 0.381171
2026-08-22 18:30:43,515 - Model-rank0 - INFO - Eval pixel F1: 0.504110
2026-08-22 18:30:43,515 - Model-rank0 - INFO - Early stopping eval_f1=0.504110; best=0.508429 at epoch 37; bad_epochs=1/30.
2026-08-22 18:30:43,543 - Model-rank0 - INFO - Saved recoverable checkpoint at /home/devbox/project/model/sjy/CSIG2026/Deeppro_v2/DeepPro-main/log/sem_seg/2026-08-22/SatVideoIRSDT_v1__2026-08-22_08-27-32__F1OHEM-brtd3_raw_apmd_hybrid_rms_multiscale_contrast_scratch_seed47_E100/checkpoints/latest_model.pth
2026-08-22 18:30:43,543 - Model-rank0 - INFO - Best mIoU_mid: 0.340868
2026-08-22 18:30:43,714 - Model-rank0 - INFO - CUDA memory after evaluation cleanup: allocated=0.017 GiB, reserved=0.447 GiB
2026-08-22 18:30:43,714 - Model-rank0 - INFO - **** Epoch 39/100 ****
2026-08-22 18:30:43,714 - Model-rank0 - INFO - Learning rate:0.000343
2026-08-22 18:41:22,370 - Model-rank0 - INFO - CUDA memory after training cleanup: allocated=0.017 GiB, reserved=0.451 GiB
2026-08-22 18:41:22,371 - Model-rank0 - INFO - Training mean loss: 0.362844
2026-08-22 18:41:22,371 - Model-rank0 - INFO - Training accuracy (IoU) of prediction: 0.558735
2026-08-22 18:41:22,371 - Model-rank0 - INFO - Training pixel precision: 0.808875
2026-08-22 18:41:22,371 - Model-rank0 - INFO - Training pixel recall: 0.643719
2026-08-22 18:41:22,371 - Model-rank0 - INFO - Training pixel F1: 0.716908
2026-08-22 18:41:22,371 - Model-rank0 - INFO - Training loss component tversky: 0.225484
2026-08-22 18:41:22,371 - Model-rank0 - INFO - Training loss component dice: 0.250797
2026-08-22 18:41:22,371 - Model-rank0 - INFO - Training loss component hard_margin: 0.997405
2026-08-22 18:41:22,371 - Model-rank0 - INFO - Training loss component hard_weight: 0.100000
2026-08-22 18:41:22,371 - Model-rank0 - INFO - ---- EPOCH 039 EVALUATION ----
2026-08-22 18:46:28,404 - Model-rank0 - INFO - Eval mean loss: 0.776301
2026-08-22 18:46:28,404 - Model-rank0 - INFO - Eval avg class IoU of prediction: 0.331823
2026-08-22 18:46:28,404 - Model-rank0 - INFO - Eval pixel precision: 0.694967
2026-08-22 18:46:28,404 - Model-rank0 - INFO - Eval pixel recall: 0.388390
2026-08-22 18:46:28,404 - Model-rank0 - INFO - Eval pixel F1: 0.498299
2026-08-22 18:46:28,404 - Model-rank0 - INFO - Early stopping eval_f1=0.498299; best=0.508429 at epoch 37; bad_epochs=2/30.
2026-08-22 18:46:28,431 - Model-rank0 - INFO - Saved recoverable checkpoint at /home/devbox/project/model/sjy/CSIG2026/Deeppro_v2/DeepPro-main/log/sem_seg/2026-08-22/SatVideoIRSDT_v1__2026-08-22_08-27-32__F1OHEM-brtd3_raw_apmd_hybrid_rms_multiscale_contrast_scratch_seed47_E100/checkpoints/latest_model.pth
2026-08-22 18:46:28,431 - Model-rank0 - INFO - Best mIoU_mid: 0.340868
2026-08-22 18:46:28,573 - Model-rank0 - INFO - CUDA memory after evaluation cleanup: allocated=0.017 GiB, reserved=0.449 GiB
2026-08-22 18:46:28,573 - Model-rank0 - INFO - **** Epoch 40/100 ****
2026-08-22 18:46:28,573 - Model-rank0 - INFO - Learning rate:0.000343
2026-08-22 18:56:43,986 - Model-rank0 - INFO - CUDA memory after training cleanup: allocated=0.017 GiB, reserved=0.451 GiB
2026-08-22 18:56:43,986 - Model-rank0 - INFO - Training mean loss: 0.363936
2026-08-22 18:56:43,986 - Model-rank0 - INFO - Training accuracy (IoU) of prediction: 0.543344
2026-08-22 18:56:43,986 - Model-rank0 - INFO - Training pixel precision: 0.807764
2026-08-22 18:56:43,986 - Model-rank0 - INFO - Training pixel recall: 0.624038
2026-08-22 18:56:43,986 - Model-rank0 - INFO - Training pixel F1: 0.704113
2026-08-22 18:56:43,986 - Model-rank0 - INFO - Training loss component tversky: 0.227294
2026-08-22 18:56:43,986 - Model-rank0 - INFO - Training loss component dice: 0.251595
2026-08-22 18:56:43,986 - Model-rank0 - INFO - Training loss component hard_margin: 0.989032
2026-08-22 18:56:43,986 - Model-rank0 - INFO - Training loss component hard_weight: 0.100000
2026-08-22 18:56:43,986 - Model-rank0 - INFO - ---- EPOCH 040 EVALUATION ----
2026-08-22 19:01:54,441 - Model-rank0 - INFO - Eval mean loss: 0.764003
2026-08-22 19:01:54,441 - Model-rank0 - INFO - Eval avg class IoU of prediction: 0.339371
2026-08-22 19:01:54,441 - Model-rank0 - INFO - Eval pixel precision: 0.710450
2026-08-22 19:01:54,441 - Model-rank0 - INFO - Eval pixel recall: 0.393845
2026-08-22 19:01:54,441 - Model-rank0 - INFO - Eval pixel F1: 0.506762
2026-08-22 19:01:54,441 - Model-rank0 - INFO - Early stopping eval_f1=0.506762; best=0.508429 at epoch 37; bad_epochs=3/30.
2026-08-22 19:01:54,473 - Model-rank0 - INFO - Saved recoverable checkpoint at /home/devbox/project/model/sjy/CSIG2026/Deeppro_v2/DeepPro-main/log/sem_seg/2026-08-22/SatVideoIRSDT_v1__2026-08-22_08-27-32__F1OHEM-brtd3_raw_apmd_hybrid_rms_multiscale_contrast_scratch_seed47_E100/checkpoints/latest_model.pth
2026-08-22 19:01:54,493 - Model-rank0 - INFO - Saved epoch checkpoint at /home/devbox/project/model/sjy/CSIG2026/Deeppro_v2/DeepPro-main/log/sem_seg/2026-08-22/SatVideoIRSDT_v1__2026-08-22_08-27-32__F1OHEM-brtd3_raw_apmd_hybrid_rms_multiscale_contrast_scratch_seed47_E100/checkpoints/epoch_40_model.pth
2026-08-22 19:01:54,494 - Model-rank0 - INFO - Best mIoU_mid: 0.340868
2026-08-22 19:01:54,665 - Model-rank0 - INFO - CUDA memory after evaluation cleanup: allocated=0.017 GiB, reserved=0.449 GiB
2026-08-22 19:01:54,665 - Model-rank0 - INFO - **** Epoch 41/100 ****
2026-08-22 19:01:54,665 - Model-rank0 - INFO - Learning rate:0.000240
2026-08-22 19:12:53,745 - Model-rank0 - INFO - CUDA memory after training cleanup: allocated=0.017 GiB, reserved=0.451 GiB
2026-08-22 19:12:53,746 - Model-rank0 - INFO - Training mean loss: 0.353656
2026-08-22 19:12:53,746 - Model-rank0 - INFO - Training accuracy (IoU) of prediction: 0.570492
2026-08-22 19:12:53,746 - Model-rank0 - INFO - Training pixel precision: 0.815595
2026-08-22 19:12:53,746 - Model-rank0 - INFO - Training pixel recall: 0.654976
2026-08-22 19:12:53,746 - Model-rank0 - INFO - Training pixel F1: 0.726514
2026-08-22 19:12:53,746 - Model-rank0 - INFO - Training loss component tversky: 0.220652
2026-08-22 19:12:53,746 - Model-rank0 - INFO - Training loss component dice: 0.244795
2026-08-22 19:12:53,746 - Model-rank0 - INFO - Training loss component hard_margin: 0.962853
2026-08-22 19:12:53,746 - Model-rank0 - INFO - Training loss component hard_weight: 0.100000
2026-08-22 19:12:53,746 - Model-rank0 - INFO - ---- EPOCH 041 EVALUATION ----
2026-08-22 19:18:07,091 - Model-rank0 - INFO - Eval mean loss: 0.768057
2026-08-22 19:18:07,091 - Model-rank0 - INFO - Eval avg class IoU of prediction: 0.340652
2026-08-22 19:18:07,091 - Model-rank0 - INFO - Eval pixel precision: 0.720113
2026-08-22 19:18:07,091 - Model-rank0 - INFO - Eval pixel recall: 0.392637
2026-08-22 19:18:07,091 - Model-rank0 - INFO - Eval pixel F1: 0.508188
2026-08-22 19:18:07,091 - Model-rank0 - INFO - Early stopping eval_f1=0.508188; best=0.508429 at epoch 37; bad_epochs=4/30.
2026-08-22 19:18:07,123 - Model-rank0 - INFO - Saved recoverable checkpoint at /home/devbox/project/model/sjy/CSIG2026/Deeppro_v2/DeepPro-main/log/sem_seg/2026-08-22/SatVideoIRSDT_v1__2026-08-22_08-27-32__F1OHEM-brtd3_raw_apmd_hybrid_rms_multiscale_contrast_scratch_seed47_E100/checkpoints/latest_model.pth
2026-08-22 19:18:07,123 - Model-rank0 - INFO - Best mIoU_mid: 0.340868
2026-08-22 19:18:07,324 - Model-rank0 - INFO - CUDA memory after evaluation cleanup: allocated=0.017 GiB, reserved=0.447 GiB
2026-08-22 19:18:07,324 - Model-rank0 - INFO - **** Epoch 42/100 ****
2026-08-22 19:18:07,324 - Model-rank0 - INFO - Learning rate:0.000240
2026-08-22 19:28:58,388 - Model-rank0 - INFO - CUDA memory after training cleanup: allocated=0.017 GiB, reserved=0.451 GiB
2026-08-22 19:28:58,388 - Model-rank0 - INFO - Training mean loss: 0.347511
2026-08-22 19:28:58,388 - Model-rank0 - INFO - Training accuracy (IoU) of prediction: 0.574532
2026-08-22 19:28:58,388 - Model-rank0 - INFO - Training pixel precision: 0.816265
2026-08-22 19:28:58,388 - Model-rank0 - INFO - Training pixel recall: 0.659868
2026-08-22 19:28:58,388 - Model-rank0 - INFO - Training pixel F1: 0.729782
2026-08-22 19:28:58,388 - Model-rank0 - INFO - Training loss component tversky: 0.216521
2026-08-22 19:28:58,388 - Model-rank0 - INFO - Training loss component dice: 0.240200
2026-08-22 19:28:58,388 - Model-rank0 - INFO - Training loss component hard_margin: 0.949597
2026-08-22 19:28:58,388 - Model-rank0 - INFO - Training loss component hard_weight: 0.100000
2026-08-22 19:28:58,388 - Model-rank0 - INFO - ---- EPOCH 042 EVALUATION ----
2026-08-22 19:34:06,562 - Model-rank0 - INFO - Eval mean loss: 0.782619
2026-08-22 19:34:06,562 - Model-rank0 - INFO - Eval avg class IoU of prediction: 0.311123
2026-08-22 19:34:06,562 - Model-rank0 - INFO - Eval pixel precision: 0.650535
2026-08-22 19:34:06,562 - Model-rank0 - INFO - Eval pixel recall: 0.373557
2026-08-22 19:34:06,562 - Model-rank0 - INFO - Eval pixel F1: 0.474590
2026-08-22 19:34:06,562 - Model-rank0 - INFO - Early stopping eval_f1=0.474590; best=0.508429 at epoch 37; bad_epochs=5/30.
2026-08-22 19:34:06,589 - Model-rank0 - INFO - Saved recoverable checkpoint at /home/devbox/project/model/sjy/CSIG2026/Deeppro_v2/DeepPro-main/log/sem_seg/2026-08-22/SatVideoIRSDT_v1__2026-08-22_08-27-32__F1OHEM-brtd3_raw_apmd_hybrid_rms_multiscale_contrast_scratch_seed47_E100/checkpoints/latest_model.pth
2026-08-22 19:34:06,589 - Model-rank0 - INFO - Best mIoU_mid: 0.340868
2026-08-22 19:34:06,700 - Model-rank0 - INFO - CUDA memory after evaluation cleanup: allocated=0.017 GiB, reserved=0.449 GiB
2026-08-22 19:34:06,701 - Model-rank0 - INFO - **** Epoch 43/100 ****
2026-08-22 19:34:06,701 - Model-rank0 - INFO - Learning rate:0.000240
2026-08-22 19:44:33,346 - Model-rank0 - INFO - CUDA memory after training cleanup: allocated=0.017 GiB, reserved=0.449 GiB
2026-08-22 19:44:33,346 - Model-rank0 - INFO - Training mean loss: 0.349758
2026-08-22 19:44:33,346 - Model-rank0 - INFO - Training accuracy (IoU) of prediction: 0.558828
2026-08-22 19:44:33,346 - Model-rank0 - INFO - Training pixel precision: 0.813099
2026-08-22 19:44:33,347 - Model-rank0 - INFO - Training pixel recall: 0.641192
2026-08-22 19:44:33,347 - Model-rank0 - INFO - Training pixel F1: 0.716985
2026-08-22 19:44:33,347 - Model-rank0 - INFO - Training loss component tversky: 0.217755
2026-08-22 19:44:33,347 - Model-rank0 - INFO - Training loss component dice: 0.241331
2026-08-22 19:44:33,347 - Model-rank0 - INFO - Training loss component hard_margin: 0.958026
2026-08-22 19:44:33,347 - Model-rank0 - INFO - Training loss component hard_weight: 0.100000
2026-08-22 19:44:33,347 - Model-rank0 - INFO - ---- EPOCH 043 EVALUATION ----
2026-08-22 19:49:47,133 - Model-rank0 - INFO - Eval mean loss: 0.782309
2026-08-22 19:49:47,133 - Model-rank0 - INFO - Eval avg class IoU of prediction: 0.330380
2026-08-22 19:49:47,133 - Model-rank0 - INFO - Eval pixel precision: 0.765608
2026-08-22 19:49:47,133 - Model-rank0 - INFO - Eval pixel recall: 0.367557
2026-08-22 19:49:47,133 - Model-rank0 - INFO - Eval pixel F1: 0.496671
2026-08-22 19:49:47,133 - Model-rank0 - INFO - Early stopping eval_f1=0.496671; best=0.508429 at epoch 37; bad_epochs=6/30.
2026-08-22 19:49:47,159 - Model-rank0 - INFO - Saved recoverable checkpoint at /home/devbox/project/model/sjy/CSIG2026/Deeppro_v2/DeepPro-main/log/sem_seg/2026-08-22/SatVideoIRSDT_v1__2026-08-22_08-27-32__F1OHEM-brtd3_raw_apmd_hybrid_rms_multiscale_contrast_scratch_seed47_E100/checkpoints/latest_model.pth
2026-08-22 19:49:47,159 - Model-rank0 - INFO - Best mIoU_mid: 0.340868
2026-08-22 19:49:47,260 - Model-rank0 - INFO - CUDA memory after evaluation cleanup: allocated=0.017 GiB, reserved=0.447 GiB
2026-08-22 19:49:47,260 - Model-rank0 - INFO - **** Epoch 44/100 ****
2026-08-22 19:49:47,260 - Model-rank0 - INFO - Learning rate:0.000240
2026-08-22 19:59:47,174 - Model-rank0 - INFO - CUDA memory after training cleanup: allocated=0.017 GiB, reserved=0.449 GiB
2026-08-22 19:59:47,174 - Model-rank0 - INFO - Training mean loss: 0.350227
2026-08-22 19:59:47,174 - Model-rank0 - INFO - Training accuracy (IoU) of prediction: 0.561410
2026-08-22 19:59:47,174 - Model-rank0 - INFO - Training pixel precision: 0.817854
2026-08-22 19:59:47,174 - Model-rank0 - INFO - Training pixel recall: 0.641636
2026-08-22 19:59:47,174 - Model-rank0 - INFO - Training pixel F1: 0.719107
2026-08-22 19:59:47,174 - Model-rank0 - INFO - Training loss component tversky: 0.217512
2026-08-22 19:59:47,175 - Model-rank0 - INFO - Training loss component dice: 0.241085
2026-08-22 19:59:47,175 - Model-rank0 - INFO - Training loss component hard_margin: 0.965527
2026-08-22 19:59:47,175 - Model-rank0 - INFO - Training loss component hard_weight: 0.100000
2026-08-22 19:59:47,175 - Model-rank0 - INFO - ---- EPOCH 044 EVALUATION ----
2026-08-22 20:05:05,639 - Model-rank0 - INFO - Eval mean loss: 0.776492
2026-08-22 20:05:05,639 - Model-rank0 - INFO - Eval avg class IoU of prediction: 0.334436
2026-08-22 20:05:05,639 - Model-rank0 - INFO - Eval pixel precision: 0.741087
2026-08-22 20:05:05,639 - Model-rank0 - INFO - Eval pixel recall: 0.378682
2026-08-22 20:05:05,639 - Model-rank0 - INFO - Eval pixel F1: 0.501240
2026-08-22 20:05:05,639 - Model-rank0 - INFO - Early stopping eval_f1=0.501240; best=0.508429 at epoch 37; bad_epochs=7/30.
2026-08-22 20:05:05,672 - Model-rank0 - INFO - Saved recoverable checkpoint at /home/devbox/project/model/sjy/CSIG2026/Deeppro_v2/DeepPro-main/log/sem_seg/2026-08-22/SatVideoIRSDT_v1__2026-08-22_08-27-32__F1OHEM-brtd3_raw_apmd_hybrid_rms_multiscale_contrast_scratch_seed47_E100/checkpoints/latest_model.pth
2026-08-22 20:05:05,672 - Model-rank0 - INFO - Best mIoU_mid: 0.340868
2026-08-22 20:05:05,851 - Model-rank0 - INFO - CUDA memory after evaluation cleanup: allocated=0.017 GiB, reserved=0.447 GiB
2026-08-22 20:05:05,851 - Model-rank0 - INFO - **** Epoch 45/100 ****
2026-08-22 20:05:05,851 - Model-rank0 - INFO - Learning rate:0.000240
2026-08-22 20:15:36,239 - Model-rank0 - INFO - CUDA memory after training cleanup: allocated=0.017 GiB, reserved=0.449 GiB
2026-08-22 20:15:36,239 - Model-rank0 - INFO - Training mean loss: 0.340069
2026-08-22 20:15:36,239 - Model-rank0 - INFO - Training accuracy (IoU) of prediction: 0.582873
2026-08-22 20:15:36,239 - Model-rank0 - INFO - Training pixel precision: 0.817773
2026-08-22 20:15:36,239 - Model-rank0 - INFO - Training pixel recall: 0.669879
2026-08-22 20:15:36,240 - Model-rank0 - INFO - Training pixel F1: 0.736475
2026-08-22 20:15:36,240 - Model-rank0 - INFO - Training loss component tversky: 0.212359
2026-08-22 20:15:36,240 - Model-rank0 - INFO - Training loss component dice: 0.235217
2026-08-22 20:15:36,240 - Model-rank0 - INFO - Training loss component hard_margin: 0.924271
2026-08-22 20:15:36,240 - Model-rank0 - INFO - Training loss component hard_weight: 0.100000
2026-08-22 20:15:36,240 - Model-rank0 - INFO - ---- EPOCH 045 EVALUATION ----
2026-08-22 20:20:48,395 - Model-rank0 - INFO - Eval mean loss: 0.785200
2026-08-22 20:20:48,395 - Model-rank0 - INFO - Eval avg class IoU of prediction: 0.336018
2026-08-22 20:20:48,395 - Model-rank0 - INFO - Eval pixel precision: 0.740275
2026-08-22 20:20:48,395 - Model-rank0 - INFO - Eval pixel recall: 0.380926
2026-08-22 20:20:48,395 - Model-rank0 - INFO - Eval pixel F1: 0.503015
2026-08-22 20:20:48,395 - Model-rank0 - INFO - Early stopping eval_f1=0.503015; best=0.508429 at epoch 37; bad_epochs=8/30.
2026-08-22 20:20:48,428 - Model-rank0 - INFO - Saved recoverable checkpoint at /home/devbox/project/model/sjy/CSIG2026/Deeppro_v2/DeepPro-main/log/sem_seg/2026-08-22/SatVideoIRSDT_v1__2026-08-22_08-27-32__F1OHEM-brtd3_raw_apmd_hybrid_rms_multiscale_contrast_scratch_seed47_E100/checkpoints/latest_model.pth
2026-08-22 20:20:48,449 - Model-rank0 - INFO - Saved epoch checkpoint at /home/devbox/project/model/sjy/CSIG2026/Deeppro_v2/DeepPro-main/log/sem_seg/2026-08-22/SatVideoIRSDT_v1__2026-08-22_08-27-32__F1OHEM-brtd3_raw_apmd_hybrid_rms_multiscale_contrast_scratch_seed47_E100/checkpoints/epoch_45_model.pth
2026-08-22 20:20:48,449 - Model-rank0 - INFO - Best mIoU_mid: 0.340868
2026-08-22 20:20:48,631 - Model-rank0 - INFO - CUDA memory after evaluation cleanup: allocated=0.017 GiB, reserved=0.449 GiB
2026-08-22 20:20:48,631 - Model-rank0 - INFO - **** Epoch 46/100 ****
2026-08-22 20:20:48,632 - Model-rank0 - INFO - Learning rate:0.000240
2026-08-22 20:31:12,885 - Model-rank0 - INFO - CUDA memory after training cleanup: allocated=0.017 GiB, reserved=0.449 GiB
2026-08-22 20:31:12,885 - Model-rank0 - INFO - Training mean loss: 0.342058
2026-08-22 20:31:12,885 - Model-rank0 - INFO - Training accuracy (IoU) of prediction: 0.574213
2026-08-22 20:31:12,885 - Model-rank0 - INFO - Training pixel precision: 0.815979
2026-08-22 20:31:12,885 - Model-rank0 - INFO - Training pixel recall: 0.659634
2026-08-22 20:31:12,885 - Model-rank0 - INFO - Training pixel F1: 0.729524
2026-08-22 20:31:12,885 - Model-rank0 - INFO - Training loss component tversky: 0.213759
2026-08-22 20:31:12,885 - Model-rank0 - INFO - Training loss component dice: 0.237055
2026-08-22 20:31:12,885 - Model-rank0 - INFO - Training loss component hard_margin: 0.927410
2026-08-22 20:31:12,885 - Model-rank0 - INFO - Training loss component hard_weight: 0.100000
2026-08-22 20:31:12,885 - Model-rank0 - INFO - ---- EPOCH 046 EVALUATION ----
2026-08-22 20:36:29,327 - Model-rank0 - INFO - Eval mean loss: 0.780602
2026-08-22 20:36:29,327 - Model-rank0 - INFO - Eval avg class IoU of prediction: 0.333911
2026-08-22 20:36:29,328 - Model-rank0 - INFO - Eval pixel precision: 0.780038
2026-08-22 20:36:29,328 - Model-rank0 - INFO - Eval pixel recall: 0.368619
2026-08-22 20:36:29,328 - Model-rank0 - INFO - Eval pixel F1: 0.500649
2026-08-22 20:36:29,328 - Model-rank0 - INFO - Early stopping eval_f1=0.500649; best=0.508429 at epoch 37; bad_epochs=9/30.
2026-08-22 20:36:29,363 - Model-rank0 - INFO - Saved recoverable checkpoint at /home/devbox/project/model/sjy/CSIG2026/Deeppro_v2/DeepPro-main/log/sem_seg/2026-08-22/SatVideoIRSDT_v1__2026-08-22_08-27-32__F1OHEM-brtd3_raw_apmd_hybrid_rms_multiscale_contrast_scratch_seed47_E100/checkpoints/latest_model.pth
2026-08-22 20:36:29,363 - Model-rank0 - INFO - Best mIoU_mid: 0.340868
2026-08-22 20:36:29,531 - Model-rank0 - INFO - CUDA memory after evaluation cleanup: allocated=0.017 GiB, reserved=0.447 GiB
2026-08-22 20:36:29,531 - Model-rank0 - INFO - **** Epoch 47/100 ****
2026-08-22 20:36:29,531 - Model-rank0 - INFO - Learning rate:0.000240
2026-08-22 20:46:54,499 - Model-rank0 - INFO - CUDA memory after training cleanup: allocated=0.017 GiB, reserved=0.451 GiB
2026-08-22 20:46:54,499 - Model-rank0 - INFO - Training mean loss: 0.344024
2026-08-22 20:46:54,499 - Model-rank0 - INFO - Training accuracy (IoU) of prediction: 0.573666
2026-08-22 20:46:54,499 - Model-rank0 - INFO - Training pixel precision: 0.818743
2026-08-22 20:46:54,499 - Model-rank0 - INFO - Training pixel recall: 0.657121
2026-08-22 20:46:54,499 - Model-rank0 - INFO - Training pixel F1: 0.729083
2026-08-22 20:46:54,499 - Model-rank0 - INFO - Training loss component tversky: 0.214350
2026-08-22 20:46:54,499 - Model-rank0 - INFO - Training loss component dice: 0.237683
2026-08-22 20:46:54,499 - Model-rank0 - INFO - Training loss component hard_margin: 0.940224
2026-08-22 20:46:54,499 - Model-rank0 - INFO - Training loss component hard_weight: 0.100000
2026-08-22 20:46:54,499 - Model-rank0 - INFO - ---- EPOCH 047 EVALUATION ----
2026-08-22 20:52:13,283 - Model-rank0 - INFO - Eval mean loss: 0.786914
2026-08-22 20:52:13,283 - Model-rank0 - INFO - Eval avg class IoU of prediction: 0.336264
2026-08-22 20:52:13,283 - Model-rank0 - INFO - Eval pixel precision: 0.746165
2026-08-22 20:52:13,283 - Model-rank0 - INFO - Eval pixel recall: 0.379699
2026-08-22 20:52:13,283 - Model-rank0 - INFO - Eval pixel F1: 0.503290
2026-08-22 20:52:13,283 - Model-rank0 - INFO - Early stopping eval_f1=0.503290; best=0.508429 at epoch 37; bad_epochs=10/30.
2026-08-22 20:52:13,318 - Model-rank0 - INFO - Saved recoverable checkpoint at /home/devbox/project/model/sjy/CSIG2026/Deeppro_v2/DeepPro-main/log/sem_seg/2026-08-22/SatVideoIRSDT_v1__2026-08-22_08-27-32__F1OHEM-brtd3_raw_apmd_hybrid_rms_multiscale_contrast_scratch_seed47_E100/checkpoints/latest_model.pth
2026-08-22 20:52:13,318 - Model-rank0 - INFO - Best mIoU_mid: 0.340868
2026-08-22 20:52:13,466 - Model-rank0 - INFO - CUDA memory after evaluation cleanup: allocated=0.017 GiB, reserved=0.447 GiB
2026-08-22 20:52:13,467 - Model-rank0 - INFO - **** Epoch 48/100 ****
2026-08-22 20:52:13,467 - Model-rank0 - INFO - Learning rate:0.000240
2026-08-22 21:02:12,135 - Model-rank0 - INFO - CUDA memory after training cleanup: allocated=0.017 GiB, reserved=0.451 GiB
2026-08-22 21:02:12,135 - Model-rank0 - INFO - Training mean loss: 0.353375
2026-08-22 21:02:12,135 - Model-rank0 - INFO - Training accuracy (IoU) of prediction: 0.549537
2026-08-22 21:02:12,135 - Model-rank0 - INFO - Training pixel precision: 0.807572
2026-08-22 21:02:12,135 - Model-rank0 - INFO - Training pixel recall: 0.632338
2026-08-22 21:02:12,135 - Model-rank0 - INFO - Training pixel F1: 0.709292
2026-08-22 21:02:12,135 - Model-rank0 - INFO - Training loss component tversky: 0.219854
2026-08-22 21:02:12,135 - Model-rank0 - INFO - Training loss component dice: 0.243775
2026-08-22 21:02:12,135 - Model-rank0 - INFO - Training loss component hard_margin: 0.969555
2026-08-22 21:02:12,135 - Model-rank0 - INFO - Training loss component hard_weight: 0.100000
2026-08-22 21:02:12,135 - Model-rank0 - INFO - ---- EPOCH 048 EVALUATION ----
2026-08-22 21:07:34,728 - Model-rank0 - INFO - Eval mean loss: 0.770166
2026-08-22 21:07:34,728 - Model-rank0 - INFO - Eval avg class IoU of prediction: 0.336897
2026-08-22 21:07:34,728 - Model-rank0 - INFO - Eval pixel precision: 0.742002
2026-08-22 21:07:34,728 - Model-rank0 - INFO - Eval pixel recall: 0.381597
2026-08-22 21:07:34,728 - Model-rank0 - INFO - Eval pixel F1: 0.503998
2026-08-22 21:07:34,728 - Model-rank0 - INFO - Early stopping eval_f1=0.503998; best=0.508429 at epoch 37; bad_epochs=11/30.
2026-08-22 21:07:34,757 - Model-rank0 - INFO - Saved recoverable checkpoint at /home/devbox/project/model/sjy/CSIG2026/Deeppro_v2/DeepPro-main/log/sem_seg/2026-08-22/SatVideoIRSDT_v1__2026-08-22_08-27-32__F1OHEM-brtd3_raw_apmd_hybrid_rms_multiscale_contrast_scratch_seed47_E100/checkpoints/latest_model.pth
2026-08-22 21:07:34,757 - Model-rank0 - INFO - Best mIoU_mid: 0.340868
2026-08-22 21:07:34,872 - Model-rank0 - INFO - CUDA memory after evaluation cleanup: allocated=0.017 GiB, reserved=0.449 GiB
2026-08-22 21:07:34,872 - Model-rank0 - INFO - **** Epoch 49/100 ****
2026-08-22 21:07:34,872 - Model-rank0 - INFO - Learning rate:0.000240
2026-08-22 21:17:43,455 - Model-rank0 - INFO - CUDA memory after training cleanup: allocated=0.017 GiB, reserved=0.451 GiB
2026-08-22 21:17:43,455 - Model-rank0 - INFO - Training mean loss: 0.345055
2026-08-22 21:17:43,455 - Model-rank0 - INFO - Training accuracy (IoU) of prediction: 0.572986
2026-08-22 21:17:43,456 - Model-rank0 - INFO - Training pixel precision: 0.812459
2026-08-22 21:17:43,456 - Model-rank0 - INFO - Training pixel recall: 0.660323
2026-08-22 21:17:43,456 - Model-rank0 - INFO - Training pixel F1: 0.728533
2026-08-22 21:17:43,456 - Model-rank0 - INFO - Training loss component tversky: 0.216316
2026-08-22 21:17:43,456 - Model-rank0 - INFO - Training loss component dice: 0.239487
2026-08-22 21:17:43,456 - Model-rank0 - INFO - Training loss component hard_margin: 0.928162
2026-08-22 21:17:43,456 - Model-rank0 - INFO - Training loss component hard_weight: 0.100000
2026-08-22 21:17:43,456 - Model-rank0 - INFO - ---- EPOCH 049 EVALUATION ----
2026-08-22 21:23:04,570 - Model-rank0 - INFO - Eval mean loss: 0.779936
2026-08-22 21:23:04,571 - Model-rank0 - INFO - Eval avg class IoU of prediction: 0.334094
2026-08-22 21:23:04,571 - Model-rank0 - INFO - Eval pixel precision: 0.764761
2026-08-22 21:23:04,571 - Model-rank0 - INFO - Eval pixel recall: 0.372360
2026-08-22 21:23:04,571 - Model-rank0 - INFO - Eval pixel F1: 0.500855
2026-08-22 21:23:04,571 - Model-rank0 - INFO - Early stopping eval_f1=0.500855; best=0.508429 at epoch 37; bad_epochs=12/30.
2026-08-22 21:23:04,605 - Model-rank0 - INFO - Saved recoverable checkpoint at /home/devbox/project/model/sjy/CSIG2026/Deeppro_v2/DeepPro-main/log/sem_seg/2026-08-22/SatVideoIRSDT_v1__2026-08-22_08-27-32__F1OHEM-brtd3_raw_apmd_hybrid_rms_multiscale_contrast_scratch_seed47_E100/checkpoints/latest_model.pth
2026-08-22 21:23:04,605 - Model-rank0 - INFO - Best mIoU_mid: 0.340868
2026-08-22 21:23:04,764 - Model-rank0 - INFO - CUDA memory after evaluation cleanup: allocated=0.017 GiB, reserved=0.447 GiB
2026-08-22 21:23:04,764 - Model-rank0 - INFO - **** Epoch 50/100 ****
2026-08-22 21:23:04,764 - Model-rank0 - INFO - Learning rate:0.000240
2026-08-22 21:33:34,099 - Model-rank0 - INFO - CUDA memory after training cleanup: allocated=0.017 GiB, reserved=0.449 GiB
2026-08-22 21:33:34,099 - Model-rank0 - INFO - Training mean loss: 0.345550
2026-08-22 21:33:34,099 - Model-rank0 - INFO - Training accuracy (IoU) of prediction: 0.570798
2026-08-22 21:33:34,099 - Model-rank0 - INFO - Training pixel precision: 0.810894
2026-08-22 21:33:34,099 - Model-rank0 - INFO - Training pixel recall: 0.658446
2026-08-22 21:33:34,099 - Model-rank0 - INFO - Training pixel F1: 0.726762
2026-08-22 21:33:34,099 - Model-rank0 - INFO - Training loss component tversky: 0.216944
2026-08-22 21:33:34,099 - Model-rank0 - INFO - Training loss component dice: 0.239534
2026-08-22 21:33:34,099 - Model-rank0 - INFO - Training loss component hard_margin: 0.926754
2026-08-22 21:33:34,099 - Model-rank0 - INFO - Training loss component hard_weight: 0.100000
2026-08-22 21:33:34,099 - Model-rank0 - INFO - ---- EPOCH 050 EVALUATION ----
2026-08-22 21:38:57,452 - Model-rank0 - INFO - Eval mean loss: 0.792836
2026-08-22 21:38:57,452 - Model-rank0 - INFO - Eval avg class IoU of prediction: 0.314420
2026-08-22 21:38:57,452 - Model-rank0 - INFO - Eval pixel precision: 0.715831
2026-08-22 21:38:57,452 - Model-rank0 - INFO - Eval pixel recall: 0.359262
2026-08-22 21:38:57,452 - Model-rank0 - INFO - Eval pixel F1: 0.478416
2026-08-22 21:38:57,452 - Model-rank0 - INFO - Early stopping eval_f1=0.478416; best=0.508429 at epoch 37; bad_epochs=13/30.
2026-08-22 21:38:57,483 - Model-rank0 - INFO - Saved recoverable checkpoint at /home/devbox/project/model/sjy/CSIG2026/Deeppro_v2/DeepPro-main/log/sem_seg/2026-08-22/SatVideoIRSDT_v1__2026-08-22_08-27-32__F1OHEM-brtd3_raw_apmd_hybrid_rms_multiscale_contrast_scratch_seed47_E100/checkpoints/latest_model.pth
2026-08-22 21:38:57,503 - Model-rank0 - INFO - Saved epoch checkpoint at /home/devbox/project/model/sjy/CSIG2026/Deeppro_v2/DeepPro-main/log/sem_seg/2026-08-22/SatVideoIRSDT_v1__2026-08-22_08-27-32__F1OHEM-brtd3_raw_apmd_hybrid_rms_multiscale_contrast_scratch_seed47_E100/checkpoints/epoch_50_model.pth
2026-08-22 21:38:57,504 - Model-rank0 - INFO - Best mIoU_mid: 0.340868
2026-08-22 21:38:57,637 - Model-rank0 - INFO - CUDA memory after evaluation cleanup: allocated=0.017 GiB, reserved=0.447 GiB
2026-08-22 21:38:57,637 - Model-rank0 - INFO - **** Epoch 51/100 ****
2026-08-22 21:38:57,637 - Model-rank0 - INFO - Learning rate:0.000168
2026-08-22 21:48:50,502 - Model-rank0 - INFO - CUDA memory after training cleanup: allocated=0.017 GiB, reserved=0.449 GiB
2026-08-22 21:48:50,503 - Model-rank0 - INFO - Training mean loss: 0.335010
2026-08-22 21:48:50,503 - Model-rank0 - INFO - Training accuracy (IoU) of prediction: 0.582858
2026-08-22 21:48:50,503 - Model-rank0 - INFO - Training pixel precision: 0.818072
2026-08-22 21:48:50,503 - Model-rank0 - INFO - Training pixel recall: 0.669659
2026-08-22 21:48:50,503 - Model-rank0 - INFO - Training pixel F1: 0.736463
2026-08-22 21:48:50,503 - Model-rank0 - INFO - Training loss component tversky: 0.210493
2026-08-22 21:48:50,503 - Model-rank0 - INFO - Training loss component dice: 0.232955
2026-08-22 21:48:50,503 - Model-rank0 - INFO - Training loss component hard_margin: 0.895736
2026-08-22 21:48:50,503 - Model-rank0 - INFO - Training loss component hard_weight: 0.100000
2026-08-22 21:48:50,503 - Model-rank0 - INFO - ---- EPOCH 051 EVALUATION ----
2026-08-22 21:54:15,033 - Model-rank0 - INFO - Eval mean loss: 0.776344
2026-08-22 21:54:15,033 - Model-rank0 - INFO - Eval avg class IoU of prediction: 0.332634
2026-08-22 21:54:15,033 - Model-rank0 - INFO - Eval pixel precision: 0.742955
2026-08-22 21:54:15,033 - Model-rank0 - INFO - Eval pixel recall: 0.375893
2026-08-22 21:54:15,033 - Model-rank0 - INFO - Eval pixel F1: 0.499213
2026-08-22 21:54:15,033 - Model-rank0 - INFO - Early stopping eval_f1=0.499213; best=0.508429 at epoch 37; bad_epochs=14/30.
2026-08-22 21:54:15,079 - Model-rank0 - INFO - Saved recoverable checkpoint at /home/devbox/project/model/sjy/CSIG2026/Deeppro_v2/DeepPro-main/log/sem_seg/2026-08-22/SatVideoIRSDT_v1__2026-08-22_08-27-32__F1OHEM-brtd3_raw_apmd_hybrid_rms_multiscale_contrast_scratch_seed47_E100/checkpoints/latest_model.pth
2026-08-22 21:54:15,079 - Model-rank0 - INFO - Best mIoU_mid: 0.340868
2026-08-22 21:54:15,323 - Model-rank0 - INFO - CUDA memory after evaluation cleanup: allocated=0.017 GiB, reserved=0.447 GiB
2026-08-22 21:54:15,323 - Model-rank0 - INFO - **** Epoch 52/100 ****
2026-08-22 21:54:15,323 - Model-rank0 - INFO - Learning rate:0.000168
2026-08-22 22:03:54,264 - Model-rank0 - INFO - CUDA memory after training cleanup: allocated=0.017 GiB, reserved=0.449 GiB
2026-08-22 22:03:54,265 - Model-rank0 - INFO - Training mean loss: 0.340279
2026-08-22 22:03:54,265 - Model-rank0 - INFO - Training accuracy (IoU) of prediction: 0.593565
2026-08-22 22:03:54,265 - Model-rank0 - INFO - Training pixel precision: 0.818266
2026-08-22 22:03:54,265 - Model-rank0 - INFO - Training pixel recall: 0.683696
2026-08-22 22:03:54,265 - Model-rank0 - INFO - Training pixel F1: 0.744953
2026-08-22 22:03:54,265 - Model-rank0 - INFO - Training loss component tversky: 0.212680
2026-08-22 22:03:54,265 - Model-rank0 - INFO - Training loss component dice: 0.235928
2026-08-22 22:03:54,265 - Model-rank0 - INFO - Training loss component hard_margin: 0.922095
2026-08-22 22:03:54,265 - Model-rank0 - INFO - Training loss component hard_weight: 0.100000
2026-08-22 22:03:54,265 - Model-rank0 - INFO - ---- EPOCH 052 EVALUATION ----
2026-08-22 22:09:16,813 - Model-rank0 - INFO - Eval mean loss: 0.788236
2026-08-22 22:09:16,813 - Model-rank0 - INFO - Eval avg class IoU of prediction: 0.331047
2026-08-22 22:09:16,813 - Model-rank0 - INFO - Eval pixel precision: 0.757914
2026-08-22 22:09:16,813 - Model-rank0 - INFO - Eval pixel recall: 0.370190
2026-08-22 22:09:16,813 - Model-rank0 - INFO - Eval pixel F1: 0.497423
2026-08-22 22:09:16,814 - Model-rank0 - INFO - Early stopping eval_f1=0.497423; best=0.508429 at epoch 37; bad_epochs=15/30.
2026-08-22 22:09:16,846 - Model-rank0 - INFO - Saved recoverable checkpoint at /home/devbox/project/model/sjy/CSIG2026/Deeppro_v2/DeepPro-main/log/sem_seg/2026-08-22/SatVideoIRSDT_v1__2026-08-22_08-27-32__F1OHEM-brtd3_raw_apmd_hybrid_rms_multiscale_contrast_scratch_seed47_E100/checkpoints/latest_model.pth
2026-08-22 22:09:16,847 - Model-rank0 - INFO - Best mIoU_mid: 0.340868
2026-08-22 22:09:17,003 - Model-rank0 - INFO - CUDA memory after evaluation cleanup: allocated=0.017 GiB, reserved=0.447 GiB
2026-08-22 22:09:17,003 - Model-rank0 - INFO - **** Epoch 53/100 ****
2026-08-22 22:09:17,004 - Model-rank0 - INFO - Learning rate:0.000168
2026-08-22 22:18:28,437 - Model-rank0 - INFO - CUDA memory after training cleanup: allocated=0.017 GiB, reserved=0.449 GiB
2026-08-22 22:18:28,438 - Model-rank0 - INFO - Training mean loss: 0.344915
2026-08-22 22:18:28,438 - Model-rank0 - INFO - Training accuracy (IoU) of prediction: 0.574926
2026-08-22 22:18:28,438 - Model-rank0 - INFO - Training pixel precision: 0.823382
2026-08-22 22:18:28,438 - Model-rank0 - INFO - Training pixel recall: 0.655802
2026-08-22 22:18:28,438 - Model-rank0 - INFO - Training pixel F1: 0.730099
2026-08-22 22:18:28,438 - Model-rank0 - INFO - Training loss component tversky: 0.214969
2026-08-22 22:18:28,438 - Model-rank0 - INFO - Training loss component dice: 0.238212
2026-08-22 22:18:28,438 - Model-rank0 - INFO - Training loss component hard_margin: 0.942142
2026-08-22 22:18:28,438 - Model-rank0 - INFO - Training loss component hard_weight: 0.100000
2026-08-22 22:18:28,438 - Model-rank0 - INFO - ---- EPOCH 053 EVALUATION ----
2026-08-22 22:23:56,641 - Model-rank0 - INFO - Eval mean loss: 0.769976
2026-08-22 22:23:56,641 - Model-rank0 - INFO - Eval avg class IoU of prediction: 0.336283
2026-08-22 22:23:56,641 - Model-rank0 - INFO - Eval pixel precision: 0.763681
2026-08-22 22:23:56,641 - Model-rank0 - INFO - Eval pixel recall: 0.375341
2026-08-22 22:23:56,641 - Model-rank0 - INFO - Eval pixel F1: 0.503311
2026-08-22 22:23:56,641 - Model-rank0 - INFO - Early stopping eval_f1=0.503311; best=0.508429 at epoch 37; bad_epochs=16/30.
2026-08-22 22:23:56,678 - Model-rank0 - INFO - Saved recoverable checkpoint at /home/devbox/project/model/sjy/CSIG2026/Deeppro_v2/DeepPro-main/log/sem_seg/2026-08-22/SatVideoIRSDT_v1__2026-08-22_08-27-32__F1OHEM-brtd3_raw_apmd_hybrid_rms_multiscale_contrast_scratch_seed47_E100/checkpoints/latest_model.pth
2026-08-22 22:23:56,679 - Model-rank0 - INFO - Best mIoU_mid: 0.340868
2026-08-22 22:23:56,909 - Model-rank0 - INFO - CUDA memory after evaluation cleanup: allocated=0.017 GiB, reserved=0.447 GiB
2026-08-22 22:23:56,909 - Model-rank0 - INFO - **** Epoch 54/100 ****
2026-08-22 22:23:56,909 - Model-rank0 - INFO - Learning rate:0.000168
2026-08-22 22:33:34,458 - Model-rank0 - INFO - CUDA memory after training cleanup: allocated=0.017 GiB, reserved=0.449 GiB
2026-08-22 22:33:34,458 - Model-rank0 - INFO - Training mean loss: 0.341426
2026-08-22 22:33:34,458 - Model-rank0 - INFO - Training accuracy (IoU) of prediction: 0.568824
2026-08-22 22:33:34,458 - Model-rank0 - INFO - Training pixel precision: 0.822354
2026-08-22 22:33:34,458 - Model-rank0 - INFO - Training pixel recall: 0.648512
2026-08-22 22:33:34,458 - Model-rank0 - INFO - Training pixel F1: 0.725160
2026-08-22 22:33:34,458 - Model-rank0 - INFO - Training loss component tversky: 0.211685
2026-08-22 22:33:34,459 - Model-rank0 - INFO - Training loss component dice: 0.235127
2026-08-22 22:33:34,459 - Model-rank0 - INFO - Training loss component hard_margin: 0.944721
2026-08-22 22:33:34,459 - Model-rank0 - INFO - Training loss component hard_weight: 0.100000
2026-08-22 22:33:34,459 - Model-rank0 - INFO - ---- EPOCH 054 EVALUATION ----
2026-08-22 22:39:03,001 - Model-rank0 - INFO - Eval mean loss: 0.774062
2026-08-22 22:39:03,001 - Model-rank0 - INFO - Eval avg class IoU of prediction: 0.335737
2026-08-22 22:39:03,002 - Model-rank0 - INFO - Eval pixel precision: 0.754613
2026-08-22 22:39:03,002 - Model-rank0 - INFO - Eval pixel recall: 0.376884
2026-08-22 22:39:03,002 - Model-rank0 - INFO - Eval pixel F1: 0.502700
2026-08-22 22:39:03,002 - Model-rank0 - INFO - Early stopping eval_f1=0.502700; best=0.508429 at epoch 37; bad_epochs=17/30.
2026-08-22 22:39:03,039 - Model-rank0 - INFO - Saved recoverable checkpoint at /home/devbox/project/model/sjy/CSIG2026/Deeppro_v2/DeepPro-main/log/sem_seg/2026-08-22/SatVideoIRSDT_v1__2026-08-22_08-27-32__F1OHEM-brtd3_raw_apmd_hybrid_rms_multiscale_contrast_scratch_seed47_E100/checkpoints/latest_model.pth
2026-08-22 22:39:03,040 - Model-rank0 - INFO - Best mIoU_mid: 0.340868
2026-08-22 22:39:03,386 - Model-rank0 - INFO - CUDA memory after evaluation cleanup: allocated=0.017 GiB, reserved=0.447 GiB
2026-08-22 22:39:03,387 - Model-rank0 - INFO - **** Epoch 55/100 ****
2026-08-22 22:39:03,387 - Model-rank0 - INFO - Learning rate:0.000168
2026-08-22 22:49:11,253 - Model-rank0 - INFO - CUDA memory after training cleanup: allocated=0.017 GiB, reserved=0.451 GiB
2026-08-22 22:49:11,253 - Model-rank0 - INFO - Training mean loss: 0.332496
2026-08-22 22:49:11,253 - Model-rank0 - INFO - Training accuracy (IoU) of prediction: 0.579718
2026-08-22 22:49:11,253 - Model-rank0 - INFO - Training pixel precision: 0.823909
2026-08-22 22:49:11,253 - Model-rank0 - INFO - Training pixel recall: 0.661704
2026-08-22 22:49:11,253 - Model-rank0 - INFO - Training pixel F1: 0.733952
2026-08-22 22:49:11,253 - Model-rank0 - INFO - Training loss component tversky: 0.207579
2026-08-22 22:49:11,253 - Model-rank0 - INFO - Training loss component dice: 0.230097
2026-08-22 22:49:11,253 - Model-rank0 - INFO - Training loss component hard_margin: 0.904022
2026-08-22 22:49:11,254 - Model-rank0 - INFO - Training loss component hard_weight: 0.100000
2026-08-22 22:49:11,254 - Model-rank0 - INFO - ---- EPOCH 055 EVALUATION ----
2026-08-22 22:54:22,425 - Model-rank0 - INFO - Eval mean loss: 0.777012
2026-08-22 22:54:22,426 - Model-rank0 - INFO - Eval avg class IoU of prediction: 0.337285
2026-08-22 22:54:22,426 - Model-rank0 - INFO - Eval pixel precision: 0.759494
2026-08-22 22:54:22,426 - Model-rank0 - INFO - Eval pixel recall: 0.377618
2026-08-22 22:54:22,426 - Model-rank0 - INFO - Eval pixel F1: 0.504433
2026-08-22 22:54:22,426 - Model-rank0 - INFO - Early stopping eval_f1=0.504433; best=0.508429 at epoch 37; bad_epochs=18/30.
2026-08-22 22:54:22,457 - Model-rank0 - INFO - Saved recoverable checkpoint at /home/devbox/project/model/sjy/CSIG2026/Deeppro_v2/DeepPro-main/log/sem_seg/2026-08-22/SatVideoIRSDT_v1__2026-08-22_08-27-32__F1OHEM-brtd3_raw_apmd_hybrid_rms_multiscale_contrast_scratch_seed47_E100/checkpoints/latest_model.pth
2026-08-22 22:54:22,481 - Model-rank0 - INFO - Saved epoch checkpoint at /home/devbox/project/model/sjy/CSIG2026/Deeppro_v2/DeepPro-main/log/sem_seg/2026-08-22/SatVideoIRSDT_v1__2026-08-22_08-27-32__F1OHEM-brtd3_raw_apmd_hybrid_rms_multiscale_contrast_scratch_seed47_E100/checkpoints/epoch_55_model.pth
2026-08-22 22:54:22,482 - Model-rank0 - INFO - Best mIoU_mid: 0.340868
2026-08-22 22:54:22,728 - Model-rank0 - INFO - CUDA memory after evaluation cleanup: allocated=0.017 GiB, reserved=0.447 GiB
2026-08-22 22:54:22,728 - Model-rank0 - INFO - **** Epoch 56/100 ****
2026-08-22 22:54:22,729 - Model-rank0 - INFO - Learning rate:0.000168
2026-08-22 23:03:52,418 - Model-rank0 - INFO - CUDA memory after training cleanup: allocated=0.017 GiB, reserved=0.449 GiB
2026-08-22 23:03:52,419 - Model-rank0 - INFO - Training mean loss: 0.332635
2026-08-22 23:03:52,419 - Model-rank0 - INFO - Training accuracy (IoU) of prediction: 0.590161
2026-08-22 23:03:52,419 - Model-rank0 - INFO - Training pixel precision: 0.820638
2026-08-22 23:03:52,419 - Model-rank0 - INFO - Training pixel recall: 0.677558
2026-08-22 23:03:52,419 - Model-rank0 - INFO - Training pixel F1: 0.742266
2026-08-22 23:03:52,419 - Model-rank0 - INFO - Training loss component tversky: 0.207243
2026-08-22 23:03:52,419 - Model-rank0 - INFO - Training loss component dice: 0.229653
2026-08-22 23:03:52,419 - Model-rank0 - INFO - Training loss component hard_margin: 0.909438
2026-08-22 23:03:52,419 - Model-rank0 - INFO - Training loss component hard_weight: 0.100000
2026-08-22 23:03:52,419 - Model-rank0 - INFO - ---- EPOCH 056 EVALUATION ----
2026-08-22 23:08:58,131 - Model-rank0 - INFO - Eval mean loss: 0.778912
2026-08-22 23:08:58,131 - Model-rank0 - INFO - Eval avg class IoU of prediction: 0.342368
2026-08-22 23:08:58,131 - Model-rank0 - INFO - Eval pixel precision: 0.784867
2026-08-22 23:08:58,131 - Model-rank0 - INFO - Eval pixel recall: 0.377825
2026-08-22 23:08:58,131 - Model-rank0 - INFO - Eval pixel F1: 0.510096
2026-08-22 23:08:58,131 - Model-rank0 - INFO - Early stopping eval_f1=0.510096; best=0.510096 at epoch 56; bad_epochs=0/30.
2026-08-22 23:08:58,160 - Model-rank0 - INFO - Saved recoverable checkpoint at /home/devbox/project/model/sjy/CSIG2026/Deeppro_v2/DeepPro-main/log/sem_seg/2026-08-22/SatVideoIRSDT_v1__2026-08-22_08-27-32__F1OHEM-brtd3_raw_apmd_hybrid_rms_multiscale_contrast_scratch_seed47_E100/checkpoints/latest_model.pth
2026-08-22 23:08:58,180 - Model-rank0 - INFO - Saved epoch checkpoint at /home/devbox/project/model/sjy/CSIG2026/Deeppro_v2/DeepPro-main/log/sem_seg/2026-08-22/SatVideoIRSDT_v1__2026-08-22_08-27-32__F1OHEM-brtd3_raw_apmd_hybrid_rms_multiscale_contrast_scratch_seed47_E100/checkpoints/epoch_56_model.pth
2026-08-22 23:08:58,200 - Model-rank0 - INFO - Saved best checkpoint at /home/devbox/project/model/sjy/CSIG2026/Deeppro_v2/DeepPro-main/log/sem_seg/2026-08-22/SatVideoIRSDT_v1__2026-08-22_08-27-32__F1OHEM-brtd3_raw_apmd_hybrid_rms_multiscale_contrast_scratch_seed47_E100/checkpoints/best_model.pth
2026-08-22 23:08:58,221 - Model-rank0 - INFO - Saved early-stopping best checkpoint at /home/devbox/project/model/sjy/CSIG2026/Deeppro_v2/DeepPro-main/log/sem_seg/2026-08-22/SatVideoIRSDT_v1__2026-08-22_08-27-32__F1OHEM-brtd3_raw_apmd_hybrid_rms_multiscale_contrast_scratch_seed47_E100/checkpoints/early_stopping_best_model.pth
2026-08-22 23:08:58,222 - Model-rank0 - INFO - Best mIoU_mid: 0.342368
2026-08-22 23:08:58,346 - Model-rank0 - INFO - CUDA memory after evaluation cleanup: allocated=0.017 GiB, reserved=0.447 GiB
2026-08-22 23:08:58,347 - Model-rank0 - INFO - **** Epoch 57/100 ****
2026-08-22 23:08:58,347 - Model-rank0 - INFO - Learning rate:0.000168
2026-08-22 23:18:43,407 - Model-rank0 - INFO - CUDA memory after training cleanup: allocated=0.017 GiB, reserved=0.449 GiB
2026-08-22 23:18:43,408 - Model-rank0 - INFO - Training mean loss: 0.336938
2026-08-22 23:18:43,408 - Model-rank0 - INFO - Training accuracy (IoU) of prediction: 0.571902
2026-08-22 23:18:43,408 - Model-rank0 - INFO - Training pixel precision: 0.824040
2026-08-22 23:18:43,408 - Model-rank0 - INFO - Training pixel recall: 0.651459
2026-08-22 23:18:43,408 - Model-rank0 - INFO - Training pixel F1: 0.727656
2026-08-22 23:18:43,408 - Model-rank0 - INFO - Training loss component tversky: 0.209533
2026-08-22 23:18:43,408 - Model-rank0 - INFO - Training loss component dice: 0.231680
2026-08-22 23:18:43,408 - Model-rank0 - INFO - Training loss component hard_margin: 0.926527
2026-08-22 23:18:43,408 - Model-rank0 - INFO - Training loss component hard_weight: 0.100000
2026-08-22 23:18:43,408 - Model-rank0 - INFO - ---- EPOCH 057 EVALUATION ----
2026-08-22 23:23:51,345 - Model-rank0 - INFO - Eval mean loss: 0.783530
2026-08-22 23:23:51,345 - Model-rank0 - INFO - Eval avg class IoU of prediction: 0.333857
2026-08-22 23:23:51,346 - Model-rank0 - INFO - Eval pixel precision: 0.749353
2026-08-22 23:23:51,346 - Model-rank0 - INFO - Eval pixel recall: 0.375825
2026-08-22 23:23:51,346 - Model-rank0 - INFO - Eval pixel F1: 0.500588
2026-08-22 23:23:51,346 - Model-rank0 - INFO - Early stopping eval_f1=0.500588; best=0.510096 at epoch 56; bad_epochs=1/30.
2026-08-22 23:23:51,377 - Model-rank0 - INFO - Saved recoverable checkpoint at /home/devbox/project/model/sjy/CSIG2026/Deeppro_v2/DeepPro-main/log/sem_seg/2026-08-22/SatVideoIRSDT_v1__2026-08-22_08-27-32__F1OHEM-brtd3_raw_apmd_hybrid_rms_multiscale_contrast_scratch_seed47_E100/checkpoints/latest_model.pth
2026-08-22 23:23:51,378 - Model-rank0 - INFO - Best mIoU_mid: 0.342368
2026-08-22 23:23:51,629 - Model-rank0 - INFO - CUDA memory after evaluation cleanup: allocated=0.017 GiB, reserved=0.447 GiB
2026-08-22 23:23:51,629 - Model-rank0 - INFO - **** Epoch 58/100 ****
2026-08-22 23:23:51,629 - Model-rank0 - INFO - Learning rate:0.000168
2026-08-22 23:33:26,600 - Model-rank0 - INFO - CUDA memory after training cleanup: allocated=0.017 GiB, reserved=0.451 GiB
2026-08-22 23:33:26,601 - Model-rank0 - INFO - Training mean loss: 0.346468
2026-08-22 23:33:26,601 - Model-rank0 - INFO - Training accuracy (IoU) of prediction: 0.571569
2026-08-22 23:33:26,601 - Model-rank0 - INFO - Training pixel precision: 0.825149
2026-08-22 23:33:26,601 - Model-rank0 - INFO - Training pixel recall: 0.650336
2026-08-22 23:33:26,601 - Model-rank0 - INFO - Training pixel F1: 0.727387
2026-08-22 23:33:26,601 - Model-rank0 - INFO - Training loss component tversky: 0.215755
2026-08-22 23:33:26,601 - Model-rank0 - INFO - Training loss component dice: 0.238846
2026-08-22 23:33:26,601 - Model-rank0 - INFO - Training loss component hard_margin: 0.948859
2026-08-22 23:33:26,601 - Model-rank0 - INFO - Training loss component hard_weight: 0.100000
2026-08-22 23:33:26,601 - Model-rank0 - INFO - ---- EPOCH 058 EVALUATION ----
2026-08-22 23:38:36,079 - Model-rank0 - INFO - Eval mean loss: 0.769972
2026-08-22 23:38:36,079 - Model-rank0 - INFO - Eval avg class IoU of prediction: 0.338903
2026-08-22 23:38:36,080 - Model-rank0 - INFO - Eval pixel precision: 0.744299
2026-08-22 23:38:36,080 - Model-rank0 - INFO - Eval pixel recall: 0.383561
2026-08-22 23:38:36,080 - Model-rank0 - INFO - Eval pixel F1: 0.506240
2026-08-22 23:38:36,080 - Model-rank0 - INFO - Early stopping eval_f1=0.506240; best=0.510096 at epoch 56; bad_epochs=2/30.
2026-08-22 23:38:36,110 - Model-rank0 - INFO - Saved recoverable checkpoint at /home/devbox/project/model/sjy/CSIG2026/Deeppro_v2/DeepPro-main/log/sem_seg/2026-08-22/SatVideoIRSDT_v1__2026-08-22_08-27-32__F1OHEM-brtd3_raw_apmd_hybrid_rms_multiscale_contrast_scratch_seed47_E100/checkpoints/latest_model.pth
2026-08-22 23:38:36,111 - Model-rank0 - INFO - Best mIoU_mid: 0.342368
2026-08-22 23:38:36,276 - Model-rank0 - INFO - CUDA memory after evaluation cleanup: allocated=0.017 GiB, reserved=0.449 GiB
2026-08-22 23:38:36,277 - Model-rank0 - INFO - **** Epoch 59/100 ****
2026-08-22 23:38:36,277 - Model-rank0 - INFO - Learning rate:0.000168
2026-08-22 23:48:29,994 - Model-rank0 - INFO - CUDA memory after training cleanup: allocated=0.017 GiB, reserved=0.449 GiB
2026-08-22 23:48:29,994 - Model-rank0 - INFO - Training mean loss: 0.331990
2026-08-22 23:48:29,994 - Model-rank0 - INFO - Training accuracy (IoU) of prediction: 0.581747
2026-08-22 23:48:29,994 - Model-rank0 - INFO - Training pixel precision: 0.823494
2026-08-22 23:48:29,994 - Model-rank0 - INFO - Training pixel recall: 0.664619
2026-08-22 23:48:29,994 - Model-rank0 - INFO - Training pixel F1: 0.735575
2026-08-22 23:48:29,994 - Model-rank0 - INFO - Training loss component tversky: 0.207250
2026-08-22 23:48:29,994 - Model-rank0 - INFO - Training loss component dice: 0.229416
2026-08-22 23:48:29,994 - Model-rank0 - INFO - Training loss component hard_margin: 0.903274
2026-08-22 23:48:29,994 - Model-rank0 - INFO - Training loss component hard_weight: 0.100000
2026-08-22 23:48:29,994 - Model-rank0 - INFO - ---- EPOCH 059 EVALUATION ----
2026-08-22 23:53:32,434 - Model-rank0 - INFO - Eval mean loss: 0.778291
2026-08-22 23:53:32,434 - Model-rank0 - INFO - Eval avg class IoU of prediction: 0.333312
2026-08-22 23:53:32,435 - Model-rank0 - INFO - Eval pixel precision: 0.749635
2026-08-22 23:53:32,435 - Model-rank0 - INFO - Eval pixel recall: 0.375065
2026-08-22 23:53:32,435 - Model-rank0 - INFO - Eval pixel F1: 0.499976
2026-08-22 23:53:32,435 - Model-rank0 - INFO - Early stopping eval_f1=0.499976; best=0.510096 at epoch 56; bad_epochs=3/30.
2026-08-22 23:53:32,463 - Model-rank0 - INFO - Saved recoverable checkpoint at /home/devbox/project/model/sjy/CSIG2026/Deeppro_v2/DeepPro-main/log/sem_seg/2026-08-22/SatVideoIRSDT_v1__2026-08-22_08-27-32__F1OHEM-brtd3_raw_apmd_hybrid_rms_multiscale_contrast_scratch_seed47_E100/checkpoints/latest_model.pth
2026-08-22 23:53:32,463 - Model-rank0 - INFO - Best mIoU_mid: 0.342368
2026-08-22 23:53:32,609 - Model-rank0 - INFO - CUDA memory after evaluation cleanup: allocated=0.017 GiB, reserved=0.449 GiB
2026-08-22 23:53:32,609 - Model-rank0 - INFO - **** Epoch 60/100 ****
2026-08-22 23:53:32,609 - Model-rank0 - INFO - Learning rate:0.000168
2026-08-23 00:04:13,922 - Model-rank0 - INFO - CUDA memory after training cleanup: allocated=0.017 GiB, reserved=0.451 GiB
2026-08-23 00:04:13,922 - Model-rank0 - INFO - Training mean loss: 0.342125
2026-08-23 00:04:13,922 - Model-rank0 - INFO - Training accuracy (IoU) of prediction: 0.583974
2026-08-23 00:04:13,922 - Model-rank0 - INFO - Training pixel precision: 0.823141
2026-08-23 00:04:13,922 - Model-rank0 - INFO - Training pixel recall: 0.667759
2026-08-23 00:04:13,922 - Model-rank0 - INFO - Training pixel F1: 0.737353
2026-08-23 00:04:13,922 - Model-rank0 - INFO - Training loss component tversky: 0.212151
2026-08-23 00:04:13,922 - Model-rank0 - INFO - Training loss component dice: 0.235804
2026-08-23 00:04:13,922 - Model-rank0 - INFO - Training loss component hard_margin: 0.946037
2026-08-23 00:04:13,923 - Model-rank0 - INFO - Training loss component hard_weight: 0.100000
2026-08-23 00:04:13,923 - Model-rank0 - INFO - ---- EPOCH 060 EVALUATION ----
2026-08-23 00:09:15,215 - Model-rank0 - INFO - Eval mean loss: 0.771967
2026-08-23 00:09:15,215 - Model-rank0 - INFO - Eval avg class IoU of prediction: 0.335246
2026-08-23 00:09:15,215 - Model-rank0 - INFO - Eval pixel precision: 0.771483
2026-08-23 00:09:15,215 - Model-rank0 - INFO - Eval pixel recall: 0.372206
2026-08-23 00:09:15,215 - Model-rank0 - INFO - Eval pixel F1: 0.502148
2026-08-23 00:09:15,215 - Model-rank0 - INFO - Early stopping eval_f1=0.502148; best=0.510096 at epoch 56; bad_epochs=4/30.
2026-08-23 00:09:15,239 - Model-rank0 - INFO - Saved recoverable checkpoint at /home/devbox/project/model/sjy/CSIG2026/Deeppro_v2/DeepPro-main/log/sem_seg/2026-08-22/SatVideoIRSDT_v1__2026-08-22_08-27-32__F1OHEM-brtd3_raw_apmd_hybrid_rms_multiscale_contrast_scratch_seed47_E100/checkpoints/latest_model.pth
2026-08-23 00:09:15,258 - Model-rank0 - INFO - Saved epoch checkpoint at /home/devbox/project/model/sjy/CSIG2026/Deeppro_v2/DeepPro-main/log/sem_seg/2026-08-22/SatVideoIRSDT_v1__2026-08-22_08-27-32__F1OHEM-brtd3_raw_apmd_hybrid_rms_multiscale_contrast_scratch_seed47_E100/checkpoints/epoch_60_model.pth
2026-08-23 00:09:15,259 - Model-rank0 - INFO - Best mIoU_mid: 0.342368
2026-08-23 00:09:15,381 - Model-rank0 - INFO - CUDA memory after evaluation cleanup: allocated=0.017 GiB, reserved=0.447 GiB
2026-08-23 00:09:15,381 - Model-rank0 - INFO - **** Epoch 61/100 ****
2026-08-23 00:09:15,381 - Model-rank0 - INFO - Learning rate:0.000118
2026-08-23 00:19:48,994 - Model-rank0 - INFO - CUDA memory after training cleanup: allocated=0.017 GiB, reserved=0.451 GiB
2026-08-23 00:19:48,994 - Model-rank0 - INFO - Training mean loss: 0.339483
2026-08-23 00:19:48,994 - Model-rank0 - INFO - Training accuracy (IoU) of prediction: 0.591881
2026-08-23 00:19:48,994 - Model-rank0 - INFO - Training pixel precision: 0.825323
2026-08-23 00:19:48,994 - Model-rank0 - INFO - Training pixel recall: 0.676643
2026-08-23 00:19:48,995 - Model-rank0 - INFO - Training pixel F1: 0.743624
2026-08-23 00:19:48,995 - Model-rank0 - INFO - Training loss component tversky: 0.212009
2026-08-23 00:19:48,995 - Model-rank0 - INFO - Training loss component dice: 0.234772
2026-08-23 00:19:48,995 - Model-rank0 - INFO - Training loss component hard_margin: 0.922586
2026-08-23 00:19:48,995 - Model-rank0 - INFO - Training loss component hard_weight: 0.100000
2026-08-23 00:19:48,995 - Model-rank0 - INFO - ---- EPOCH 061 EVALUATION ----
2026-08-23 00:24:58,218 - Model-rank0 - INFO - Eval mean loss: 0.783507
2026-08-23 00:24:58,219 - Model-rank0 - INFO - Eval avg class IoU of prediction: 0.337046
2026-08-23 00:24:58,219 - Model-rank0 - INFO - Eval pixel precision: 0.770921
2026-08-23 00:24:58,219 - Model-rank0 - INFO - Eval pixel recall: 0.374560
2026-08-23 00:24:58,219 - Model-rank0 - INFO - Eval pixel F1: 0.504166
2026-08-23 00:24:58,219 - Model-rank0 - INFO - Early stopping eval_f1=0.504166; best=0.510096 at epoch 56; bad_epochs=5/30.
2026-08-23 00:24:58,257 - Model-rank0 - INFO - Saved recoverable checkpoint at /home/devbox/project/model/sjy/CSIG2026/Deeppro_v2/DeepPro-main/log/sem_seg/2026-08-22/SatVideoIRSDT_v1__2026-08-22_08-27-32__F1OHEM-brtd3_raw_apmd_hybrid_rms_multiscale_contrast_scratch_seed47_E100/checkpoints/latest_model.pth
2026-08-23 00:24:58,257 - Model-rank0 - INFO - Best mIoU_mid: 0.342368
2026-08-23 00:24:58,405 - Model-rank0 - INFO - CUDA memory after evaluation cleanup: allocated=0.017 GiB, reserved=0.449 GiB
2026-08-23 00:24:58,405 - Model-rank0 - INFO - **** Epoch 62/100 ****
2026-08-23 00:24:58,406 - Model-rank0 - INFO - Learning rate:0.000118
2026-08-23 00:34:25,301 - Model-rank0 - INFO - CUDA memory after training cleanup: allocated=0.017 GiB, reserved=0.451 GiB
2026-08-23 00:34:25,301 - Model-rank0 - INFO - Training mean loss: 0.326426
2026-08-23 00:34:25,301 - Model-rank0 - INFO - Training accuracy (IoU) of prediction: 0.600841
2026-08-23 00:34:25,301 - Model-rank0 - INFO - Training pixel precision: 0.827733
2026-08-23 00:34:25,301 - Model-rank0 - INFO - Training pixel recall: 0.686711
2026-08-23 00:34:25,301 - Model-rank0 - INFO - Training pixel F1: 0.750656
2026-08-23 00:34:25,301 - Model-rank0 - INFO - Training loss component tversky: 0.205482
2026-08-23 00:34:25,301 - Model-rank0 - INFO - Training loss component dice: 0.227249
2026-08-23 00:34:25,301 - Model-rank0 - INFO - Training loss component hard_margin: 0.868567
2026-08-23 00:34:25,301 - Model-rank0 - INFO - Training loss component hard_weight: 0.100000
2026-08-23 00:34:25,301 - Model-rank0 - INFO - ---- EPOCH 062 EVALUATION ----
2026-08-23 00:39:23,889 - Model-rank0 - INFO - Eval mean loss: 0.772345
2026-08-23 00:39:23,889 - Model-rank0 - INFO - Eval avg class IoU of prediction: 0.337089
2026-08-23 00:39:23,889 - Model-rank0 - INFO - Eval pixel precision: 0.742202
2026-08-23 00:39:23,889 - Model-rank0 - INFO - Eval pixel recall: 0.381791
2026-08-23 00:39:23,889 - Model-rank0 - INFO - Eval pixel F1: 0.504213
2026-08-23 00:39:23,889 - Model-rank0 - INFO - Early stopping eval_f1=0.504213; best=0.510096 at epoch 56; bad_epochs=6/30.
2026-08-23 00:39:23,919 - Model-rank0 - INFO - Saved recoverable checkpoint at /home/devbox/project/model/sjy/CSIG2026/Deeppro_v2/DeepPro-main/log/sem_seg/2026-08-22/SatVideoIRSDT_v1__2026-08-22_08-27-32__F1OHEM-brtd3_raw_apmd_hybrid_rms_multiscale_contrast_scratch_seed47_E100/checkpoints/latest_model.pth
2026-08-23 00:39:23,919 - Model-rank0 - INFO - Best mIoU_mid: 0.342368
2026-08-23 00:39:24,062 - Model-rank0 - INFO - CUDA memory after evaluation cleanup: allocated=0.017 GiB, reserved=0.449 GiB
2026-08-23 00:39:24,063 - Model-rank0 - INFO - **** Epoch 63/100 ****
2026-08-23 00:39:24,063 - Model-rank0 - INFO - Learning rate:0.000118
2026-08-23 00:48:11,337 - Model-rank0 - INFO - CUDA memory after training cleanup: allocated=0.017 GiB, reserved=0.451 GiB
2026-08-23 00:48:11,337 - Model-rank0 - INFO - Training mean loss: 0.336507
2026-08-23 00:48:11,337 - Model-rank0 - INFO - Training accuracy (IoU) of prediction: 0.585733
2026-08-23 00:48:11,337 - Model-rank0 - INFO - Training pixel precision: 0.825637
2026-08-23 00:48:11,337 - Model-rank0 - INFO - Training pixel recall: 0.668415
2026-08-23 00:48:11,337 - Model-rank0 - INFO - Training pixel F1: 0.738754
2026-08-23 00:48:11,337 - Model-rank0 - INFO - Training loss component tversky: 0.209598
2026-08-23 00:48:11,337 - Model-rank0 - INFO - Training loss component dice: 0.232188
2026-08-23 00:48:11,337 - Model-rank0 - INFO - Training loss component hard_margin: 0.920804
2026-08-23 00:48:11,338 - Model-rank0 - INFO - Training loss component hard_weight: 0.100000
2026-08-23 00:48:11,338 - Model-rank0 - INFO - ---- EPOCH 063 EVALUATION ----
2026-08-23 00:53:08,104 - Model-rank0 - INFO - Eval mean loss: 0.785133
2026-08-23 00:53:08,104 - Model-rank0 - INFO - Eval avg class IoU of prediction: 0.332875
2026-08-23 00:53:08,104 - Model-rank0 - INFO - Eval pixel precision: 0.761436
2026-08-23 00:53:08,104 - Model-rank0 - INFO - Eval pixel recall: 0.371633
2026-08-23 00:53:08,105 - Model-rank0 - INFO - Eval pixel F1: 0.499484
2026-08-23 00:53:08,105 - Model-rank0 - INFO - Early stopping eval_f1=0.499484; best=0.510096 at epoch 56; bad_epochs=7/30.
2026-08-23 00:53:08,132 - Model-rank0 - INFO - Saved recoverable checkpoint at /home/devbox/project/model/sjy/CSIG2026/Deeppro_v2/DeepPro-main/log/sem_seg/2026-08-22/SatVideoIRSDT_v1__2026-08-22_08-27-32__F1OHEM-brtd3_raw_apmd_hybrid_rms_multiscale_contrast_scratch_seed47_E100/checkpoints/latest_model.pth
2026-08-23 00:53:08,132 - Model-rank0 - INFO - Best mIoU_mid: 0.342368
2026-08-23 00:53:08,316 - Model-rank0 - INFO - CUDA memory after evaluation cleanup: allocated=0.017 GiB, reserved=0.447 GiB
2026-08-23 00:53:08,316 - Model-rank0 - INFO - **** Epoch 64/100 ****
2026-08-23 00:53:08,316 - Model-rank0 - INFO - Learning rate:0.000118
2026-08-23 01:01:57,555 - Model-rank0 - INFO - CUDA memory after training cleanup: allocated=0.017 GiB, reserved=0.449 GiB
2026-08-23 01:01:57,555 - Model-rank0 - INFO - Training mean loss: 0.329389
2026-08-23 01:01:57,555 - Model-rank0 - INFO - Training accuracy (IoU) of prediction: 0.585381
2026-08-23 01:01:57,555 - Model-rank0 - INFO - Training pixel precision: 0.827558
2026-08-23 01:01:57,555 - Model-rank0 - INFO - Training pixel recall: 0.666705
2026-08-23 01:01:57,555 - Model-rank0 - INFO - Training pixel F1: 0.738474
2026-08-23 01:01:57,555 - Model-rank0 - INFO - Training loss component tversky: 0.206401
2026-08-23 01:01:57,555 - Model-rank0 - INFO - Training loss component dice: 0.227699
2026-08-23 01:01:57,555 - Model-rank0 - INFO - Training loss component hard_margin: 0.888330
2026-08-23 01:01:57,555 - Model-rank0 - INFO - Training loss component hard_weight: 0.100000
2026-08-23 01:01:57,555 - Model-rank0 - INFO - ---- EPOCH 064 EVALUATION ----
2026-08-23 01:06:55,352 - Model-rank0 - INFO - Eval mean loss: 0.774433
2026-08-23 01:06:55,353 - Model-rank0 - INFO - Eval avg class IoU of prediction: 0.346200
2026-08-23 01:06:55,353 - Model-rank0 - INFO - Eval pixel precision: 0.752692
2026-08-23 01:06:55,353 - Model-rank0 - INFO - Eval pixel recall: 0.390634
2026-08-23 01:06:55,353 - Model-rank0 - INFO - Eval pixel F1: 0.514336
2026-08-23 01:06:55,353 - Model-rank0 - INFO - Early stopping eval_f1=0.514336; best=0.514336 at epoch 64; bad_epochs=0/30.
2026-08-23 01:06:55,386 - Model-rank0 - INFO - Saved recoverable checkpoint at /home/devbox/project/model/sjy/CSIG2026/Deeppro_v2/DeepPro-main/log/sem_seg/2026-08-22/SatVideoIRSDT_v1__2026-08-22_08-27-32__F1OHEM-brtd3_raw_apmd_hybrid_rms_multiscale_contrast_scratch_seed47_E100/checkpoints/latest_model.pth
2026-08-23 01:06:55,409 - Model-rank0 - INFO - Saved epoch checkpoint at /home/devbox/project/model/sjy/CSIG2026/Deeppro_v2/DeepPro-main/log/sem_seg/2026-08-22/SatVideoIRSDT_v1__2026-08-22_08-27-32__F1OHEM-brtd3_raw_apmd_hybrid_rms_multiscale_contrast_scratch_seed47_E100/checkpoints/epoch_64_model.pth
2026-08-23 01:06:55,431 - Model-rank0 - INFO - Saved best checkpoint at /home/devbox/project/model/sjy/CSIG2026/Deeppro_v2/DeepPro-main/log/sem_seg/2026-08-22/SatVideoIRSDT_v1__2026-08-22_08-27-32__F1OHEM-brtd3_raw_apmd_hybrid_rms_multiscale_contrast_scratch_seed47_E100/checkpoints/best_model.pth
2026-08-23 01:06:55,454 - Model-rank0 - INFO - Saved early-stopping best checkpoint at /home/devbox/project/model/sjy/CSIG2026/Deeppro_v2/DeepPro-main/log/sem_seg/2026-08-22/SatVideoIRSDT_v1__2026-08-22_08-27-32__F1OHEM-brtd3_raw_apmd_hybrid_rms_multiscale_contrast_scratch_seed47_E100/checkpoints/early_stopping_best_model.pth
2026-08-23 01:06:55,454 - Model-rank0 - INFO - Best mIoU_mid: 0.346200
2026-08-23 01:06:55,626 - Model-rank0 - INFO - CUDA memory after evaluation cleanup: allocated=0.017 GiB, reserved=0.447 GiB
2026-08-23 01:06:55,626 - Model-rank0 - INFO - **** Epoch 65/100 ****
2026-08-23 01:06:55,626 - Model-rank0 - INFO - Learning rate:0.000118
2026-08-23 01:15:27,698 - Model-rank0 - INFO - CUDA memory after training cleanup: allocated=0.017 GiB, reserved=0.451 GiB
2026-08-23 01:15:27,699 - Model-rank0 - INFO - Training mean loss: 0.328872
2026-08-23 01:15:27,699 - Model-rank0 - INFO - Training accuracy (IoU) of prediction: 0.594939
2026-08-23 01:15:27,699 - Model-rank0 - INFO - Training pixel precision: 0.830589
2026-08-23 01:15:27,699 - Model-rank0 - INFO - Training pixel recall: 0.677104
2026-08-23 01:15:27,699 - Model-rank0 - INFO - Training pixel F1: 0.746034
2026-08-23 01:15:27,699 - Model-rank0 - INFO - Training loss component tversky: 0.205062
2026-08-23 01:15:27,699 - Model-rank0 - INFO - Training loss component dice: 0.227379
2026-08-23 01:15:27,699 - Model-rank0 - INFO - Training loss component hard_margin: 0.897031
2026-08-23 01:15:27,699 - Model-rank0 - INFO - Training loss component hard_weight: 0.100000
2026-08-23 01:15:27,699 - Model-rank0 - INFO - ---- EPOCH 065 EVALUATION ----
2026-08-23 01:20:28,330 - Model-rank0 - INFO - Eval mean loss: 0.778596
2026-08-23 01:20:28,330 - Model-rank0 - INFO - Eval avg class IoU of prediction: 0.337725
2026-08-23 01:20:28,330 - Model-rank0 - INFO - Eval pixel precision: 0.759552
2026-08-23 01:20:28,330 - Model-rank0 - INFO - Eval pixel recall: 0.378155
2026-08-23 01:20:28,330 - Model-rank0 - INFO - Eval pixel F1: 0.504925
2026-08-23 01:20:28,330 - Model-rank0 - INFO - Early stopping eval_f1=0.504925; best=0.514336 at epoch 64; bad_epochs=1/30.
2026-08-23 01:20:28,360 - Model-rank0 - INFO - Saved recoverable checkpoint at /home/devbox/project/model/sjy/CSIG2026/Deeppro_v2/DeepPro-main/log/sem_seg/2026-08-22/SatVideoIRSDT_v1__2026-08-22_08-27-32__F1OHEM-brtd3_raw_apmd_hybrid_rms_multiscale_contrast_scratch_seed47_E100/checkpoints/latest_model.pth
2026-08-23 01:20:28,379 - Model-rank0 - INFO - Saved epoch checkpoint at /home/devbox/project/model/sjy/CSIG2026/Deeppro_v2/DeepPro-main/log/sem_seg/2026-08-22/SatVideoIRSDT_v1__2026-08-22_08-27-32__F1OHEM-brtd3_raw_apmd_hybrid_rms_multiscale_contrast_scratch_seed47_E100/checkpoints/epoch_65_model.pth
2026-08-23 01:20:28,379 - Model-rank0 - INFO - Best mIoU_mid: 0.346200
2026-08-23 01:20:28,484 - Model-rank0 - INFO - CUDA memory after evaluation cleanup: allocated=0.017 GiB, reserved=0.447 GiB
2026-08-23 01:20:28,484 - Model-rank0 - INFO - **** Epoch 66/100 ****
2026-08-23 01:20:28,484 - Model-rank0 - INFO - Learning rate:0.000118
2026-08-23 01:29:14,968 - Model-rank0 - INFO - CUDA memory after training cleanup: allocated=0.017 GiB, reserved=0.449 GiB
2026-08-23 01:29:14,968 - Model-rank0 - INFO - Training mean loss: 0.330845
2026-08-23 01:29:14,968 - Model-rank0 - INFO - Training accuracy (IoU) of prediction: 0.595226
2026-08-23 01:29:14,968 - Model-rank0 - INFO - Training pixel precision: 0.826837
2026-08-23 01:29:14,968 - Model-rank0 - INFO - Training pixel recall: 0.679992
2026-08-23 01:29:14,968 - Model-rank0 - INFO - Training pixel F1: 0.746259
2026-08-23 01:29:14,968 - Model-rank0 - INFO - Training loss component tversky: 0.207360
2026-08-23 01:29:14,968 - Model-rank0 - INFO - Training loss component dice: 0.230019
2026-08-23 01:29:14,968 - Model-rank0 - INFO - Training loss component hard_margin: 0.889826
2026-08-23 01:29:14,968 - Model-rank0 - INFO - Training loss component hard_weight: 0.100000
2026-08-23 01:29:14,968 - Model-rank0 - INFO - ---- EPOCH 066 EVALUATION ----
2026-08-23 01:34:18,000 - Model-rank0 - INFO - Eval mean loss: 0.770046
2026-08-23 01:34:18,001 - Model-rank0 - INFO - Eval avg class IoU of prediction: 0.342730
2026-08-23 01:34:18,001 - Model-rank0 - INFO - Eval pixel precision: 0.767873
2026-08-23 01:34:18,001 - Model-rank0 - INFO - Eval pixel recall: 0.382344
2026-08-23 01:34:18,001 - Model-rank0 - INFO - Eval pixel F1: 0.510498
2026-08-23 01:34:18,001 - Model-rank0 - INFO - Early stopping eval_f1=0.510498; best=0.514336 at epoch 64; bad_epochs=2/30.
2026-08-23 01:34:18,037 - Model-rank0 - INFO - Saved recoverable checkpoint at /home/devbox/project/model/sjy/CSIG2026/Deeppro_v2/DeepPro-main/log/sem_seg/2026-08-22/SatVideoIRSDT_v1__2026-08-22_08-27-32__F1OHEM-brtd3_raw_apmd_hybrid_rms_multiscale_contrast_scratch_seed47_E100/checkpoints/latest_model.pth
2026-08-23 01:34:18,038 - Model-rank0 - INFO - Best mIoU_mid: 0.346200
2026-08-23 01:34:18,190 - Model-rank0 - INFO - CUDA memory after evaluation cleanup: allocated=0.017 GiB, reserved=0.447 GiB
2026-08-23 01:34:18,190 - Model-rank0 - INFO - **** Epoch 67/100 ****
2026-08-23 01:34:18,190 - Model-rank0 - INFO - Learning rate:0.000118
2026-08-23 01:43:01,089 - Model-rank0 - INFO - CUDA memory after training cleanup: allocated=0.017 GiB, reserved=0.449 GiB
2026-08-23 01:43:01,089 - Model-rank0 - INFO - Training mean loss: 0.325434
2026-08-23 01:43:01,090 - Model-rank0 - INFO - Training accuracy (IoU) of prediction: 0.606835
2026-08-23 01:43:01,090 - Model-rank0 - INFO - Training pixel precision: 0.832366
2026-08-23 01:43:01,090 - Model-rank0 - INFO - Training pixel recall: 0.691323
2026-08-23 01:43:01,090 - Model-rank0 - INFO - Training pixel F1: 0.755317
2026-08-23 01:43:01,090 - Model-rank0 - INFO - Training loss component tversky: 0.203203
2026-08-23 01:43:01,090 - Model-rank0 - INFO - Training loss component dice: 0.225113
2026-08-23 01:43:01,090 - Model-rank0 - INFO - Training loss component hard_margin: 0.884637
2026-08-23 01:43:01,090 - Model-rank0 - INFO - Training loss component hard_weight: 0.100000
2026-08-23 01:43:01,090 - Model-rank0 - INFO - ---- EPOCH 067 EVALUATION ----
2026-08-23 01:48:04,451 - Model-rank0 - INFO - Eval mean loss: 0.774202
2026-08-23 01:48:04,451 - Model-rank0 - INFO - Eval avg class IoU of prediction: 0.341929
2026-08-23 01:48:04,452 - Model-rank0 - INFO - Eval pixel precision: 0.747042
2026-08-23 01:48:04,452 - Model-rank0 - INFO - Eval pixel recall: 0.386702
2026-08-23 01:48:04,452 - Model-rank0 - INFO - Eval pixel F1: 0.509609
2026-08-23 01:48:04,452 - Model-rank0 - INFO - Early stopping eval_f1=0.509609; best=0.514336 at epoch 64; bad_epochs=3/30.
2026-08-23 01:48:04,487 - Model-rank0 - INFO - Saved recoverable checkpoint at /home/devbox/project/model/sjy/CSIG2026/Deeppro_v2/DeepPro-main/log/sem_seg/2026-08-22/SatVideoIRSDT_v1__2026-08-22_08-27-32__F1OHEM-brtd3_raw_apmd_hybrid_rms_multiscale_contrast_scratch_seed47_E100/checkpoints/latest_model.pth
2026-08-23 01:48:04,488 - Model-rank0 - INFO - Best mIoU_mid: 0.346200
2026-08-23 01:48:04,614 - Model-rank0 - INFO - CUDA memory after evaluation cleanup: allocated=0.017 GiB, reserved=0.447 GiB
2026-08-23 01:48:04,614 - Model-rank0 - INFO - **** Epoch 68/100 ****
2026-08-23 01:48:04,614 - Model-rank0 - INFO - Learning rate:0.000118
2026-08-23 01:56:38,258 - Model-rank0 - INFO - CUDA memory after training cleanup: allocated=0.017 GiB, reserved=0.451 GiB
2026-08-23 01:56:38,258 - Model-rank0 - INFO - Training mean loss: 0.333058
2026-08-23 01:56:38,258 - Model-rank0 - INFO - Training accuracy (IoU) of prediction: 0.606788
2026-08-23 01:56:38,258 - Model-rank0 - INFO - Training pixel precision: 0.830556
2026-08-23 01:56:38,258 - Model-rank0 - INFO - Training pixel recall: 0.692516
2026-08-23 01:56:38,258 - Model-rank0 - INFO - Training pixel F1: 0.755280
2026-08-23 01:56:38,258 - Model-rank0 - INFO - Training loss component tversky: 0.207570
2026-08-23 01:56:38,258 - Model-rank0 - INFO - Training loss component dice: 0.230295
2026-08-23 01:56:38,258 - Model-rank0 - INFO - Training loss component hard_margin: 0.909442
2026-08-23 01:56:38,258 - Model-rank0 - INFO - Training loss component hard_weight: 0.100000
2026-08-23 01:56:38,258 - Model-rank0 - INFO - ---- EPOCH 068 EVALUATION ----
2026-08-23 02:01:41,324 - Model-rank0 - INFO - Eval mean loss: 0.769719
2026-08-23 02:01:41,324 - Model-rank0 - INFO - Eval avg class IoU of prediction: 0.339258
2026-08-23 02:01:41,324 - Model-rank0 - INFO - Eval pixel precision: 0.768750
2026-08-23 02:01:41,324 - Model-rank0 - INFO - Eval pixel recall: 0.377815
2026-08-23 02:01:41,324 - Model-rank0 - INFO - Eval pixel F1: 0.506636
2026-08-23 02:01:41,324 - Model-rank0 - INFO - Early stopping eval_f1=0.506636; best=0.514336 at epoch 64; bad_epochs=4/30.
2026-08-23 02:01:41,355 - Model-rank0 - INFO - Saved recoverable checkpoint at /home/devbox/project/model/sjy/CSIG2026/Deeppro_v2/DeepPro-main/log/sem_seg/2026-08-22/SatVideoIRSDT_v1__2026-08-22_08-27-32__F1OHEM-brtd3_raw_apmd_hybrid_rms_multiscale_contrast_scratch_seed47_E100/checkpoints/latest_model.pth
2026-08-23 02:01:41,355 - Model-rank0 - INFO - Best mIoU_mid: 0.346200
2026-08-23 02:01:41,459 - Model-rank0 - INFO - CUDA memory after evaluation cleanup: allocated=0.017 GiB, reserved=0.447 GiB
2026-08-23 02:01:41,459 - Model-rank0 - INFO - **** Epoch 69/100 ****
2026-08-23 02:01:41,459 - Model-rank0 - INFO - Learning rate:0.000118
2026-08-23 02:10:14,361 - Model-rank0 - INFO - CUDA memory after training cleanup: allocated=0.017 GiB, reserved=0.451 GiB
2026-08-23 02:10:14,361 - Model-rank0 - INFO - Training mean loss: 0.319776
2026-08-23 02:10:14,361 - Model-rank0 - INFO - Training accuracy (IoU) of prediction: 0.605524
2026-08-23 02:10:14,361 - Model-rank0 - INFO - Training pixel precision: 0.835911
2026-08-23 02:10:14,361 - Model-rank0 - INFO - Training pixel recall: 0.687209
2026-08-23 02:10:14,362 - Model-rank0 - INFO - Training pixel F1: 0.754301
2026-08-23 02:10:14,362 - Model-rank0 - INFO - Training loss component tversky: 0.198291
2026-08-23 02:10:14,362 - Model-rank0 - INFO - Training loss component dice: 0.219772
2026-08-23 02:10:14,362 - Model-rank0 - INFO - Training loss component hard_margin: 0.885188
2026-08-23 02:10:14,362 - Model-rank0 - INFO - Training loss component hard_weight: 0.100000
2026-08-23 02:10:14,362 - Model-rank0 - INFO - ---- EPOCH 069 EVALUATION ----
2026-08-23 02:15:17,072 - Model-rank0 - INFO - Eval mean loss: 0.780365
2026-08-23 02:15:17,072 - Model-rank0 - INFO - Eval avg class IoU of prediction: 0.338383
2026-08-23 02:15:17,072 - Model-rank0 - INFO - Eval pixel precision: 0.755166
2026-08-23 02:15:17,072 - Model-rank0 - INFO - Eval pixel recall: 0.380081
2026-08-23 02:15:17,072 - Model-rank0 - INFO - Eval pixel F1: 0.505659
2026-08-23 02:15:17,072 - Model-rank0 - INFO - Early stopping eval_f1=0.505659; best=0.514336 at epoch 64; bad_epochs=5/30.
2026-08-23 02:15:17,105 - Model-rank0 - INFO - Saved recoverable checkpoint at /home/devbox/project/model/sjy/CSIG2026/Deeppro_v2/DeepPro-main/log/sem_seg/2026-08-22/SatVideoIRSDT_v1__2026-08-22_08-27-32__F1OHEM-brtd3_raw_apmd_hybrid_rms_multiscale_contrast_scratch_seed47_E100/checkpoints/latest_model.pth
2026-08-23 02:15:17,106 - Model-rank0 - INFO - Best mIoU_mid: 0.346200
2026-08-23 02:15:17,249 - Model-rank0 - INFO - CUDA memory after evaluation cleanup: allocated=0.017 GiB, reserved=0.447 GiB
2026-08-23 02:15:17,249 - Model-rank0 - INFO - **** Epoch 70/100 ****
2026-08-23 02:15:17,249 - Model-rank0 - INFO - Learning rate:0.000118
2026-08-23 02:23:39,606 - Model-rank0 - INFO - CUDA memory after training cleanup: allocated=0.017 GiB, reserved=0.453 GiB
2026-08-23 02:23:39,607 - Model-rank0 - INFO - Training mean loss: 0.330310
2026-08-23 02:23:39,607 - Model-rank0 - INFO - Training accuracy (IoU) of prediction: 0.595360
2026-08-23 02:23:39,607 - Model-rank0 - INFO - Training pixel precision: 0.833908
2026-08-23 02:23:39,607 - Model-rank0 - INFO - Training pixel recall: 0.675456
2026-08-23 02:23:39,607 - Model-rank0 - INFO - Training pixel F1: 0.746365
2026-08-23 02:23:39,607 - Model-rank0 - INFO - Training loss component tversky: 0.205847
2026-08-23 02:23:39,607 - Model-rank0 - INFO - Training loss component dice: 0.228939
2026-08-23 02:23:39,607 - Model-rank0 - INFO - Training loss component hard_margin: 0.901217
2026-08-23 02:23:39,607 - Model-rank0 - INFO - Training loss component hard_weight: 0.100000
2026-08-23 02:23:39,607 - Model-rank0 - INFO - ---- EPOCH 070 EVALUATION ----
2026-08-23 02:28:42,117 - Model-rank0 - INFO - Eval mean loss: 0.773033
2026-08-23 02:28:42,117 - Model-rank0 - INFO - Eval avg class IoU of prediction: 0.343150
2026-08-23 02:28:42,117 - Model-rank0 - INFO - Eval pixel precision: 0.768853
2026-08-23 02:28:42,117 - Model-rank0 - INFO - Eval pixel recall: 0.382623
2026-08-23 02:28:42,117 - Model-rank0 - INFO - Eval pixel F1: 0.510963
2026-08-23 02:28:42,117 - Model-rank0 - INFO - Early stopping eval_f1=0.510963; best=0.514336 at epoch 64; bad_epochs=6/30.
2026-08-23 02:28:42,147 - Model-rank0 - INFO - Saved recoverable checkpoint at /home/devbox/project/model/sjy/CSIG2026/Deeppro_v2/DeepPro-main/log/sem_seg/2026-08-22/SatVideoIRSDT_v1__2026-08-22_08-27-32__F1OHEM-brtd3_raw_apmd_hybrid_rms_multiscale_contrast_scratch_seed47_E100/checkpoints/latest_model.pth
2026-08-23 02:28:42,166 - Model-rank0 - INFO - Saved epoch checkpoint at /home/devbox/project/model/sjy/CSIG2026/Deeppro_v2/DeepPro-main/log/sem_seg/2026-08-22/SatVideoIRSDT_v1__2026-08-22_08-27-32__F1OHEM-brtd3_raw_apmd_hybrid_rms_multiscale_contrast_scratch_seed47_E100/checkpoints/epoch_70_model.pth
2026-08-23 02:28:42,166 - Model-rank0 - INFO - Best mIoU_mid: 0.346200
2026-08-23 02:28:42,295 - Model-rank0 - INFO - CUDA memory after evaluation cleanup: allocated=0.017 GiB, reserved=0.451 GiB
2026-08-23 02:28:42,296 - Model-rank0 - INFO - **** Epoch 71/100 ****
2026-08-23 02:28:42,296 - Model-rank0 - INFO - Learning rate:0.000082
2026-08-23 02:37:18,797 - Model-rank0 - INFO - CUDA memory after training cleanup: allocated=0.017 GiB, reserved=0.453 GiB
2026-08-23 02:37:18,797 - Model-rank0 - INFO - Training mean loss: 0.324556
2026-08-23 02:37:18,797 - Model-rank0 - INFO - Training accuracy (IoU) of prediction: 0.604835
2026-08-23 02:37:18,797 - Model-rank0 - INFO - Training pixel precision: 0.830885
2026-08-23 02:37:18,797 - Model-rank0 - INFO - Training pixel recall: 0.689747
2026-08-23 02:37:18,797 - Model-rank0 - INFO - Training pixel F1: 0.753766
2026-08-23 02:37:18,797 - Model-rank0 - INFO - Training loss component tversky: 0.203317
2026-08-23 02:37:18,797 - Model-rank0 - INFO - Training loss component dice: 0.225269
2026-08-23 02:37:18,797 - Model-rank0 - INFO - Training loss component hard_margin: 0.874484
2026-08-23 02:37:18,797 - Model-rank0 - INFO - Training loss component hard_weight: 0.100000
2026-08-23 02:37:18,797 - Model-rank0 - INFO - ---- EPOCH 071 EVALUATION ----
2026-08-23 02:42:22,141 - Model-rank0 - INFO - Eval mean loss: 0.780566
2026-08-23 02:42:22,141 - Model-rank0 - INFO - Eval avg class IoU of prediction: 0.329251
2026-08-23 02:42:22,141 - Model-rank0 - INFO - Eval pixel precision: 0.754372
2026-08-23 02:42:22,141 - Model-rank0 - INFO - Eval pixel recall: 0.368788
2026-08-23 02:42:22,141 - Model-rank0 - INFO - Eval pixel F1: 0.495394
2026-08-23 02:42:22,141 - Model-rank0 - INFO - Early stopping eval_f1=0.495394; best=0.514336 at epoch 64; bad_epochs=7/30.
2026-08-23 02:42:22,176 - Model-rank0 - INFO - Saved recoverable checkpoint at /home/devbox/project/model/sjy/CSIG2026/Deeppro_v2/DeepPro-main/log/sem_seg/2026-08-22/SatVideoIRSDT_v1__2026-08-22_08-27-32__F1OHEM-brtd3_raw_apmd_hybrid_rms_multiscale_contrast_scratch_seed47_E100/checkpoints/latest_model.pth
2026-08-23 02:42:22,176 - Model-rank0 - INFO - Best mIoU_mid: 0.346200
2026-08-23 02:42:22,318 - Model-rank0 - INFO - CUDA memory after evaluation cleanup: allocated=0.017 GiB, reserved=0.451 GiB
2026-08-23 02:42:22,318 - Model-rank0 - INFO - **** Epoch 72/100 ****
2026-08-23 02:42:22,318 - Model-rank0 - INFO - Learning rate:0.000082
2026-08-23 02:50:47,297 - Model-rank0 - INFO - CUDA memory after training cleanup: allocated=0.017 GiB, reserved=0.449 GiB
2026-08-23 02:50:47,297 - Model-rank0 - INFO - Training mean loss: 0.326821
2026-08-23 02:50:47,297 - Model-rank0 - INFO - Training accuracy (IoU) of prediction: 0.596668
2026-08-23 02:50:47,297 - Model-rank0 - INFO - Training pixel precision: 0.831259
2026-08-23 02:50:47,297 - Model-rank0 - INFO - Training pixel recall: 0.678896
2026-08-23 02:50:47,297 - Model-rank0 - INFO - Training pixel F1: 0.747391
2026-08-23 02:50:47,297 - Model-rank0 - INFO - Training loss component tversky: 0.204338
2026-08-23 02:50:47,297 - Model-rank0 - INFO - Training loss component dice: 0.225817
2026-08-23 02:50:47,297 - Model-rank0 - INFO - Training loss component hard_margin: 0.886104
2026-08-23 02:50:47,297 - Model-rank0 - INFO - Training loss component hard_weight: 0.100000
2026-08-23 02:50:47,297 - Model-rank0 - INFO - ---- EPOCH 072 EVALUATION ----
2026-08-23 02:55:49,966 - Model-rank0 - INFO - Eval mean loss: 0.774442
2026-08-23 02:55:49,966 - Model-rank0 - INFO - Eval avg class IoU of prediction: 0.348075
2026-08-23 02:55:49,966 - Model-rank0 - INFO - Eval pixel precision: 0.747702
2026-08-23 02:55:49,966 - Model-rank0 - INFO - Eval pixel recall: 0.394398
2026-08-23 02:55:49,966 - Model-rank0 - INFO - Eval pixel F1: 0.516403
2026-08-23 02:55:49,966 - Model-rank0 - INFO - Early stopping eval_f1=0.516403; best=0.516403 at epoch 72; bad_epochs=0/30.
2026-08-23 02:55:49,999 - Model-rank0 - INFO - Saved recoverable checkpoint at /home/devbox/project/model/sjy/CSIG2026/Deeppro_v2/DeepPro-main/log/sem_seg/2026-08-22/SatVideoIRSDT_v1__2026-08-22_08-27-32__F1OHEM-brtd3_raw_apmd_hybrid_rms_multiscale_contrast_scratch_seed47_E100/checkpoints/latest_model.pth
2026-08-23 02:55:50,020 - Model-rank0 - INFO - Saved epoch checkpoint at /home/devbox/project/model/sjy/CSIG2026/Deeppro_v2/DeepPro-main/log/sem_seg/2026-08-22/SatVideoIRSDT_v1__2026-08-22_08-27-32__F1OHEM-brtd3_raw_apmd_hybrid_rms_multiscale_contrast_scratch_seed47_E100/checkpoints/epoch_72_model.pth
2026-08-23 02:55:50,045 - Model-rank0 - INFO - Saved best checkpoint at /home/devbox/project/model/sjy/CSIG2026/Deeppro_v2/DeepPro-main/log/sem_seg/2026-08-22/SatVideoIRSDT_v1__2026-08-22_08-27-32__F1OHEM-brtd3_raw_apmd_hybrid_rms_multiscale_contrast_scratch_seed47_E100/checkpoints/best_model.pth
2026-08-23 02:55:50,070 - Model-rank0 - INFO - Saved early-stopping best checkpoint at /home/devbox/project/model/sjy/CSIG2026/Deeppro_v2/DeepPro-main/log/sem_seg/2026-08-22/SatVideoIRSDT_v1__2026-08-22_08-27-32__F1OHEM-brtd3_raw_apmd_hybrid_rms_multiscale_contrast_scratch_seed47_E100/checkpoints/early_stopping_best_model.pth
2026-08-23 02:55:50,070 - Model-rank0 - INFO - Best mIoU_mid: 0.348075
2026-08-23 02:55:50,237 - Model-rank0 - INFO - CUDA memory after evaluation cleanup: allocated=0.017 GiB, reserved=0.447 GiB
2026-08-23 02:55:50,238 - Model-rank0 - INFO - **** Epoch 73/100 ****
2026-08-23 02:55:50,238 - Model-rank0 - INFO - Learning rate:0.000082
2026-08-23 03:05:44,652 - Model-rank0 - INFO - CUDA memory after training cleanup: allocated=0.017 GiB, reserved=0.449 GiB
2026-08-23 03:05:44,652 - Model-rank0 - INFO - Training mean loss: 0.319531
2026-08-23 03:05:44,653 - Model-rank0 - INFO - Training accuracy (IoU) of prediction: 0.607135
2026-08-23 03:05:44,653 - Model-rank0 - INFO - Training pixel precision: 0.827572
2026-08-23 03:05:44,653 - Model-rank0 - INFO - Training pixel recall: 0.695059
2026-08-23 03:05:44,653 - Model-rank0 - INFO - Training pixel F1: 0.755549
2026-08-23 03:05:44,653 - Model-rank0 - INFO - Training loss component tversky: 0.200635
2026-08-23 03:05:44,653 - Model-rank0 - INFO - Training loss component dice: 0.222104
2026-08-23 03:05:44,653 - Model-rank0 - INFO - Training loss component hard_margin: 0.855797
2026-08-23 03:05:44,653 - Model-rank0 - INFO - Training loss component hard_weight: 0.100000
2026-08-23 03:05:44,653 - Model-rank0 - INFO - ---- EPOCH 073 EVALUATION ----
2026-08-23 03:10:48,647 - Model-rank0 - INFO - Eval mean loss: 0.777426
2026-08-23 03:10:48,647 - Model-rank0 - INFO - Eval avg class IoU of prediction: 0.336678
2026-08-23 03:10:48,648 - Model-rank0 - INFO - Eval pixel precision: 0.766769
2026-08-23 03:10:48,648 - Model-rank0 - INFO - Eval pixel recall: 0.375090
2026-08-23 03:10:48,648 - Model-rank0 - INFO - Eval pixel F1: 0.503753
2026-08-23 03:10:48,648 - Model-rank0 - INFO - Early stopping eval_f1=0.503753; best=0.516403 at epoch 72; bad_epochs=1/30.
2026-08-23 03:10:48,681 - Model-rank0 - INFO - Saved recoverable checkpoint at /home/devbox/project/model/sjy/CSIG2026/Deeppro_v2/DeepPro-main/log/sem_seg/2026-08-22/SatVideoIRSDT_v1__2026-08-22_08-27-32__F1OHEM-brtd3_raw_apmd_hybrid_rms_multiscale_contrast_scratch_seed47_E100/checkpoints/latest_model.pth
2026-08-23 03:10:48,681 - Model-rank0 - INFO - Best mIoU_mid: 0.348075
2026-08-23 03:10:48,815 - Model-rank0 - INFO - CUDA memory after evaluation cleanup: allocated=0.017 GiB, reserved=0.449 GiB
2026-08-23 03:10:48,815 - Model-rank0 - INFO - **** Epoch 74/100 ****
2026-08-23 03:10:48,815 - Model-rank0 - INFO - Learning rate:0.000082
2026-08-23 03:19:32,703 - Model-rank0 - INFO - CUDA memory after training cleanup: allocated=0.017 GiB, reserved=0.451 GiB
2026-08-23 03:19:32,704 - Model-rank0 - INFO - Training mean loss: 0.323791
2026-08-23 03:19:32,704 - Model-rank0 - INFO - Training accuracy (IoU) of prediction: 0.607933
2026-08-23 03:19:32,704 - Model-rank0 - INFO - Training pixel precision: 0.828224
2026-08-23 03:19:32,704 - Model-rank0 - INFO - Training pixel recall: 0.695644
2026-08-23 03:19:32,704 - Model-rank0 - INFO - Training pixel F1: 0.756167
2026-08-23 03:19:32,704 - Model-rank0 - INFO - Training loss component tversky: 0.201665
2026-08-23 03:19:32,704 - Model-rank0 - INFO - Training loss component dice: 0.224223
2026-08-23 03:19:32,704 - Model-rank0 - INFO - Training loss component hard_margin: 0.884930
2026-08-23 03:19:32,704 - Model-rank0 - INFO - Training loss component hard_weight: 0.100000
2026-08-23 03:19:32,704 - Model-rank0 - INFO - ---- EPOCH 074 EVALUATION ----
2026-08-23 03:24:40,244 - Model-rank0 - INFO - Eval mean loss: 0.777200
2026-08-23 03:24:40,244 - Model-rank0 - INFO - Eval avg class IoU of prediction: 0.339655
2026-08-23 03:24:40,244 - Model-rank0 - INFO - Eval pixel precision: 0.761748
2026-08-23 03:24:40,244 - Model-rank0 - INFO - Eval pixel recall: 0.380027
2026-08-23 03:24:40,244 - Model-rank0 - INFO - Eval pixel F1: 0.507079
2026-08-23 03:24:40,244 - Model-rank0 - INFO - Early stopping eval_f1=0.507079; best=0.516403 at epoch 72; bad_epochs=2/30.
2026-08-23 03:24:40,281 - Model-rank0 - INFO - Saved recoverable checkpoint at /home/devbox/project/model/sjy/CSIG2026/Deeppro_v2/DeepPro-main/log/sem_seg/2026-08-22/SatVideoIRSDT_v1__2026-08-22_08-27-32__F1OHEM-brtd3_raw_apmd_hybrid_rms_multiscale_contrast_scratch_seed47_E100/checkpoints/latest_model.pth
2026-08-23 03:24:40,281 - Model-rank0 - INFO - Best mIoU_mid: 0.348075
2026-08-23 03:24:40,425 - Model-rank0 - INFO - CUDA memory after evaluation cleanup: allocated=0.017 GiB, reserved=0.447 GiB
2026-08-23 03:24:40,425 - Model-rank0 - INFO - **** Epoch 75/100 ****
2026-08-23 03:24:40,425 - Model-rank0 - INFO - Learning rate:0.000082
2026-08-23 03:33:10,283 - Model-rank0 - INFO - CUDA memory after training cleanup: allocated=0.017 GiB, reserved=0.451 GiB
2026-08-23 03:33:10,283 - Model-rank0 - INFO - Training mean loss: 0.324743
2026-08-23 03:33:10,283 - Model-rank0 - INFO - Training accuracy (IoU) of prediction: 0.597647
2026-08-23 03:33:10,283 - Model-rank0 - INFO - Training pixel precision: 0.830447
2026-08-23 03:33:10,283 - Model-rank0 - INFO - Training pixel recall: 0.680708
2026-08-23 03:33:10,283 - Model-rank0 - INFO - Training pixel F1: 0.748159
2026-08-23 03:33:10,283 - Model-rank0 - INFO - Training loss component tversky: 0.202603
2026-08-23 03:33:10,283 - Model-rank0 - INFO - Training loss component dice: 0.224303
2026-08-23 03:33:10,283 - Model-rank0 - INFO - Training loss component hard_margin: 0.884952
2026-08-23 03:33:10,283 - Model-rank0 - INFO - Training loss component hard_weight: 0.100000
2026-08-23 03:33:10,283 - Model-rank0 - INFO - ---- EPOCH 075 EVALUATION ----
2026-08-23 03:38:10,690 - Model-rank0 - INFO - Eval mean loss: 0.766590
2026-08-23 03:38:10,690 - Model-rank0 - INFO - Eval avg class IoU of prediction: 0.346061
2026-08-23 03:38:10,690 - Model-rank0 - INFO - Eval pixel precision: 0.762887
2026-08-23 03:38:10,690 - Model-rank0 - INFO - Eval pixel recall: 0.387770
2026-08-23 03:38:10,690 - Model-rank0 - INFO - Eval pixel F1: 0.514184
2026-08-23 03:38:10,690 - Model-rank0 - INFO - Early stopping eval_f1=0.514184; best=0.516403 at epoch 72; bad_epochs=3/30.
2026-08-23 03:38:10,723 - Model-rank0 - INFO - Saved recoverable checkpoint at /home/devbox/project/model/sjy/CSIG2026/Deeppro_v2/DeepPro-main/log/sem_seg/2026-08-22/SatVideoIRSDT_v1__2026-08-22_08-27-32__F1OHEM-brtd3_raw_apmd_hybrid_rms_multiscale_contrast_scratch_seed47_E100/checkpoints/latest_model.pth
2026-08-23 03:38:10,744 - Model-rank0 - INFO - Saved epoch checkpoint at /home/devbox/project/model/sjy/CSIG2026/Deeppro_v2/DeepPro-main/log/sem_seg/2026-08-22/SatVideoIRSDT_v1__2026-08-22_08-27-32__F1OHEM-brtd3_raw_apmd_hybrid_rms_multiscale_contrast_scratch_seed47_E100/checkpoints/epoch_75_model.pth
2026-08-23 03:38:10,744 - Model-rank0 - INFO - Best mIoU_mid: 0.348075
2026-08-23 03:38:10,860 - Model-rank0 - INFO - CUDA memory after evaluation cleanup: allocated=0.017 GiB, reserved=0.447 GiB
2026-08-23 03:38:10,860 - Model-rank0 - INFO - **** Epoch 76/100 ****
2026-08-23 03:38:10,860 - Model-rank0 - INFO - Learning rate:0.000082
2026-08-23 03:46:21,885 - Model-rank0 - INFO - CUDA memory after training cleanup: allocated=0.017 GiB, reserved=0.451 GiB
2026-08-23 03:46:21,885 - Model-rank0 - INFO - Training mean loss: 0.320261
2026-08-23 03:46:21,885 - Model-rank0 - INFO - Training accuracy (IoU) of prediction: 0.620599
2026-08-23 03:46:21,885 - Model-rank0 - INFO - Training pixel precision: 0.837578
2026-08-23 03:46:21,885 - Model-rank0 - INFO - Training pixel recall: 0.705503
2026-08-23 03:46:21,885 - Model-rank0 - INFO - Training pixel F1: 0.765888
2026-08-23 03:46:21,885 - Model-rank0 - INFO - Training loss component tversky: 0.199915
2026-08-23 03:46:21,885 - Model-rank0 - INFO - Training loss component dice: 0.221955
2026-08-23 03:46:21,885 - Model-rank0 - INFO - Training loss component hard_margin: 0.870523
2026-08-23 03:46:21,885 - Model-rank0 - INFO - Training loss component hard_weight: 0.100000
2026-08-23 03:46:21,885 - Model-rank0 - INFO - ---- EPOCH 076 EVALUATION ----
2026-08-23 03:51:22,731 - Model-rank0 - INFO - Eval mean loss: 0.780281
2026-08-23 03:51:22,731 - Model-rank0 - INFO - Eval avg class IoU of prediction: 0.334335
2026-08-23 03:51:22,731 - Model-rank0 - INFO - Eval pixel precision: 0.749643
2026-08-23 03:51:22,731 - Model-rank0 - INFO - Eval pixel recall: 0.376358
2026-08-23 03:51:22,731 - Model-rank0 - INFO - Eval pixel F1: 0.501126
2026-08-23 03:51:22,731 - Model-rank0 - INFO - Early stopping eval_f1=0.501126; best=0.516403 at epoch 72; bad_epochs=4/30.
2026-08-23 03:51:22,765 - Model-rank0 - INFO - Saved recoverable checkpoint at /home/devbox/project/model/sjy/CSIG2026/Deeppro_v2/DeepPro-main/log/sem_seg/2026-08-22/SatVideoIRSDT_v1__2026-08-22_08-27-32__F1OHEM-brtd3_raw_apmd_hybrid_rms_multiscale_contrast_scratch_seed47_E100/checkpoints/latest_model.pth
2026-08-23 03:51:22,765 - Model-rank0 - INFO - Best mIoU_mid: 0.348075
2026-08-23 03:51:22,937 - Model-rank0 - INFO - CUDA memory after evaluation cleanup: allocated=0.017 GiB, reserved=0.447 GiB
2026-08-23 03:51:22,938 - Model-rank0 - INFO - **** Epoch 77/100 ****
2026-08-23 03:51:22,938 - Model-rank0 - INFO - Learning rate:0.000082
2026-08-23 03:59:51,980 - Model-rank0 - INFO - CUDA memory after training cleanup: allocated=0.017 GiB, reserved=0.451 GiB
2026-08-23 03:59:51,981 - Model-rank0 - INFO - Training mean loss: 0.322967
2026-08-23 03:59:51,981 - Model-rank0 - INFO - Training accuracy (IoU) of prediction: 0.596304
2026-08-23 03:59:51,981 - Model-rank0 - INFO - Training pixel precision: 0.832895
2026-08-23 03:59:51,981 - Model-rank0 - INFO - Training pixel recall: 0.677339
2026-08-23 03:59:51,981 - Model-rank0 - INFO - Training pixel F1: 0.747106
2026-08-23 03:59:51,981 - Model-rank0 - INFO - Training loss component tversky: 0.201895
2026-08-23 03:59:51,981 - Model-rank0 - INFO - Training loss component dice: 0.223335
2026-08-23 03:59:51,981 - Model-rank0 - INFO - Training loss component hard_margin: 0.875716
2026-08-23 03:59:51,981 - Model-rank0 - INFO - Training loss component hard_weight: 0.100000
2026-08-23 03:59:51,981 - Model-rank0 - INFO - ---- EPOCH 077 EVALUATION ----
2026-08-23 04:04:52,851 - Model-rank0 - INFO - Eval mean loss: 0.769661
2026-08-23 04:04:52,851 - Model-rank0 - INFO - Eval avg class IoU of prediction: 0.346510
2026-08-23 04:04:52,851 - Model-rank0 - INFO - Eval pixel precision: 0.756197
2026-08-23 04:04:52,851 - Model-rank0 - INFO - Eval pixel recall: 0.390090
2026-08-23 04:04:52,851 - Model-rank0 - INFO - Eval pixel F1: 0.514679
2026-08-23 04:04:52,852 - Model-rank0 - INFO - Early stopping eval_f1=0.514679; best=0.516403 at epoch 72; bad_epochs=5/30.
2026-08-23 04:04:52,884 - Model-rank0 - INFO - Saved recoverable checkpoint at /home/devbox/project/model/sjy/CSIG2026/Deeppro_v2/DeepPro-main/log/sem_seg/2026-08-22/SatVideoIRSDT_v1__2026-08-22_08-27-32__F1OHEM-brtd3_raw_apmd_hybrid_rms_multiscale_contrast_scratch_seed47_E100/checkpoints/latest_model.pth
2026-08-23 04:04:52,884 - Model-rank0 - INFO - Best mIoU_mid: 0.348075
2026-08-23 04:04:53,031 - Model-rank0 - INFO - CUDA memory after evaluation cleanup: allocated=0.017 GiB, reserved=0.449 GiB
2026-08-23 04:04:53,031 - Model-rank0 - INFO - **** Epoch 78/100 ****
2026-08-23 04:04:53,031 - Model-rank0 - INFO - Learning rate:0.000082
2026-08-23 04:13:31,544 - Model-rank0 - INFO - CUDA memory after training cleanup: allocated=0.017 GiB, reserved=0.451 GiB
2026-08-23 04:13:31,545 - Model-rank0 - INFO - Training mean loss: 0.323887
2026-08-23 04:13:31,545 - Model-rank0 - INFO - Training accuracy (IoU) of prediction: 0.594213
2026-08-23 04:13:31,545 - Model-rank0 - INFO - Training pixel precision: 0.829764
2026-08-23 04:13:31,545 - Model-rank0 - INFO - Training pixel recall: 0.676711
2026-08-23 04:13:31,545 - Model-rank0 - INFO - Training pixel F1: 0.745463
2026-08-23 04:13:31,545 - Model-rank0 - INFO - Training loss component tversky: 0.203923
2026-08-23 04:13:31,545 - Model-rank0 - INFO - Training loss component dice: 0.225387
2026-08-23 04:13:31,545 - Model-rank0 - INFO - Training loss component hard_margin: 0.861554
2026-08-23 04:13:31,545 - Model-rank0 - INFO - Training loss component hard_weight: 0.100000
2026-08-23 04:13:31,545 - Model-rank0 - INFO - ---- EPOCH 078 EVALUATION ----
2026-08-23 04:18:32,855 - Model-rank0 - INFO - Eval mean loss: 0.771074
2026-08-23 04:18:32,856 - Model-rank0 - INFO - Eval avg class IoU of prediction: 0.348654
2026-08-23 04:18:32,856 - Model-rank0 - INFO - Eval pixel precision: 0.741761
2026-08-23 04:18:32,856 - Model-rank0 - INFO - Eval pixel recall: 0.396821
2026-08-23 04:18:32,856 - Model-rank0 - INFO - Eval pixel F1: 0.517041
2026-08-23 04:18:32,856 - Model-rank0 - INFO - Early stopping eval_f1=0.517041; best=0.517041 at epoch 78; bad_epochs=0/30.
2026-08-23 04:18:32,889 - Model-rank0 - INFO - Saved recoverable checkpoint at /home/devbox/project/model/sjy/CSIG2026/Deeppro_v2/DeepPro-main/log/sem_seg/2026-08-22/SatVideoIRSDT_v1__2026-08-22_08-27-32__F1OHEM-brtd3_raw_apmd_hybrid_rms_multiscale_contrast_scratch_seed47_E100/checkpoints/latest_model.pth
2026-08-23 04:18:32,910 - Model-rank0 - INFO - Saved epoch checkpoint at /home/devbox/project/model/sjy/CSIG2026/Deeppro_v2/DeepPro-main/log/sem_seg/2026-08-22/SatVideoIRSDT_v1__2026-08-22_08-27-32__F1OHEM-brtd3_raw_apmd_hybrid_rms_multiscale_contrast_scratch_seed47_E100/checkpoints/epoch_78_model.pth
2026-08-23 04:18:32,931 - Model-rank0 - INFO - Saved best checkpoint at /home/devbox/project/model/sjy/CSIG2026/Deeppro_v2/DeepPro-main/log/sem_seg/2026-08-22/SatVideoIRSDT_v1__2026-08-22_08-27-32__F1OHEM-brtd3_raw_apmd_hybrid_rms_multiscale_contrast_scratch_seed47_E100/checkpoints/best_model.pth
2026-08-23 04:18:32,951 - Model-rank0 - INFO - Saved early-stopping best checkpoint at /home/devbox/project/model/sjy/CSIG2026/Deeppro_v2/DeepPro-main/log/sem_seg/2026-08-22/SatVideoIRSDT_v1__2026-08-22_08-27-32__F1OHEM-brtd3_raw_apmd_hybrid_rms_multiscale_contrast_scratch_seed47_E100/checkpoints/early_stopping_best_model.pth
2026-08-23 04:18:32,951 - Model-rank0 - INFO - Best mIoU_mid: 0.348654
2026-08-23 04:18:33,062 - Model-rank0 - INFO - CUDA memory after evaluation cleanup: allocated=0.017 GiB, reserved=0.447 GiB
2026-08-23 04:18:33,062 - Model-rank0 - INFO - **** Epoch 79/100 ****
2026-08-23 04:18:33,062 - Model-rank0 - INFO - Learning rate:0.000082
2026-08-23 04:27:01,102 - Model-rank0 - INFO - CUDA memory after training cleanup: allocated=0.017 GiB, reserved=0.449 GiB
2026-08-23 04:27:01,102 - Model-rank0 - INFO - Training mean loss: 0.313618
2026-08-23 04:27:01,102 - Model-rank0 - INFO - Training accuracy (IoU) of prediction: 0.597573
2026-08-23 04:27:01,102 - Model-rank0 - INFO - Training pixel precision: 0.830609
2026-08-23 04:27:01,102 - Model-rank0 - INFO - Training pixel recall: 0.680504
2026-08-23 04:27:01,102 - Model-rank0 - INFO - Training pixel F1: 0.748101
2026-08-23 04:27:01,102 - Model-rank0 - INFO - Training loss component tversky: 0.197243
2026-08-23 04:27:01,102 - Model-rank0 - INFO - Training loss component dice: 0.217932
2026-08-23 04:27:01,102 - Model-rank0 - INFO - Training loss component hard_margin: 0.836848
2026-08-23 04:27:01,102 - Model-rank0 - INFO - Training loss component hard_weight: 0.100000
2026-08-23 04:27:01,102 - Model-rank0 - INFO - ---- EPOCH 079 EVALUATION ----
2026-08-23 04:32:02,162 - Model-rank0 - INFO - Eval mean loss: 0.767785
2026-08-23 04:32:02,162 - Model-rank0 - INFO - Eval avg class IoU of prediction: 0.344439
2026-08-23 04:32:02,162 - Model-rank0 - INFO - Eval pixel precision: 0.752988
2026-08-23 04:32:02,162 - Model-rank0 - INFO - Eval pixel recall: 0.388315
2026-08-23 04:32:02,162 - Model-rank0 - INFO - Eval pixel F1: 0.512391
2026-08-23 04:32:02,162 - Model-rank0 - INFO - Early stopping eval_f1=0.512391; best=0.517041 at epoch 78; bad_epochs=1/30.
2026-08-23 04:32:02,193 - Model-rank0 - INFO - Saved recoverable checkpoint at /home/devbox/project/model/sjy/CSIG2026/Deeppro_v2/DeepPro-main/log/sem_seg/2026-08-22/SatVideoIRSDT_v1__2026-08-22_08-27-32__F1OHEM-brtd3_raw_apmd_hybrid_rms_multiscale_contrast_scratch_seed47_E100/checkpoints/latest_model.pth
2026-08-23 04:32:02,193 - Model-rank0 - INFO - Best mIoU_mid: 0.348654
2026-08-23 04:32:02,310 - Model-rank0 - INFO - CUDA memory after evaluation cleanup: allocated=0.017 GiB, reserved=0.447 GiB
2026-08-23 04:32:02,311 - Model-rank0 - INFO - **** Epoch 80/100 ****
2026-08-23 04:32:02,311 - Model-rank0 - INFO - Learning rate:0.000082
2026-08-23 04:40:09,496 - Model-rank0 - INFO - CUDA memory after training cleanup: allocated=0.017 GiB, reserved=0.449 GiB
2026-08-23 04:40:09,496 - Model-rank0 - INFO - Training mean loss: 0.317285
2026-08-23 04:40:09,496 - Model-rank0 - INFO - Training accuracy (IoU) of prediction: 0.623339
2026-08-23 04:40:09,496 - Model-rank0 - INFO - Training pixel precision: 0.832890
2026-08-23 04:40:09,496 - Model-rank0 - INFO - Training pixel recall: 0.712440
2026-08-23 04:40:09,497 - Model-rank0 - INFO - Training pixel F1: 0.767971
2026-08-23 04:40:09,497 - Model-rank0 - INFO - Training loss component tversky: 0.198798
2026-08-23 04:40:09,497 - Model-rank0 - INFO - Training loss component dice: 0.219959
2026-08-23 04:40:09,497 - Model-rank0 - INFO - Training loss component hard_margin: 0.854931
2026-08-23 04:40:09,497 - Model-rank0 - INFO - Training loss component hard_weight: 0.100000
2026-08-23 04:40:09,497 - Model-rank0 - INFO - ---- EPOCH 080 EVALUATION ----
2026-08-23 04:45:11,085 - Model-rank0 - INFO - Eval mean loss: 0.782631
2026-08-23 04:45:11,085 - Model-rank0 - INFO - Eval avg class IoU of prediction: 0.331474
2026-08-23 04:45:11,085 - Model-rank0 - INFO - Eval pixel precision: 0.763306
2026-08-23 04:45:11,085 - Model-rank0 - INFO - Eval pixel recall: 0.369449
2026-08-23 04:45:11,085 - Model-rank0 - INFO - Eval pixel F1: 0.497906
2026-08-23 04:45:11,085 - Model-rank0 - INFO - Early stopping eval_f1=0.497906; best=0.517041 at epoch 78; bad_epochs=2/30.
2026-08-23 04:45:11,113 - Model-rank0 - INFO - Saved recoverable checkpoint at /home/devbox/project/model/sjy/CSIG2026/Deeppro_v2/DeepPro-main/log/sem_seg/2026-08-22/SatVideoIRSDT_v1__2026-08-22_08-27-32__F1OHEM-brtd3_raw_apmd_hybrid_rms_multiscale_contrast_scratch_seed47_E100/checkpoints/latest_model.pth
2026-08-23 04:45:11,134 - Model-rank0 - INFO - Saved epoch checkpoint at /home/devbox/project/model/sjy/CSIG2026/Deeppro_v2/DeepPro-main/log/sem_seg/2026-08-22/SatVideoIRSDT_v1__2026-08-22_08-27-32__F1OHEM-brtd3_raw_apmd_hybrid_rms_multiscale_contrast_scratch_seed47_E100/checkpoints/epoch_80_model.pth
2026-08-23 04:45:11,134 - Model-rank0 - INFO - Best mIoU_mid: 0.348654
2026-08-23 04:45:11,239 - Model-rank0 - INFO - CUDA memory after evaluation cleanup: allocated=0.017 GiB, reserved=0.447 GiB
2026-08-23 04:45:11,239 - Model-rank0 - INFO - **** Epoch 81/100 ****
2026-08-23 04:45:11,239 - Model-rank0 - INFO - Learning rate:0.000058
2026-08-23 04:53:13,107 - Model-rank0 - INFO - CUDA memory after training cleanup: allocated=0.017 GiB, reserved=0.449 GiB
2026-08-23 04:53:13,108 - Model-rank0 - INFO - Training mean loss: 0.323219
2026-08-23 04:53:13,108 - Model-rank0 - INFO - Training accuracy (IoU) of prediction: 0.608921
2026-08-23 04:53:13,108 - Model-rank0 - INFO - Training pixel precision: 0.830143
2026-08-23 04:53:13,108 - Model-rank0 - INFO - Training pixel recall: 0.695586
2026-08-23 04:53:13,108 - Model-rank0 - INFO - Training pixel F1: 0.756931
2026-08-23 04:53:13,108 - Model-rank0 - INFO - Training loss component tversky: 0.202343
2026-08-23 04:53:13,108 - Model-rank0 - INFO - Training loss component dice: 0.224138
2026-08-23 04:53:13,108 - Model-rank0 - INFO - Training loss component hard_margin: 0.872555
2026-08-23 04:53:13,108 - Model-rank0 - INFO - Training loss component hard_weight: 0.100000
2026-08-23 04:53:13,108 - Model-rank0 - INFO - ---- EPOCH 081 EVALUATION ----
2026-08-23 04:58:15,416 - Model-rank0 - INFO - Eval mean loss: 0.773545
2026-08-23 04:58:15,416 - Model-rank0 - INFO - Eval avg class IoU of prediction: 0.338479
2026-08-23 04:58:15,416 - Model-rank0 - INFO - Eval pixel precision: 0.770102
2026-08-23 04:58:15,416 - Model-rank0 - INFO - Eval pixel recall: 0.376525
2026-08-23 04:58:15,416 - Model-rank0 - INFO - Eval pixel F1: 0.505766
2026-08-23 04:58:15,416 - Model-rank0 - INFO - Early stopping eval_f1=0.505766; best=0.517041 at epoch 78; bad_epochs=3/30.
2026-08-23 04:58:15,442 - Model-rank0 - INFO - Saved recoverable checkpoint at /home/devbox/project/model/sjy/CSIG2026/Deeppro_v2/DeepPro-main/log/sem_seg/2026-08-22/SatVideoIRSDT_v1__2026-08-22_08-27-32__F1OHEM-brtd3_raw_apmd_hybrid_rms_multiscale_contrast_scratch_seed47_E100/checkpoints/latest_model.pth
2026-08-23 04:58:15,442 - Model-rank0 - INFO - Best mIoU_mid: 0.348654
2026-08-23 04:58:15,565 - Model-rank0 - INFO - CUDA memory after evaluation cleanup: allocated=0.017 GiB, reserved=0.447 GiB
2026-08-23 04:58:15,565 - Model-rank0 - INFO - **** Epoch 82/100 ****
2026-08-23 04:58:15,565 - Model-rank0 - INFO - Learning rate:0.000058
2026-08-23 05:06:24,540 - Model-rank0 - INFO - CUDA memory after training cleanup: allocated=0.017 GiB, reserved=0.451 GiB
2026-08-23 05:06:24,540 - Model-rank0 - INFO - Training mean loss: 0.313383
2026-08-23 05:06:24,540 - Model-rank0 - INFO - Training accuracy (IoU) of prediction: 0.611540
2026-08-23 05:06:24,540 - Model-rank0 - INFO - Training pixel precision: 0.835518
2026-08-23 05:06:24,540 - Model-rank0 - INFO - Training pixel recall: 0.695240
2026-08-23 05:06:24,540 - Model-rank0 - INFO - Training pixel F1: 0.758951
2026-08-23 05:06:24,541 - Model-rank0 - INFO - Training loss component tversky: 0.196933
2026-08-23 05:06:24,541 - Model-rank0 - INFO - Training loss component dice: 0.218047
2026-08-23 05:06:24,541 - Model-rank0 - INFO - Training loss component hard_margin: 0.837431
2026-08-23 05:06:24,541 - Model-rank0 - INFO - Training loss component hard_weight: 0.100000
2026-08-23 05:06:24,541 - Model-rank0 - INFO - ---- EPOCH 082 EVALUATION ----
2026-08-23 05:11:25,709 - Model-rank0 - INFO - Eval mean loss: 0.771533
2026-08-23 05:11:25,710 - Model-rank0 - INFO - Eval avg class IoU of prediction: 0.345036
2026-08-23 05:11:25,710 - Model-rank0 - INFO - Eval pixel precision: 0.776217
2026-08-23 05:11:25,710 - Model-rank0 - INFO - Eval pixel recall: 0.383149
2026-08-23 05:11:25,710 - Model-rank0 - INFO - Eval pixel F1: 0.513051
2026-08-23 05:11:25,710 - Model-rank0 - INFO - Early stopping eval_f1=0.513051; best=0.517041 at epoch 78; bad_epochs=4/30.
2026-08-23 05:11:25,735 - Model-rank0 - INFO - Saved recoverable checkpoint at /home/devbox/project/model/sjy/CSIG2026/Deeppro_v2/DeepPro-main/log/sem_seg/2026-08-22/SatVideoIRSDT_v1__2026-08-22_08-27-32__F1OHEM-brtd3_raw_apmd_hybrid_rms_multiscale_contrast_scratch_seed47_E100/checkpoints/latest_model.pth
2026-08-23 05:11:25,735 - Model-rank0 - INFO - Best mIoU_mid: 0.348654
2026-08-23 05:11:25,847 - Model-rank0 - INFO - CUDA memory after evaluation cleanup: allocated=0.017 GiB, reserved=0.449 GiB
2026-08-23 05:11:25,847 - Model-rank0 - INFO - **** Epoch 83/100 ****
2026-08-23 05:11:25,847 - Model-rank0 - INFO - Learning rate:0.000058
2026-08-23 05:19:29,475 - Model-rank0 - INFO - CUDA memory after training cleanup: allocated=0.017 GiB, reserved=0.451 GiB
2026-08-23 05:19:29,475 - Model-rank0 - INFO - Training mean loss: 0.318126
2026-08-23 05:19:29,475 - Model-rank0 - INFO - Training accuracy (IoU) of prediction: 0.607498
2026-08-23 05:19:29,475 - Model-rank0 - INFO - Training pixel precision: 0.832999
2026-08-23 05:19:29,475 - Model-rank0 - INFO - Training pixel recall: 0.691747
2026-08-23 05:19:29,475 - Model-rank0 - INFO - Training pixel F1: 0.755830
2026-08-23 05:19:29,475 - Model-rank0 - INFO - Training loss component tversky: 0.199518
2026-08-23 05:19:29,476 - Model-rank0 - INFO - Training loss component dice: 0.220686
2026-08-23 05:19:29,476 - Model-rank0 - INFO - Training loss component hard_margin: 0.855053
2026-08-23 05:19:29,476 - Model-rank0 - INFO - Training loss component hard_weight: 0.100000
2026-08-23 05:19:29,476 - Model-rank0 - INFO - ---- EPOCH 083 EVALUATION ----
2026-08-23 05:24:31,342 - Model-rank0 - INFO - Eval mean loss: 0.769342
2026-08-23 05:24:31,343 - Model-rank0 - INFO - Eval avg class IoU of prediction: 0.346033
2026-08-23 05:24:31,343 - Model-rank0 - INFO - Eval pixel precision: 0.762314
2026-08-23 05:24:31,343 - Model-rank0 - INFO - Eval pixel recall: 0.387882
2026-08-23 05:24:31,343 - Model-rank0 - INFO - Eval pixel F1: 0.514152
2026-08-23 05:24:31,343 - Model-rank0 - INFO - Early stopping eval_f1=0.514152; best=0.517041 at epoch 78; bad_epochs=5/30.
2026-08-23 05:24:31,372 - Model-rank0 - INFO - Saved recoverable checkpoint at /home/devbox/project/model/sjy/CSIG2026/Deeppro_v2/DeepPro-main/log/sem_seg/2026-08-22/SatVideoIRSDT_v1__2026-08-22_08-27-32__F1OHEM-brtd3_raw_apmd_hybrid_rms_multiscale_contrast_scratch_seed47_E100/checkpoints/latest_model.pth
2026-08-23 05:24:31,372 - Model-rank0 - INFO - Best mIoU_mid: 0.348654
2026-08-23 05:24:31,542 - Model-rank0 - INFO - CUDA memory after evaluation cleanup: allocated=0.017 GiB, reserved=0.449 GiB
2026-08-23 05:24:31,542 - Model-rank0 - INFO - **** Epoch 84/100 ****
2026-08-23 05:24:31,542 - Model-rank0 - INFO - Learning rate:0.000058
2026-08-23 05:32:32,478 - Model-rank0 - INFO - CUDA memory after training cleanup: allocated=0.017 GiB, reserved=0.449 GiB
2026-08-23 05:32:32,478 - Model-rank0 - INFO - Training mean loss: 0.325068
2026-08-23 05:32:32,478 - Model-rank0 - INFO - Training accuracy (IoU) of prediction: 0.600390
2026-08-23 05:32:32,478 - Model-rank0 - INFO - Training pixel precision: 0.834215
2026-08-23 05:32:32,479 - Model-rank0 - INFO - Training pixel recall: 0.681732
2026-08-23 05:32:32,479 - Model-rank0 - INFO - Training pixel F1: 0.750305
2026-08-23 05:32:32,479 - Model-rank0 - INFO - Training loss component tversky: 0.202589
2026-08-23 05:32:32,479 - Model-rank0 - INFO - Training loss component dice: 0.224211
2026-08-23 05:32:32,479 - Model-rank0 - INFO - Training loss component hard_margin: 0.888471
2026-08-23 05:32:32,479 - Model-rank0 - INFO - Training loss component hard_weight: 0.100000
2026-08-23 05:32:32,479 - Model-rank0 - INFO - ---- EPOCH 084 EVALUATION ----
2026-08-23 05:37:35,454 - Model-rank0 - INFO - Eval mean loss: 0.775688
2026-08-23 05:37:35,455 - Model-rank0 - INFO - Eval avg class IoU of prediction: 0.341954
2026-08-23 05:37:35,455 - Model-rank0 - INFO - Eval pixel precision: 0.773943
2026-08-23 05:37:35,455 - Model-rank0 - INFO - Eval pixel recall: 0.379898
2026-08-23 05:37:35,455 - Model-rank0 - INFO - Eval pixel F1: 0.509636
2026-08-23 05:37:35,455 - Model-rank0 - INFO - Early stopping eval_f1=0.509636; best=0.517041 at epoch 78; bad_epochs=6/30.
2026-08-23 05:37:35,481 - Model-rank0 - INFO - Saved recoverable checkpoint at /home/devbox/project/model/sjy/CSIG2026/Deeppro_v2/DeepPro-main/log/sem_seg/2026-08-22/SatVideoIRSDT_v1__2026-08-22_08-27-32__F1OHEM-brtd3_raw_apmd_hybrid_rms_multiscale_contrast_scratch_seed47_E100/checkpoints/latest_model.pth
2026-08-23 05:37:35,481 - Model-rank0 - INFO - Best mIoU_mid: 0.348654
2026-08-23 05:37:35,613 - Model-rank0 - INFO - CUDA memory after evaluation cleanup: allocated=0.017 GiB, reserved=0.447 GiB
2026-08-23 05:37:35,613 - Model-rank0 - INFO - **** Epoch 85/100 ****
2026-08-23 05:37:35,613 - Model-rank0 - INFO - Learning rate:0.000058
2026-08-23 05:45:56,775 - Model-rank0 - INFO - CUDA memory after training cleanup: allocated=0.017 GiB, reserved=0.449 GiB
2026-08-23 05:45:56,775 - Model-rank0 - INFO - Training mean loss: 0.316199
2026-08-23 05:45:56,775 - Model-rank0 - INFO - Training accuracy (IoU) of prediction: 0.600894
2026-08-23 05:45:56,775 - Model-rank0 - INFO - Training pixel precision: 0.832117
2026-08-23 05:45:56,775 - Model-rank0 - INFO - Training pixel recall: 0.683791
2026-08-23 05:45:56,775 - Model-rank0 - INFO - Training pixel F1: 0.750698
2026-08-23 05:45:56,775 - Model-rank0 - INFO - Training loss component tversky: 0.198557
2026-08-23 05:45:56,775 - Model-rank0 - INFO - Training loss component dice: 0.219726
2026-08-23 05:45:56,775 - Model-rank0 - INFO - Training loss component hard_margin: 0.846828
2026-08-23 05:45:56,775 - Model-rank0 - INFO - Training loss component hard_weight: 0.100000
2026-08-23 05:45:56,775 - Model-rank0 - INFO - ---- EPOCH 085 EVALUATION ----
2026-08-23 05:50:59,062 - Model-rank0 - INFO - Eval mean loss: 0.778580
2026-08-23 05:50:59,062 - Model-rank0 - INFO - Eval avg class IoU of prediction: 0.335000
2026-08-23 05:50:59,062 - Model-rank0 - INFO - Eval pixel precision: 0.765931
2026-08-23 05:50:59,062 - Model-rank0 - INFO - Eval pixel recall: 0.373208
2026-08-23 05:50:59,062 - Model-rank0 - INFO - Eval pixel F1: 0.501873
2026-08-23 05:50:59,062 - Model-rank0 - INFO - Early stopping eval_f1=0.501873; best=0.517041 at epoch 78; bad_epochs=7/30.
2026-08-23 05:50:59,092 - Model-rank0 - INFO - Saved recoverable checkpoint at /home/devbox/project/model/sjy/CSIG2026/Deeppro_v2/DeepPro-main/log/sem_seg/2026-08-22/SatVideoIRSDT_v1__2026-08-22_08-27-32__F1OHEM-brtd3_raw_apmd_hybrid_rms_multiscale_contrast_scratch_seed47_E100/checkpoints/latest_model.pth
2026-08-23 05:50:59,115 - Model-rank0 - INFO - Saved epoch checkpoint at /home/devbox/project/model/sjy/CSIG2026/Deeppro_v2/DeepPro-main/log/sem_seg/2026-08-22/SatVideoIRSDT_v1__2026-08-22_08-27-32__F1OHEM-brtd3_raw_apmd_hybrid_rms_multiscale_contrast_scratch_seed47_E100/checkpoints/epoch_85_model.pth
2026-08-23 05:50:59,115 - Model-rank0 - INFO - Best mIoU_mid: 0.348654
2026-08-23 05:50:59,304 - Model-rank0 - INFO - CUDA memory after evaluation cleanup: allocated=0.017 GiB, reserved=0.447 GiB
2026-08-23 05:50:59,304 - Model-rank0 - INFO - **** Epoch 86/100 ****
2026-08-23 05:50:59,304 - Model-rank0 - INFO - Learning rate:0.000058
2026-08-23 05:58:41,958 - Model-rank0 - INFO - CUDA memory after training cleanup: allocated=0.017 GiB, reserved=0.451 GiB
2026-08-23 05:58:41,958 - Model-rank0 - INFO - Training mean loss: 0.325395
2026-08-23 05:58:41,958 - Model-rank0 - INFO - Training accuracy (IoU) of prediction: 0.605656
2026-08-23 05:58:41,958 - Model-rank0 - INFO - Training pixel precision: 0.838684
2026-08-23 05:58:41,958 - Model-rank0 - INFO - Training pixel recall: 0.685515
2026-08-23 05:58:41,958 - Model-rank0 - INFO - Training pixel F1: 0.754403
2026-08-23 05:58:41,958 - Model-rank0 - INFO - Training loss component tversky: 0.203416
2026-08-23 05:58:41,958 - Model-rank0 - INFO - Training loss component dice: 0.224856
2026-08-23 05:58:41,958 - Model-rank0 - INFO - Training loss component hard_margin: 0.882499
2026-08-23 05:58:41,958 - Model-rank0 - INFO - Training loss component hard_weight: 0.100000
2026-08-23 05:58:41,958 - Model-rank0 - INFO - ---- EPOCH 086 EVALUATION ----
2026-08-23 06:03:42,549 - Model-rank0 - INFO - Eval mean loss: 0.768489
2026-08-23 06:03:42,549 - Model-rank0 - INFO - Eval avg class IoU of prediction: 0.348943
2026-08-23 06:03:42,549 - Model-rank0 - INFO - Eval pixel precision: 0.756879
2026-08-23 06:03:42,549 - Model-rank0 - INFO - Eval pixel recall: 0.392991
2026-08-23 06:03:42,549 - Model-rank0 - INFO - Eval pixel F1: 0.517357
2026-08-23 06:03:42,549 - Model-rank0 - INFO - Early stopping eval_f1=0.517357; best=0.517357 at epoch 86; bad_epochs=0/30.
2026-08-23 06:03:42,577 - Model-rank0 - INFO - Saved recoverable checkpoint at /home/devbox/project/model/sjy/CSIG2026/Deeppro_v2/DeepPro-main/log/sem_seg/2026-08-22/SatVideoIRSDT_v1__2026-08-22_08-27-32__F1OHEM-brtd3_raw_apmd_hybrid_rms_multiscale_contrast_scratch_seed47_E100/checkpoints/latest_model.pth
2026-08-23 06:03:42,596 - Model-rank0 - INFO - Saved epoch checkpoint at /home/devbox/project/model/sjy/CSIG2026/Deeppro_v2/DeepPro-main/log/sem_seg/2026-08-22/SatVideoIRSDT_v1__2026-08-22_08-27-32__F1OHEM-brtd3_raw_apmd_hybrid_rms_multiscale_contrast_scratch_seed47_E100/checkpoints/epoch_86_model.pth
2026-08-23 06:03:42,615 - Model-rank0 - INFO - Saved best checkpoint at /home/devbox/project/model/sjy/CSIG2026/Deeppro_v2/DeepPro-main/log/sem_seg/2026-08-22/SatVideoIRSDT_v1__2026-08-22_08-27-32__F1OHEM-brtd3_raw_apmd_hybrid_rms_multiscale_contrast_scratch_seed47_E100/checkpoints/best_model.pth
2026-08-23 06:03:42,635 - Model-rank0 - INFO - Saved early-stopping best checkpoint at /home/devbox/project/model/sjy/CSIG2026/Deeppro_v2/DeepPro-main/log/sem_seg/2026-08-22/SatVideoIRSDT_v1__2026-08-22_08-27-32__F1OHEM-brtd3_raw_apmd_hybrid_rms_multiscale_contrast_scratch_seed47_E100/checkpoints/early_stopping_best_model.pth
2026-08-23 06:03:42,635 - Model-rank0 - INFO - Best mIoU_mid: 0.348943
2026-08-23 06:03:42,735 - Model-rank0 - INFO - CUDA memory after evaluation cleanup: allocated=0.017 GiB, reserved=0.447 GiB
2026-08-23 06:03:42,735 - Model-rank0 - INFO - **** Epoch 87/100 ****
2026-08-23 06:03:42,735 - Model-rank0 - INFO - Learning rate:0.000058
2026-08-23 06:11:19,390 - Model-rank0 - INFO - CUDA memory after training cleanup: allocated=0.017 GiB, reserved=0.451 GiB
2026-08-23 06:11:19,390 - Model-rank0 - INFO - Training mean loss: 0.322364
2026-08-23 06:11:19,390 - Model-rank0 - INFO - Training accuracy (IoU) of prediction: 0.615846
2026-08-23 06:11:19,390 - Model-rank0 - INFO - Training pixel precision: 0.840803
2026-08-23 06:11:19,390 - Model-rank0 - INFO - Training pixel recall: 0.697134
2026-08-23 06:11:19,390 - Model-rank0 - INFO - Training pixel F1: 0.762258
2026-08-23 06:11:19,390 - Model-rank0 - INFO - Training loss component tversky: 0.202341
2026-08-23 06:11:19,390 - Model-rank0 - INFO - Training loss component dice: 0.223942
2026-08-23 06:11:19,390 - Model-rank0 - INFO - Training loss component hard_margin: 0.864316
2026-08-23 06:11:19,390 - Model-rank0 - INFO - Training loss component hard_weight: 0.100000
2026-08-23 06:11:19,391 - Model-rank0 - INFO - ---- EPOCH 087 EVALUATION ----
2026-08-23 06:16:21,023 - Model-rank0 - INFO - Eval mean loss: 0.770245
2026-08-23 06:16:21,023 - Model-rank0 - INFO - Eval avg class IoU of prediction: 0.341529
2026-08-23 06:16:21,023 - Model-rank0 - INFO - Eval pixel precision: 0.742917
2026-08-23 06:16:21,023 - Model-rank0 - INFO - Eval pixel recall: 0.387302
2026-08-23 06:16:21,023 - Model-rank0 - INFO - Eval pixel F1: 0.509164
2026-08-23 06:16:21,023 - Model-rank0 - INFO - Early stopping eval_f1=0.509164; best=0.517357 at epoch 86; bad_epochs=1/30.
2026-08-23 06:16:21,057 - Model-rank0 - INFO - Saved recoverable checkpoint at /home/devbox/project/model/sjy/CSIG2026/Deeppro_v2/DeepPro-main/log/sem_seg/2026-08-22/SatVideoIRSDT_v1__2026-08-22_08-27-32__F1OHEM-brtd3_raw_apmd_hybrid_rms_multiscale_contrast_scratch_seed47_E100/checkpoints/latest_model.pth
2026-08-23 06:16:21,057 - Model-rank0 - INFO - Best mIoU_mid: 0.348943
2026-08-23 06:16:21,170 - Model-rank0 - INFO - CUDA memory after evaluation cleanup: allocated=0.017 GiB, reserved=0.447 GiB
2026-08-23 06:16:21,170 - Model-rank0 - INFO - **** Epoch 88/100 ****
2026-08-23 06:16:21,170 - Model-rank0 - INFO - Learning rate:0.000058
2026-08-23 06:24:16,644 - Model-rank0 - INFO - CUDA memory after training cleanup: allocated=0.017 GiB, reserved=0.451 GiB
2026-08-23 06:24:16,644 - Model-rank0 - INFO - Training mean loss: 0.324156
2026-08-23 06:24:16,644 - Model-rank0 - INFO - Training accuracy (IoU) of prediction: 0.596227
2026-08-23 06:24:16,644 - Model-rank0 - INFO - Training pixel precision: 0.831169
2026-08-23 06:24:16,644 - Model-rank0 - INFO - Training pixel recall: 0.678385
2026-08-23 06:24:16,644 - Model-rank0 - INFO - Training pixel F1: 0.747045
2026-08-23 06:24:16,644 - Model-rank0 - INFO - Training loss component tversky: 0.203119
2026-08-23 06:24:16,644 - Model-rank0 - INFO - Training loss component dice: 0.224884
2026-08-23 06:24:16,644 - Model-rank0 - INFO - Training loss component hard_margin: 0.873047
2026-08-23 06:24:16,644 - Model-rank0 - INFO - Training loss component hard_weight: 0.100000
2026-08-23 06:24:16,644 - Model-rank0 - INFO - ---- EPOCH 088 EVALUATION ----
2026-08-23 06:29:17,326 - Model-rank0 - INFO - Eval mean loss: 0.764368
2026-08-23 06:29:17,326 - Model-rank0 - INFO - Eval avg class IoU of prediction: 0.343537
2026-08-23 06:29:17,326 - Model-rank0 - INFO - Eval pixel precision: 0.750107
2026-08-23 06:29:17,327 - Model-rank0 - INFO - Eval pixel recall: 0.387935
2026-08-23 06:29:17,327 - Model-rank0 - INFO - Eval pixel F1: 0.511392
2026-08-23 06:29:17,327 - Model-rank0 - INFO - Early stopping eval_f1=0.511392; best=0.517357 at epoch 86; bad_epochs=2/30.
2026-08-23 06:29:17,360 - Model-rank0 - INFO - Saved recoverable checkpoint at /home/devbox/project/model/sjy/CSIG2026/Deeppro_v2/DeepPro-main/log/sem_seg/2026-08-22/SatVideoIRSDT_v1__2026-08-22_08-27-32__F1OHEM-brtd3_raw_apmd_hybrid_rms_multiscale_contrast_scratch_seed47_E100/checkpoints/latest_model.pth
2026-08-23 06:29:17,361 - Model-rank0 - INFO - Best mIoU_mid: 0.348943
2026-08-23 06:29:17,539 - Model-rank0 - INFO - CUDA memory after evaluation cleanup: allocated=0.017 GiB, reserved=0.447 GiB
2026-08-23 06:29:17,540 - Model-rank0 - INFO - **** Epoch 89/100 ****
2026-08-23 06:29:17,540 - Model-rank0 - INFO - Learning rate:0.000058
2026-08-23 06:37:21,232 - Model-rank0 - INFO - CUDA memory after training cleanup: allocated=0.017 GiB, reserved=0.451 GiB
2026-08-23 06:37:21,233 - Model-rank0 - INFO - Training mean loss: 0.322218
2026-08-23 06:37:21,233 - Model-rank0 - INFO - Training accuracy (IoU) of prediction: 0.612795
2026-08-23 06:37:21,233 - Model-rank0 - INFO - Training pixel precision: 0.834139
2026-08-23 06:37:21,233 - Model-rank0 - INFO - Training pixel recall: 0.697824
2026-08-23 06:37:21,233 - Model-rank0 - INFO - Training pixel F1: 0.759917
2026-08-23 06:37:21,233 - Model-rank0 - INFO - Training loss component tversky: 0.202501
2026-08-23 06:37:21,233 - Model-rank0 - INFO - Training loss component dice: 0.224062
2026-08-23 06:37:21,233 - Model-rank0 - INFO - Training loss component hard_margin: 0.861080
2026-08-23 06:37:21,233 - Model-rank0 - INFO - Training loss component hard_weight: 0.100000
2026-08-23 06:37:21,233 - Model-rank0 - INFO - ---- EPOCH 089 EVALUATION ----
2026-08-23 06:42:22,638 - Model-rank0 - INFO - Eval mean loss: 0.775059
2026-08-23 06:42:22,638 - Model-rank0 - INFO - Eval avg class IoU of prediction: 0.345088
2026-08-23 06:42:22,638 - Model-rank0 - INFO - Eval pixel precision: 0.772510
2026-08-23 06:42:22,638 - Model-rank0 - INFO - Eval pixel recall: 0.384123
2026-08-23 06:42:22,638 - Model-rank0 - INFO - Eval pixel F1: 0.513108
2026-08-23 06:42:22,638 - Model-rank0 - INFO - Early stopping eval_f1=0.513108; best=0.517357 at epoch 86; bad_epochs=3/30.
2026-08-23 06:42:22,669 - Model-rank0 - INFO - Saved recoverable checkpoint at /home/devbox/project/model/sjy/CSIG2026/Deeppro_v2/DeepPro-main/log/sem_seg/2026-08-22/SatVideoIRSDT_v1__2026-08-22_08-27-32__F1OHEM-brtd3_raw_apmd_hybrid_rms_multiscale_contrast_scratch_seed47_E100/checkpoints/latest_model.pth
2026-08-23 06:42:22,669 - Model-rank0 - INFO - Best mIoU_mid: 0.348943
2026-08-23 06:42:22,816 - Model-rank0 - INFO - CUDA memory after evaluation cleanup: allocated=0.017 GiB, reserved=0.447 GiB
2026-08-23 06:42:22,816 - Model-rank0 - INFO - **** Epoch 90/100 ****
2026-08-23 06:42:22,817 - Model-rank0 - INFO - Learning rate:0.000058
2026-08-23 06:50:23,694 - Model-rank0 - INFO - CUDA memory after training cleanup: allocated=0.017 GiB, reserved=0.449 GiB
2026-08-23 06:50:23,694 - Model-rank0 - INFO - Training mean loss: 0.320354
2026-08-23 06:50:23,694 - Model-rank0 - INFO - Training accuracy (IoU) of prediction: 0.615034
2026-08-23 06:50:23,694 - Model-rank0 - INFO - Training pixel precision: 0.836029
2026-08-23 06:50:23,694 - Model-rank0 - INFO - Training pixel recall: 0.699400
2026-08-23 06:50:23,694 - Model-rank0 - INFO - Training pixel F1: 0.761636
2026-08-23 06:50:23,694 - Model-rank0 - INFO - Training loss component tversky: 0.200018
2026-08-23 06:50:23,694 - Model-rank0 - INFO - Training loss component dice: 0.221614
2026-08-23 06:50:23,694 - Model-rank0 - INFO - Training loss component hard_margin: 0.870941
2026-08-23 06:50:23,695 - Model-rank0 - INFO - Training loss component hard_weight: 0.100000
2026-08-23 06:50:23,695 - Model-rank0 - INFO - ---- EPOCH 090 EVALUATION ----
2026-08-23 06:55:27,261 - Model-rank0 - INFO - Eval mean loss: 0.775540
2026-08-23 06:55:27,261 - Model-rank0 - INFO - Eval avg class IoU of prediction: 0.342381
2026-08-23 06:55:27,261 - Model-rank0 - INFO - Eval pixel precision: 0.756232
2026-08-23 06:55:27,261 - Model-rank0 - INFO - Eval pixel recall: 0.384855
2026-08-23 06:55:27,261 - Model-rank0 - INFO - Eval pixel F1: 0.510110
2026-08-23 06:55:27,261 - Model-rank0 - INFO - Early stopping eval_f1=0.510110; best=0.517357 at epoch 86; bad_epochs=4/30.
2026-08-23 06:55:27,286 - Model-rank0 - INFO - Saved recoverable checkpoint at /home/devbox/project/model/sjy/CSIG2026/Deeppro_v2/DeepPro-main/log/sem_seg/2026-08-22/SatVideoIRSDT_v1__2026-08-22_08-27-32__F1OHEM-brtd3_raw_apmd_hybrid_rms_multiscale_contrast_scratch_seed47_E100/checkpoints/latest_model.pth
2026-08-23 06:55:27,305 - Model-rank0 - INFO - Saved epoch checkpoint at /home/devbox/project/model/sjy/CSIG2026/Deeppro_v2/DeepPro-main/log/sem_seg/2026-08-22/SatVideoIRSDT_v1__2026-08-22_08-27-32__F1OHEM-brtd3_raw_apmd_hybrid_rms_multiscale_contrast_scratch_seed47_E100/checkpoints/epoch_90_model.pth
2026-08-23 06:55:27,306 - Model-rank0 - INFO - Best mIoU_mid: 0.348943
2026-08-23 06:55:27,447 - Model-rank0 - INFO - CUDA memory after evaluation cleanup: allocated=0.017 GiB, reserved=0.447 GiB
2026-08-23 06:55:27,447 - Model-rank0 - INFO - **** Epoch 91/100 ****
2026-08-23 06:55:27,447 - Model-rank0 - INFO - Learning rate:0.000040
2026-08-23 07:03:19,198 - Model-rank0 - INFO - CUDA memory after training cleanup: allocated=0.017 GiB, reserved=0.449 GiB
2026-08-23 07:03:19,198 - Model-rank0 - INFO - Training mean loss: 0.319141
2026-08-23 07:03:19,198 - Model-rank0 - INFO - Training accuracy (IoU) of prediction: 0.604114
2026-08-23 07:03:19,198 - Model-rank0 - INFO - Training pixel precision: 0.836126
2026-08-23 07:03:19,199 - Model-rank0 - INFO - Training pixel recall: 0.685248
2026-08-23 07:03:19,199 - Model-rank0 - INFO - Training pixel F1: 0.753205
2026-08-23 07:03:19,199 - Model-rank0 - INFO - Training loss component tversky: 0.198961
2026-08-23 07:03:19,199 - Model-rank0 - INFO - Training loss component dice: 0.220639
2026-08-23 07:03:19,199 - Model-rank0 - INFO - Training loss component hard_margin: 0.870836
2026-08-23 07:03:19,199 - Model-rank0 - INFO - Training loss component hard_weight: 0.100000
2026-08-23 07:03:19,199 - Model-rank0 - INFO - ---- EPOCH 091 EVALUATION ----
2026-08-23 07:08:21,117 - Model-rank0 - INFO - Eval mean loss: 0.776547
2026-08-23 07:08:21,118 - Model-rank0 - INFO - Eval avg class IoU of prediction: 0.338599
2026-08-23 07:08:21,118 - Model-rank0 - INFO - Eval pixel precision: 0.751691
2026-08-23 07:08:21,118 - Model-rank0 - INFO - Eval pixel recall: 0.381242
2026-08-23 07:08:21,118 - Model-rank0 - INFO - Eval pixel F1: 0.505901
2026-08-23 07:08:21,118 - Model-rank0 - INFO - Early stopping eval_f1=0.505901; best=0.517357 at epoch 86; bad_epochs=5/30.
2026-08-23 07:08:21,147 - Model-rank0 - INFO - Saved recoverable checkpoint at /home/devbox/project/model/sjy/CSIG2026/Deeppro_v2/DeepPro-main/log/sem_seg/2026-08-22/SatVideoIRSDT_v1__2026-08-22_08-27-32__F1OHEM-brtd3_raw_apmd_hybrid_rms_multiscale_contrast_scratch_seed47_E100/checkpoints/latest_model.pth
2026-08-23 07:08:21,147 - Model-rank0 - INFO - Best mIoU_mid: 0.348943
2026-08-23 07:08:21,266 - Model-rank0 - INFO - CUDA memory after evaluation cleanup: allocated=0.017 GiB, reserved=0.449 GiB
2026-08-23 07:08:21,266 - Model-rank0 - INFO - **** Epoch 92/100 ****
2026-08-23 07:08:21,267 - Model-rank0 - INFO - Learning rate:0.000040
2026-08-23 07:16:21,675 - Model-rank0 - INFO - CUDA memory after training cleanup: allocated=0.017 GiB, reserved=0.449 GiB
2026-08-23 07:16:21,675 - Model-rank0 - INFO - Training mean loss: 0.319475
2026-08-23 07:16:21,675 - Model-rank0 - INFO - Training accuracy (IoU) of prediction: 0.596102
2026-08-23 07:16:21,676 - Model-rank0 - INFO - Training pixel precision: 0.835506
2026-08-23 07:16:21,676 - Model-rank0 - INFO - Training pixel recall: 0.675362
2026-08-23 07:16:21,676 - Model-rank0 - INFO - Training pixel F1: 0.746947
2026-08-23 07:16:21,676 - Model-rank0 - INFO - Training loss component tversky: 0.201427
2026-08-23 07:16:21,676 - Model-rank0 - INFO - Training loss component dice: 0.222101
2026-08-23 07:16:21,676 - Model-rank0 - INFO - Training loss component hard_margin: 0.847326
2026-08-23 07:16:21,676 - Model-rank0 - INFO - Training loss component hard_weight: 0.100000
2026-08-23 07:16:21,676 - Model-rank0 - INFO - ---- EPOCH 092 EVALUATION ----
2026-08-23 07:21:24,783 - Model-rank0 - INFO - Eval mean loss: 0.780076
2026-08-23 07:21:24,783 - Model-rank0 - INFO - Eval avg class IoU of prediction: 0.340822
2026-08-23 07:21:24,783 - Model-rank0 - INFO - Eval pixel precision: 0.765849
2026-08-23 07:21:24,783 - Model-rank0 - INFO - Eval pixel recall: 0.380468
2026-08-23 07:21:24,783 - Model-rank0 - INFO - Eval pixel F1: 0.508378
2026-08-23 07:21:24,783 - Model-rank0 - INFO - Early stopping eval_f1=0.508378; best=0.517357 at epoch 86; bad_epochs=6/30.
2026-08-23 07:21:24,813 - Model-rank0 - INFO - Saved recoverable checkpoint at /home/devbox/project/model/sjy/CSIG2026/Deeppro_v2/DeepPro-main/log/sem_seg/2026-08-22/SatVideoIRSDT_v1__2026-08-22_08-27-32__F1OHEM-brtd3_raw_apmd_hybrid_rms_multiscale_contrast_scratch_seed47_E100/checkpoints/latest_model.pth
2026-08-23 07:21:24,813 - Model-rank0 - INFO - Best mIoU_mid: 0.348943
2026-08-23 07:21:24,970 - Model-rank0 - INFO - CUDA memory after evaluation cleanup: allocated=0.017 GiB, reserved=0.447 GiB
2026-08-23 07:21:24,970 - Model-rank0 - INFO - **** Epoch 93/100 ****
2026-08-23 07:21:24,970 - Model-rank0 - INFO - Learning rate:0.000040
2026-08-23 07:29:26,562 - Model-rank0 - INFO - CUDA memory after training cleanup: allocated=0.017 GiB, reserved=0.449 GiB
2026-08-23 07:29:26,562 - Model-rank0 - INFO - Training mean loss: 0.312307
2026-08-23 07:29:26,562 - Model-rank0 - INFO - Training accuracy (IoU) of prediction: 0.617896
2026-08-23 07:29:26,563 - Model-rank0 - INFO - Training pixel precision: 0.837164
2026-08-23 07:29:26,563 - Model-rank0 - INFO - Training pixel recall: 0.702304
2026-08-23 07:29:26,563 - Model-rank0 - INFO - Training pixel F1: 0.763827
2026-08-23 07:29:26,563 - Model-rank0 - INFO - Training loss component tversky: 0.195882
2026-08-23 07:29:26,563 - Model-rank0 - INFO - Training loss component dice: 0.217253
2026-08-23 07:29:26,563 - Model-rank0 - INFO - Training loss component hard_margin: 0.838372
2026-08-23 07:29:26,563 - Model-rank0 - INFO - Training loss component hard_weight: 0.100000
2026-08-23 07:29:26,563 - Model-rank0 - INFO - ---- EPOCH 093 EVALUATION ----
2026-08-23 07:34:26,312 - Model-rank0 - INFO - Eval mean loss: 0.775643
2026-08-23 07:34:26,312 - Model-rank0 - INFO - Eval avg class IoU of prediction: 0.342030
2026-08-23 07:34:26,312 - Model-rank0 - INFO - Eval pixel precision: 0.751847
2026-08-23 07:34:26,312 - Model-rank0 - INFO - Eval pixel recall: 0.385555
2026-08-23 07:34:26,312 - Model-rank0 - INFO - Eval pixel F1: 0.509720
2026-08-23 07:34:26,312 - Model-rank0 - INFO - Early stopping eval_f1=0.509720; best=0.517357 at epoch 86; bad_epochs=7/30.
2026-08-23 07:34:26,346 - Model-rank0 - INFO - Saved recoverable checkpoint at /home/devbox/project/model/sjy/CSIG2026/Deeppro_v2/DeepPro-main/log/sem_seg/2026-08-22/SatVideoIRSDT_v1__2026-08-22_08-27-32__F1OHEM-brtd3_raw_apmd_hybrid_rms_multiscale_contrast_scratch_seed47_E100/checkpoints/latest_model.pth
2026-08-23 07:34:26,347 - Model-rank0 - INFO - Best mIoU_mid: 0.348943
2026-08-23 07:34:26,530 - Model-rank0 - INFO - CUDA memory after evaluation cleanup: allocated=0.017 GiB, reserved=0.449 GiB
2026-08-23 07:34:26,531 - Model-rank0 - INFO - **** Epoch 94/100 ****
2026-08-23 07:34:26,531 - Model-rank0 - INFO - Learning rate:0.000040
2026-08-23 07:42:26,153 - Model-rank0 - INFO - CUDA memory after training cleanup: allocated=0.017 GiB, reserved=0.451 GiB
2026-08-23 07:42:26,153 - Model-rank0 - INFO - Training mean loss: 0.312887
2026-08-23 07:42:26,153 - Model-rank0 - INFO - Training accuracy (IoU) of prediction: 0.616808
2026-08-23 07:42:26,153 - Model-rank0 - INFO - Training pixel precision: 0.836436
2026-08-23 07:42:26,153 - Model-rank0 - INFO - Training pixel recall: 0.701409
2026-08-23 07:42:26,153 - Model-rank0 - INFO - Training pixel F1: 0.762995
2026-08-23 07:42:26,153 - Model-rank0 - INFO - Training loss component tversky: 0.197113
2026-08-23 07:42:26,153 - Model-rank0 - INFO - Training loss component dice: 0.218143
2026-08-23 07:42:26,153 - Model-rank0 - INFO - Training loss component hard_margin: 0.830527
2026-08-23 07:42:26,153 - Model-rank0 - INFO - Training loss component hard_weight: 0.100000
2026-08-23 07:42:26,153 - Model-rank0 - INFO - ---- EPOCH 094 EVALUATION ----
2026-08-23 07:47:25,288 - Model-rank0 - INFO - Eval mean loss: 0.771864
2026-08-23 07:47:25,288 - Model-rank0 - INFO - Eval avg class IoU of prediction: 0.341789
2026-08-23 07:47:25,288 - Model-rank0 - INFO - Eval pixel precision: 0.760558
2026-08-23 07:47:25,288 - Model-rank0 - INFO - Eval pixel recall: 0.383001
2026-08-23 07:47:25,288 - Model-rank0 - INFO - Eval pixel F1: 0.509452
2026-08-23 07:47:25,289 - Model-rank0 - INFO - Early stopping eval_f1=0.509452; best=0.517357 at epoch 86; bad_epochs=8/30.
2026-08-23 07:47:25,317 - Model-rank0 - INFO - Saved recoverable checkpoint at /home/devbox/project/model/sjy/CSIG2026/Deeppro_v2/DeepPro-main/log/sem_seg/2026-08-22/SatVideoIRSDT_v1__2026-08-22_08-27-32__F1OHEM-brtd3_raw_apmd_hybrid_rms_multiscale_contrast_scratch_seed47_E100/checkpoints/latest_model.pth
2026-08-23 07:47:25,317 - Model-rank0 - INFO - Best mIoU_mid: 0.348943
2026-08-23 07:47:25,481 - Model-rank0 - INFO - CUDA memory after evaluation cleanup: allocated=0.017 GiB, reserved=0.447 GiB
2026-08-23 07:47:25,481 - Model-rank0 - INFO - **** Epoch 95/100 ****
2026-08-23 07:47:25,481 - Model-rank0 - INFO - Learning rate:0.000040
2026-08-23 07:55:20,424 - Model-rank0 - INFO - CUDA memory after training cleanup: allocated=0.017 GiB, reserved=0.451 GiB
2026-08-23 07:55:20,424 - Model-rank0 - INFO - Training mean loss: 0.322950
2026-08-23 07:55:20,424 - Model-rank0 - INFO - Training accuracy (IoU) of prediction: 0.607692
2026-08-23 07:55:20,424 - Model-rank0 - INFO - Training pixel precision: 0.835416
2026-08-23 07:55:20,424 - Model-rank0 - INFO - Training pixel recall: 0.690341
2026-08-23 07:55:20,425 - Model-rank0 - INFO - Training pixel F1: 0.755981
2026-08-23 07:55:20,425 - Model-rank0 - INFO - Training loss component tversky: 0.201308
2026-08-23 07:55:20,425 - Model-rank0 - INFO - Training loss component dice: 0.223122
2026-08-23 07:55:20,425 - Model-rank0 - INFO - Training loss component hard_margin: 0.881740
2026-08-23 07:55:20,425 - Model-rank0 - INFO - Training loss component hard_weight: 0.100000
2026-08-23 07:55:20,425 - Model-rank0 - INFO - ---- EPOCH 095 EVALUATION ----
2026-08-23 08:00:21,161 - Model-rank0 - INFO - Eval mean loss: 0.775160
2026-08-23 08:00:21,161 - Model-rank0 - INFO - Eval avg class IoU of prediction: 0.345135
2026-08-23 08:00:21,161 - Model-rank0 - INFO - Eval pixel precision: 0.764299
2026-08-23 08:00:21,161 - Model-rank0 - INFO - Eval pixel recall: 0.386246
2026-08-23 08:00:21,161 - Model-rank0 - INFO - Eval pixel F1: 0.513161
2026-08-23 08:00:21,162 - Model-rank0 - INFO - Early stopping eval_f1=0.513161; best=0.517357 at epoch 86; bad_epochs=9/30.
2026-08-23 08:00:21,193 - Model-rank0 - INFO - Saved recoverable checkpoint at /home/devbox/project/model/sjy/CSIG2026/Deeppro_v2/DeepPro-main/log/sem_seg/2026-08-22/SatVideoIRSDT_v1__2026-08-22_08-27-32__F1OHEM-brtd3_raw_apmd_hybrid_rms_multiscale_contrast_scratch_seed47_E100/checkpoints/latest_model.pth
2026-08-23 08:00:21,215 - Model-rank0 - INFO - Saved epoch checkpoint at /home/devbox/project/model/sjy/CSIG2026/Deeppro_v2/DeepPro-main/log/sem_seg/2026-08-22/SatVideoIRSDT_v1__2026-08-22_08-27-32__F1OHEM-brtd3_raw_apmd_hybrid_rms_multiscale_contrast_scratch_seed47_E100/checkpoints/epoch_95_model.pth
2026-08-23 08:00:21,215 - Model-rank0 - INFO - Best mIoU_mid: 0.348943
2026-08-23 08:00:21,378 - Model-rank0 - INFO - CUDA memory after evaluation cleanup: allocated=0.017 GiB, reserved=0.447 GiB
2026-08-23 08:00:21,379 - Model-rank0 - INFO - **** Epoch 96/100 ****
2026-08-23 08:00:21,379 - Model-rank0 - INFO - Learning rate:0.000040
2026-08-23 08:08:24,137 - Model-rank0 - INFO - CUDA memory after training cleanup: allocated=0.017 GiB, reserved=0.449 GiB
2026-08-23 08:08:24,137 - Model-rank0 - INFO - Training mean loss: 0.317605
2026-08-23 08:08:24,138 - Model-rank0 - INFO - Training accuracy (IoU) of prediction: 0.604107
2026-08-23 08:08:24,138 - Model-rank0 - INFO - Training pixel precision: 0.835037
2026-08-23 08:08:24,138 - Model-rank0 - INFO - Training pixel recall: 0.685973
2026-08-23 08:08:24,138 - Model-rank0 - INFO - Training pixel F1: 0.753200
2026-08-23 08:08:24,138 - Model-rank0 - INFO - Training loss component tversky: 0.199663
2026-08-23 08:08:24,138 - Model-rank0 - INFO - Training loss component dice: 0.220527
2026-08-23 08:08:24,138 - Model-rank0 - INFO - Training loss component hard_margin: 0.848633
2026-08-23 08:08:24,138 - Model-rank0 - INFO - Training loss component hard_weight: 0.100000
2026-08-23 08:08:24,138 - Model-rank0 - INFO - ---- EPOCH 096 EVALUATION ----
2026-08-23 08:13:22,901 - Model-rank0 - INFO - Eval mean loss: 0.772678
2026-08-23 08:13:22,901 - Model-rank0 - INFO - Eval avg class IoU of prediction: 0.345641
2026-08-23 08:13:22,901 - Model-rank0 - INFO - Eval pixel precision: 0.759898
2026-08-23 08:13:22,901 - Model-rank0 - INFO - Eval pixel recall: 0.388017
2026-08-23 08:13:22,901 - Model-rank0 - INFO - Eval pixel F1: 0.513720
2026-08-23 08:13:22,901 - Model-rank0 - INFO - Early stopping eval_f1=0.513720; best=0.517357 at epoch 86; bad_epochs=10/30.
2026-08-23 08:13:22,929 - Model-rank0 - INFO - Saved recoverable checkpoint at /home/devbox/project/model/sjy/CSIG2026/Deeppro_v2/DeepPro-main/log/sem_seg/2026-08-22/SatVideoIRSDT_v1__2026-08-22_08-27-32__F1OHEM-brtd3_raw_apmd_hybrid_rms_multiscale_contrast_scratch_seed47_E100/checkpoints/latest_model.pth
2026-08-23 08:13:22,929 - Model-rank0 - INFO - Best mIoU_mid: 0.348943
2026-08-23 08:13:23,082 - Model-rank0 - INFO - CUDA memory after evaluation cleanup: allocated=0.017 GiB, reserved=0.447 GiB
2026-08-23 08:13:23,083 - Model-rank0 - INFO - **** Epoch 97/100 ****
2026-08-23 08:13:23,083 - Model-rank0 - INFO - Learning rate:0.000040
2026-08-23 08:21:21,116 - Model-rank0 - INFO - CUDA memory after training cleanup: allocated=0.017 GiB, reserved=0.451 GiB
2026-08-23 08:21:21,116 - Model-rank0 - INFO - Training mean loss: 0.320977
2026-08-23 08:21:21,116 - Model-rank0 - INFO - Training accuracy (IoU) of prediction: 0.615358
2026-08-23 08:21:21,116 - Model-rank0 - INFO - Training pixel precision: 0.835183
2026-08-23 08:21:21,116 - Model-rank0 - INFO - Training pixel recall: 0.700414
2026-08-23 08:21:21,116 - Model-rank0 - INFO - Training pixel F1: 0.761885
2026-08-23 08:21:21,116 - Model-rank0 - INFO - Training loss component tversky: 0.201493
2026-08-23 08:21:21,116 - Model-rank0 - INFO - Training loss component dice: 0.222247
2026-08-23 08:21:21,116 - Model-rank0 - INFO - Training loss component hard_margin: 0.861471
2026-08-23 08:21:21,116 - Model-rank0 - INFO - Training loss component hard_weight: 0.100000
2026-08-23 08:21:21,117 - Model-rank0 - INFO - ---- EPOCH 097 EVALUATION ----
2026-08-23 08:26:13,717 - Model-rank0 - INFO - Eval mean loss: 0.772408
2026-08-23 08:26:13,718 - Model-rank0 - INFO - Eval avg class IoU of prediction: 0.340470
2026-08-23 08:26:13,718 - Model-rank0 - INFO - Eval pixel precision: 0.766570
2026-08-23 08:26:13,718 - Model-rank0 - INFO - Eval pixel recall: 0.379852
2026-08-23 08:26:13,718 - Model-rank0 - INFO - Eval pixel F1: 0.507986
2026-08-23 08:26:13,718 - Model-rank0 - INFO - Early stopping eval_f1=0.507986; best=0.517357 at epoch 86; bad_epochs=11/30.
2026-08-23 08:26:13,744 - Model-rank0 - INFO - Saved recoverable checkpoint at /home/devbox/project/model/sjy/CSIG2026/Deeppro_v2/DeepPro-main/log/sem_seg/2026-08-22/SatVideoIRSDT_v1__2026-08-22_08-27-32__F1OHEM-brtd3_raw_apmd_hybrid_rms_multiscale_contrast_scratch_seed47_E100/checkpoints/latest_model.pth
2026-08-23 08:26:13,744 - Model-rank0 - INFO - Best mIoU_mid: 0.348943
2026-08-23 08:26:13,913 - Model-rank0 - INFO - CUDA memory after evaluation cleanup: allocated=0.017 GiB, reserved=0.447 GiB
2026-08-23 08:26:13,913 - Model-rank0 - INFO - **** Epoch 98/100 ****
2026-08-23 08:26:13,913 - Model-rank0 - INFO - Learning rate:0.000040
2026-08-23 08:34:26,372 - Model-rank0 - INFO - CUDA memory after training cleanup: allocated=0.017 GiB, reserved=0.449 GiB
2026-08-23 08:34:26,372 - Model-rank0 - INFO - Training mean loss: 0.316607
2026-08-23 08:34:26,372 - Model-rank0 - INFO - Training accuracy (IoU) of prediction: 0.609879
2026-08-23 08:34:26,372 - Model-rank0 - INFO - Training pixel precision: 0.835214
2026-08-23 08:34:26,372 - Model-rank0 - INFO - Training pixel recall: 0.693303
2026-08-23 08:34:26,372 - Model-rank0 - INFO - Training pixel F1: 0.757671
2026-08-23 08:34:26,372 - Model-rank0 - INFO - Training loss component tversky: 0.199317
2026-08-23 08:34:26,372 - Model-rank0 - INFO - Training loss component dice: 0.220266
2026-08-23 08:34:26,372 - Model-rank0 - INFO - Training loss component hard_margin: 0.842501
2026-08-23 08:34:26,372 - Model-rank0 - INFO - Training loss component hard_weight: 0.100000
2026-08-23 08:34:26,372 - Model-rank0 - INFO - ---- EPOCH 098 EVALUATION ----
2026-08-23 08:39:24,292 - Model-rank0 - INFO - Eval mean loss: 0.774307
2026-08-23 08:39:24,293 - Model-rank0 - INFO - Eval avg class IoU of prediction: 0.344509
2026-08-23 08:39:24,293 - Model-rank0 - INFO - Eval pixel precision: 0.757313
2026-08-23 08:39:24,293 - Model-rank0 - INFO - Eval pixel recall: 0.387263
2026-08-23 08:39:24,293 - Model-rank0 - INFO - Eval pixel F1: 0.512468
2026-08-23 08:39:24,293 - Model-rank0 - INFO - Early stopping eval_f1=0.512468; best=0.517357 at epoch 86; bad_epochs=12/30.
2026-08-23 08:39:24,319 - Model-rank0 - INFO - Saved recoverable checkpoint at /home/devbox/project/model/sjy/CSIG2026/Deeppro_v2/DeepPro-main/log/sem_seg/2026-08-22/SatVideoIRSDT_v1__2026-08-22_08-27-32__F1OHEM-brtd3_raw_apmd_hybrid_rms_multiscale_contrast_scratch_seed47_E100/checkpoints/latest_model.pth
2026-08-23 08:39:24,320 - Model-rank0 - INFO - Best mIoU_mid: 0.348943
2026-08-23 08:39:24,485 - Model-rank0 - INFO - CUDA memory after evaluation cleanup: allocated=0.017 GiB, reserved=0.449 GiB
2026-08-23 08:39:24,485 - Model-rank0 - INFO - **** Epoch 99/100 ****
2026-08-23 08:39:24,485 - Model-rank0 - INFO - Learning rate:0.000040
2026-08-23 08:47:36,720 - Model-rank0 - INFO - CUDA memory after training cleanup: allocated=0.017 GiB, reserved=0.451 GiB
2026-08-23 08:47:36,721 - Model-rank0 - INFO - Training mean loss: 0.314229
2026-08-23 08:47:36,721 - Model-rank0 - INFO - Training accuracy (IoU) of prediction: 0.619528
2026-08-23 08:47:36,721 - Model-rank0 - INFO - Training pixel precision: 0.843019
2026-08-23 08:47:36,721 - Model-rank0 - INFO - Training pixel recall: 0.700321
2026-08-23 08:47:36,721 - Model-rank0 - INFO - Training pixel F1: 0.765073
2026-08-23 08:47:36,721 - Model-rank0 - INFO - Training loss component tversky: 0.196136
2026-08-23 08:47:36,721 - Model-rank0 - INFO - Training loss component dice: 0.217010
2026-08-23 08:47:36,721 - Model-rank0 - INFO - Training loss component hard_margin: 0.855419
2026-08-23 08:47:36,721 - Model-rank0 - INFO - Training loss component hard_weight: 0.100000
2026-08-23 08:47:36,721 - Model-rank0 - INFO - ---- EPOCH 099 EVALUATION ----
2026-08-23 08:52:33,699 - Model-rank0 - INFO - Eval mean loss: 0.775430
2026-08-23 08:52:33,700 - Model-rank0 - INFO - Eval avg class IoU of prediction: 0.340060
2026-08-23 08:52:33,700 - Model-rank0 - INFO - Eval pixel precision: 0.742244
2026-08-23 08:52:33,700 - Model-rank0 - INFO - Eval pixel recall: 0.385595
2026-08-23 08:52:33,700 - Model-rank0 - INFO - Eval pixel F1: 0.507529
2026-08-23 08:52:33,700 - Model-rank0 - INFO - Early stopping eval_f1=0.507529; best=0.517357 at epoch 86; bad_epochs=13/30.
2026-08-23 08:52:33,729 - Model-rank0 - INFO - Saved recoverable checkpoint at /home/devbox/project/model/sjy/CSIG2026/Deeppro_v2/DeepPro-main/log/sem_seg/2026-08-22/SatVideoIRSDT_v1__2026-08-22_08-27-32__F1OHEM-brtd3_raw_apmd_hybrid_rms_multiscale_contrast_scratch_seed47_E100/checkpoints/latest_model.pth
2026-08-23 08:52:33,729 - Model-rank0 - INFO - Best mIoU_mid: 0.348943
2026-08-23 08:52:33,889 - Model-rank0 - INFO - CUDA memory after evaluation cleanup: allocated=0.017 GiB, reserved=0.449 GiB
2026-08-23 08:52:33,890 - Model-rank0 - INFO - **** Epoch 100/100 ****
2026-08-23 08:52:33,890 - Model-rank0 - INFO - Learning rate:0.000040
2026-08-23 09:00:37,628 - Model-rank0 - INFO - CUDA memory after training cleanup: allocated=0.017 GiB, reserved=0.449 GiB
2026-08-23 09:00:37,628 - Model-rank0 - INFO - Training mean loss: 0.315149
2026-08-23 09:00:37,628 - Model-rank0 - INFO - Training accuracy (IoU) of prediction: 0.620061
2026-08-23 09:00:37,628 - Model-rank0 - INFO - Training pixel precision: 0.834826
2026-08-23 09:00:37,628 - Model-rank0 - INFO - Training pixel recall: 0.706769
2026-08-23 09:00:37,628 - Model-rank0 - INFO - Training pixel F1: 0.765479
2026-08-23 09:00:37,628 - Model-rank0 - INFO - Training loss component tversky: 0.197114
2026-08-23 09:00:37,628 - Model-rank0 - INFO - Training loss component dice: 0.217654
2026-08-23 09:00:37,628 - Model-rank0 - INFO - Training loss component hard_margin: 0.853860
2026-08-23 09:00:37,628 - Model-rank0 - INFO - Training loss component hard_weight: 0.100000
2026-08-23 09:00:37,628 - Model-rank0 - INFO - ---- EPOCH 100 EVALUATION ----
2026-08-23 09:05:32,050 - Model-rank0 - INFO - Eval mean loss: 0.778486
2026-08-23 09:05:32,050 - Model-rank0 - INFO - Eval avg class IoU of prediction: 0.343028
2026-08-23 09:05:32,050 - Model-rank0 - INFO - Eval pixel precision: 0.770590
2026-08-23 09:05:32,050 - Model-rank0 - INFO - Eval pixel recall: 0.382043
2026-08-23 09:05:32,050 - Model-rank0 - INFO - Eval pixel F1: 0.510828
2026-08-23 09:05:32,050 - Model-rank0 - INFO - Early stopping eval_f1=0.510828; best=0.517357 at epoch 86; bad_epochs=14/30.
2026-08-23 09:05:32,076 - Model-rank0 - INFO - Saved recoverable checkpoint at /home/devbox/project/model/sjy/CSIG2026/Deeppro_v2/DeepPro-main/log/sem_seg/2026-08-22/SatVideoIRSDT_v1__2026-08-22_08-27-32__F1OHEM-brtd3_raw_apmd_hybrid_rms_multiscale_contrast_scratch_seed47_E100/checkpoints/latest_model.pth
2026-08-23 09:05:32,096 - Model-rank0 - INFO - Saved epoch checkpoint at /home/devbox/project/model/sjy/CSIG2026/Deeppro_v2/DeepPro-main/log/sem_seg/2026-08-22/SatVideoIRSDT_v1__2026-08-22_08-27-32__F1OHEM-brtd3_raw_apmd_hybrid_rms_multiscale_contrast_scratch_seed47_E100/checkpoints/epoch_100_model.pth
2026-08-23 09:05:32,096 - Model-rank0 - INFO - Best mIoU_mid: 0.348943
2026-08-23 09:05:32,210 - Model-rank0 - INFO - CUDA memory after evaluation cleanup: allocated=0.017 GiB, reserved=0.447 GiB
2026-08-23 09:05:32,486 - Model-rank0 - INFO - CUDA memory after training shutdown: allocated=0.016 GiB, reserved=0.443 GiB
