2026-08-22 08:27:41,460 - Model-rank0 - INFO - PARAMETER ...
2026-08-22 08:27:41,461 - Model-rank0 - INFO - Namespace(base_ckpt='', base_lr_mult=5.0, batch_size=20, bce_weight=0.5, brtd_adaptive_tdc=1, brtd_use_background=1, brtd_use_gate=1, brtd_zero_init=1, datapath='/home/devbox/project/model/sjy/CSIG2026/datasets/SatVideoIRSDT_v1', dataset='SatVideoIRSDT_v1', decay_rate=0.0001, deterministic=0, early_stopping_metric='eval_f1', early_stopping_min_delta=0.0001, early_stopping_patience=30, early_stopping_start_epoch=15, epoch=100, eval_chunk_rows=64, focal_alpha=0.75, focal_gamma=2.0, freeze_pretrained=1, gpu='3', gpu_num=1, hard_focal_weight=0.25, hard_negative_topk=4096, learning_rate=0.001, log_dir='2026-08-22/SatVideoIRSDT_v1__2026-08-22_08-27-32__F1OHEM-brtd3_raw_apmd_hybrid_rms_motion_detrend_scratch_seed47_E100', loss='f1_calibrated_ohem', loss_eps=1.0, lr_decay=0.7, mask_padded_frames=1, model='DeepPro-Plus_BRTD3', optimizer='Adam', patch_size=128, prefetch_factor=2, resume='never', resume_checkpoint=None, run_test_after_train=0, sample_rate=0.04, savepath='/home/devbox/project/model/sjy/CSIG2026/Deeppro_v2/DeepPro-main/log', seed=47, seqlen=40, sls_eps=1e-06, sls_location_weight=1.0, sls_warmup_epochs=5, spatial_ckpt='', st_ckpt='', stc_center_weight=0.1, stc_temporal_weight=0.05, stc_warmup_epochs=5, step_size=10, structure_bottleneck_channels=8, structure_max_shift=4.0, structure_variant='raw_apmd_hybrid_rms_motion_detrend', swanlab_group='f1_hybrid_rms_init_ablation_seed47_2026-08-22_08-27-32', swanlab_id=None, swanlab_mode='offline', swanlab_project='CSIG2026-DeepPro', swanlab_resume='never', swanlab_workspace=None, tda_dilation=3, tda_mean_contrast=0.0, tda_mean_size=0.0, tda_weight=0.2, threshold_eval=0.5, train_workers=4, tversky_fn_weight=0.4, tversky_fp_weight=0.6, tversky_gamma=1.33, use_swanlab=0, val_workers=2)
2026-08-22 08:27:41,461 - Model-rank0 - INFO - start loading training data ...
2026-08-22 08:27:45,548 - Model-rank0 - INFO - start loading validation data ...
2026-08-22 08:27:46,762 - Model-rank0 - INFO - The number of training data is: 3850
2026-08-22 08:27:46,762 - Model-rank0 - INFO - The number of test data is: 255 sequences
2026-08-22 08:27:46,762 - Model-rank0 - INFO - DDP world_size=1, global_batch=20, per_rank_batch=20; DataLoader workers per rank=4, validation=2
2026-08-22 08:27:46,792 - Model-rank0 - INFO - Initialized DeepPro-Plus_BRTD3 from random weights; no base checkpoint loaded.
2026-08-22 08:27:48,509 - Model-rank0 - INFO - Loss: f1_calibrated_ohem - Tversky+Dice+自适应困难负样本Margin，面向F1与低虚警
2026-08-22 08:27:48,509 - Model-rank0 - INFO - Optimizer groups: 64 backbone tensors at 5.000x LR; 15 BRTD tensors at 1.000x LR.
2026-08-22 08:27:49,355 - Model-rank0 - INFO - Starting a new experiment from scratch.
2026-08-22 08:27:49,355 - Model-rank0 - INFO - Early stopping enabled: metric=eval_f1 mode=max patience=30 min_delta=0.00010000 start_epoch=15.
2026-08-22 08:27:49,463 - Model-rank0 - INFO - CUDA memory after checkpoint loading: allocated=0.000 GiB, reserved=0.002 GiB
2026-08-22 08:27:49,463 - Model-rank0 - INFO - **** Epoch 1/100 ****
2026-08-22 08:27:49,463 - Model-rank0 - INFO - Learning rate:0.001000
2026-08-22 08:38:49,503 - Model-rank0 - INFO - CUDA memory after training cleanup: allocated=0.017 GiB, reserved=0.449 GiB
2026-08-22 08:38:49,503 - Model-rank0 - INFO - Training mean loss: 1.002242
2026-08-22 08:38:49,504 - Model-rank0 - INFO - Training accuracy (IoU) of prediction: 0.004462
2026-08-22 08:38:49,504 - Model-rank0 - INFO - Training pixel precision: 0.004482
2026-08-22 08:38:49,504 - Model-rank0 - INFO - Training pixel recall: 0.498612
2026-08-22 08:38:49,504 - Model-rank0 - INFO - Training pixel F1: 0.008885
2026-08-22 08:38:49,504 - Model-rank0 - INFO - Training loss component tversky: 0.869869
2026-08-22 08:38:49,504 - Model-rank0 - INFO - Training loss component dice: 0.882486
2026-08-22 08:38:49,504 - Model-rank0 - INFO - Training loss component hard_margin: 7.096176
2026-08-22 08:38:49,504 - Model-rank0 - INFO - Training loss component hard_weight: 0.000000
2026-08-22 08:38:49,504 - Model-rank0 - INFO - ---- EPOCH 001 EVALUATION ----
2026-08-22 08:46:00,228 - Model-rank0 - INFO - Eval mean loss: 0.892986
2026-08-22 08:46:00,229 - Model-rank0 - INFO - Eval avg class IoU of prediction: 0.000333
2026-08-22 08:46:00,229 - Model-rank0 - INFO - Eval pixel precision: 0.000333
2026-08-22 08:46:00,229 - Model-rank0 - INFO - Eval pixel recall: 0.466323
2026-08-22 08:46:00,229 - Model-rank0 - INFO - Eval pixel F1: 0.000666
2026-08-22 08:46:00,229 - Model-rank0 - INFO - Early stopping eval_f1=0.000666; best=0.000666 at epoch 1; bad_epochs=0/30.
2026-08-22 08:46:00,261 - Model-rank0 - INFO - Saved recoverable checkpoint at /home/devbox/project/model/sjy/CSIG2026/Deeppro_v2/DeepPro-main/log/sem_seg/2026-08-22/SatVideoIRSDT_v1__2026-08-22_08-27-32__F1OHEM-brtd3_raw_apmd_hybrid_rms_motion_detrend_scratch_seed47_E100/checkpoints/latest_model.pth
2026-08-22 08:46:00,281 - Model-rank0 - INFO - Saved epoch checkpoint at /home/devbox/project/model/sjy/CSIG2026/Deeppro_v2/DeepPro-main/log/sem_seg/2026-08-22/SatVideoIRSDT_v1__2026-08-22_08-27-32__F1OHEM-brtd3_raw_apmd_hybrid_rms_motion_detrend_scratch_seed47_E100/checkpoints/epoch_1_model.pth
2026-08-22 08:46:00,302 - Model-rank0 - INFO - Saved best checkpoint at /home/devbox/project/model/sjy/CSIG2026/Deeppro_v2/DeepPro-main/log/sem_seg/2026-08-22/SatVideoIRSDT_v1__2026-08-22_08-27-32__F1OHEM-brtd3_raw_apmd_hybrid_rms_motion_detrend_scratch_seed47_E100/checkpoints/best_model.pth
2026-08-22 08:46:00,323 - Model-rank0 - INFO - Saved early-stopping best checkpoint at /home/devbox/project/model/sjy/CSIG2026/Deeppro_v2/DeepPro-main/log/sem_seg/2026-08-22/SatVideoIRSDT_v1__2026-08-22_08-27-32__F1OHEM-brtd3_raw_apmd_hybrid_rms_motion_detrend_scratch_seed47_E100/checkpoints/early_stopping_best_model.pth
2026-08-22 08:46:00,324 - Model-rank0 - INFO - Best mIoU_mid: 0.000333
2026-08-22 08:46:00,582 - Model-rank0 - INFO - CUDA memory after evaluation cleanup: allocated=0.017 GiB, reserved=0.447 GiB
2026-08-22 08:46:00,582 - Model-rank0 - INFO - **** Epoch 2/100 ****
2026-08-22 08:46:00,583 - Model-rank0 - INFO - Learning rate:0.001000
2026-08-22 08:57:26,196 - Model-rank0 - INFO - CUDA memory after training cleanup: allocated=0.017 GiB, reserved=0.449 GiB
2026-08-22 08:57:26,197 - Model-rank0 - INFO - Training mean loss: 0.708796
2026-08-22 08:57:26,197 - Model-rank0 - INFO - Training accuracy (IoU) of prediction: 0.016508
2026-08-22 08:57:26,197 - Model-rank0 - INFO - Training pixel precision: 0.016959
2026-08-22 08:57:26,197 - Model-rank0 - INFO - Training pixel recall: 0.382933
2026-08-22 08:57:26,197 - Model-rank0 - INFO - Training pixel F1: 0.032480
2026-08-22 08:57:26,197 - Model-rank0 - INFO - Training loss component tversky: 0.612543
2026-08-22 08:57:26,197 - Model-rank0 - INFO - Training loss component dice: 0.641684
2026-08-22 08:57:26,197 - Model-rank0 - INFO - Training loss component hard_margin: 8.874714
2026-08-22 08:57:26,197 - Model-rank0 - INFO - Training loss component hard_weight: 0.000000
2026-08-22 08:57:26,197 - Model-rank0 - INFO - ---- EPOCH 002 EVALUATION ----
2026-08-22 09:02:40,986 - Model-rank0 - INFO - Eval mean loss: 0.825995
2026-08-22 09:02:40,987 - Model-rank0 - INFO - Eval avg class IoU of prediction: 0.001197
2026-08-22 09:02:40,987 - Model-rank0 - INFO - Eval pixel precision: 0.001200
2026-08-22 09:02:40,987 - Model-rank0 - INFO - Eval pixel recall: 0.368280
2026-08-22 09:02:40,987 - Model-rank0 - INFO - Eval pixel F1: 0.002391
2026-08-22 09:02:40,987 - Model-rank0 - INFO - Early stopping eval_f1=0.002391; best=0.002391 at epoch 2; bad_epochs=0/30.
2026-08-22 09:02:41,015 - Model-rank0 - INFO - Saved recoverable checkpoint at /home/devbox/project/model/sjy/CSIG2026/Deeppro_v2/DeepPro-main/log/sem_seg/2026-08-22/SatVideoIRSDT_v1__2026-08-22_08-27-32__F1OHEM-brtd3_raw_apmd_hybrid_rms_motion_detrend_scratch_seed47_E100/checkpoints/latest_model.pth
2026-08-22 09:02:41,036 - Model-rank0 - INFO - Saved epoch checkpoint at /home/devbox/project/model/sjy/CSIG2026/Deeppro_v2/DeepPro-main/log/sem_seg/2026-08-22/SatVideoIRSDT_v1__2026-08-22_08-27-32__F1OHEM-brtd3_raw_apmd_hybrid_rms_motion_detrend_scratch_seed47_E100/checkpoints/epoch_2_model.pth
2026-08-22 09:02:41,059 - Model-rank0 - INFO - Saved best checkpoint at /home/devbox/project/model/sjy/CSIG2026/Deeppro_v2/DeepPro-main/log/sem_seg/2026-08-22/SatVideoIRSDT_v1__2026-08-22_08-27-32__F1OHEM-brtd3_raw_apmd_hybrid_rms_motion_detrend_scratch_seed47_E100/checkpoints/best_model.pth
2026-08-22 09:02:41,086 - Model-rank0 - INFO - Saved early-stopping best checkpoint at /home/devbox/project/model/sjy/CSIG2026/Deeppro_v2/DeepPro-main/log/sem_seg/2026-08-22/SatVideoIRSDT_v1__2026-08-22_08-27-32__F1OHEM-brtd3_raw_apmd_hybrid_rms_motion_detrend_scratch_seed47_E100/checkpoints/early_stopping_best_model.pth
2026-08-22 09:02:41,086 - Model-rank0 - INFO - Best mIoU_mid: 0.001197
2026-08-22 09:02:41,225 - Model-rank0 - INFO - CUDA memory after evaluation cleanup: allocated=0.017 GiB, reserved=0.449 GiB
2026-08-22 09:02:41,225 - Model-rank0 - INFO - **** Epoch 3/100 ****
2026-08-22 09:02:41,225 - Model-rank0 - INFO - Learning rate:0.001000
2026-08-22 09:14:17,454 - Model-rank0 - INFO - CUDA memory after training cleanup: allocated=0.017 GiB, reserved=0.449 GiB
2026-08-22 09:14:17,454 - Model-rank0 - INFO - Training mean loss: 0.649938
2026-08-22 09:14:17,454 - Model-rank0 - INFO - Training accuracy (IoU) of prediction: 0.028738
2026-08-22 09:14:17,455 - Model-rank0 - INFO - Training pixel precision: 0.030124
2026-08-22 09:14:17,455 - Model-rank0 - INFO - Training pixel recall: 0.384498
2026-08-22 09:14:17,455 - Model-rank0 - INFO - Training pixel F1: 0.055871
2026-08-22 09:14:17,455 - Model-rank0 - INFO - Training loss component tversky: 0.561147
2026-08-22 09:14:17,455 - Model-rank0 - INFO - Training loss component dice: 0.591945
2026-08-22 09:14:17,455 - Model-rank0 - INFO - Training loss component hard_margin: 8.514178
2026-08-22 09:14:17,455 - Model-rank0 - INFO - Training loss component hard_weight: 0.000000
2026-08-22 09:14:17,455 - Model-rank0 - INFO - ---- EPOCH 003 EVALUATION ----
2026-08-22 09:19:29,939 - Model-rank0 - INFO - Eval mean loss: 0.796805
2026-08-22 09:19:29,939 - Model-rank0 - INFO - Eval avg class IoU of prediction: 0.000194
2026-08-22 09:19:29,939 - Model-rank0 - INFO - Eval pixel precision: 0.000194
2026-08-22 09:19:29,939 - Model-rank0 - INFO - Eval pixel recall: 0.371382
2026-08-22 09:19:29,939 - Model-rank0 - INFO - Eval pixel F1: 0.000387
2026-08-22 09:19:29,939 - Model-rank0 - INFO - Early stopping eval_f1=0.000387; best=0.002391 at epoch 2; bad_epochs=0/30.
2026-08-22 09:19:29,970 - Model-rank0 - INFO - Saved recoverable checkpoint at /home/devbox/project/model/sjy/CSIG2026/Deeppro_v2/DeepPro-main/log/sem_seg/2026-08-22/SatVideoIRSDT_v1__2026-08-22_08-27-32__F1OHEM-brtd3_raw_apmd_hybrid_rms_motion_detrend_scratch_seed47_E100/checkpoints/latest_model.pth
2026-08-22 09:19:29,970 - Model-rank0 - INFO - Best mIoU_mid: 0.001197
2026-08-22 09:19:30,126 - Model-rank0 - INFO - CUDA memory after evaluation cleanup: allocated=0.017 GiB, reserved=0.447 GiB
2026-08-22 09:19:30,127 - Model-rank0 - INFO - **** Epoch 4/100 ****
2026-08-22 09:19:30,127 - Model-rank0 - INFO - Learning rate:0.001000
2026-08-22 09:30:55,124 - Model-rank0 - INFO - CUDA memory after training cleanup: allocated=0.017 GiB, reserved=0.449 GiB
2026-08-22 09:30:55,124 - Model-rank0 - INFO - Training mean loss: 0.554157
2026-08-22 09:30:55,124 - Model-rank0 - INFO - Training accuracy (IoU) of prediction: 0.019064
2026-08-22 09:30:55,124 - Model-rank0 - INFO - Training pixel precision: 0.019725
2026-08-22 09:30:55,124 - Model-rank0 - INFO - Training pixel recall: 0.362617
2026-08-22 09:30:55,124 - Model-rank0 - INFO - Training pixel F1: 0.037415
2026-08-22 09:30:55,124 - Model-rank0 - INFO - Training loss component tversky: 0.477250
2026-08-22 09:30:55,124 - Model-rank0 - INFO - Training loss component dice: 0.512712
2026-08-22 09:30:55,124 - Model-rank0 - INFO - Training loss component hard_margin: 7.817423
2026-08-22 09:30:55,124 - Model-rank0 - INFO - Training loss component hard_weight: 0.000000
2026-08-22 09:30:55,124 - Model-rank0 - INFO - ---- EPOCH 004 EVALUATION ----
2026-08-22 09:36:11,326 - Model-rank0 - INFO - Eval mean loss: 0.724778
2026-08-22 09:36:11,326 - Model-rank0 - INFO - Eval avg class IoU of prediction: 0.007274
2026-08-22 09:36:11,326 - Model-rank0 - INFO - Eval pixel precision: 0.007383
2026-08-22 09:36:11,326 - Model-rank0 - INFO - Eval pixel recall: 0.331067
2026-08-22 09:36:11,326 - Model-rank0 - INFO - Eval pixel F1: 0.014443
2026-08-22 09:36:11,326 - Model-rank0 - INFO - Early stopping eval_f1=0.014443; best=0.014443 at epoch 4; bad_epochs=0/30.
2026-08-22 09:36:11,352 - Model-rank0 - INFO - Saved recoverable checkpoint at /home/devbox/project/model/sjy/CSIG2026/Deeppro_v2/DeepPro-main/log/sem_seg/2026-08-22/SatVideoIRSDT_v1__2026-08-22_08-27-32__F1OHEM-brtd3_raw_apmd_hybrid_rms_motion_detrend_scratch_seed47_E100/checkpoints/latest_model.pth
2026-08-22 09:36:11,372 - Model-rank0 - INFO - Saved epoch checkpoint at /home/devbox/project/model/sjy/CSIG2026/Deeppro_v2/DeepPro-main/log/sem_seg/2026-08-22/SatVideoIRSDT_v1__2026-08-22_08-27-32__F1OHEM-brtd3_raw_apmd_hybrid_rms_motion_detrend_scratch_seed47_E100/checkpoints/epoch_4_model.pth
2026-08-22 09:36:11,396 - Model-rank0 - INFO - Saved best checkpoint at /home/devbox/project/model/sjy/CSIG2026/Deeppro_v2/DeepPro-main/log/sem_seg/2026-08-22/SatVideoIRSDT_v1__2026-08-22_08-27-32__F1OHEM-brtd3_raw_apmd_hybrid_rms_motion_detrend_scratch_seed47_E100/checkpoints/best_model.pth
2026-08-22 09:36:11,418 - Model-rank0 - INFO - Saved early-stopping best checkpoint at /home/devbox/project/model/sjy/CSIG2026/Deeppro_v2/DeepPro-main/log/sem_seg/2026-08-22/SatVideoIRSDT_v1__2026-08-22_08-27-32__F1OHEM-brtd3_raw_apmd_hybrid_rms_motion_detrend_scratch_seed47_E100/checkpoints/early_stopping_best_model.pth
2026-08-22 09:36:11,419 - Model-rank0 - INFO - Best mIoU_mid: 0.007274
2026-08-22 09:36:11,569 - Model-rank0 - INFO - CUDA memory after evaluation cleanup: allocated=0.017 GiB, reserved=0.449 GiB
2026-08-22 09:36:11,570 - Model-rank0 - INFO - **** Epoch 5/100 ****
2026-08-22 09:36:11,570 - Model-rank0 - INFO - Learning rate:0.001000
2026-08-22 09:47:39,930 - Model-rank0 - INFO - CUDA memory after training cleanup: allocated=0.017 GiB, reserved=0.451 GiB
2026-08-22 09:47:39,930 - Model-rank0 - INFO - Training mean loss: 0.531830
2026-08-22 09:47:39,930 - Model-rank0 - INFO - Training accuracy (IoU) of prediction: 0.051548
2026-08-22 09:47:39,930 - Model-rank0 - INFO - Training pixel precision: 0.056645
2026-08-22 09:47:39,930 - Model-rank0 - INFO - Training pixel recall: 0.364245
2026-08-22 09:47:39,930 - Model-rank0 - INFO - Training pixel F1: 0.098043
2026-08-22 09:47:39,930 - Model-rank0 - INFO - Training loss component tversky: 0.457846
2026-08-22 09:47:39,930 - Model-rank0 - INFO - Training loss component dice: 0.493226
2026-08-22 09:47:39,930 - Model-rank0 - INFO - Training loss component hard_margin: 8.122930
2026-08-22 09:47:39,930 - Model-rank0 - INFO - Training loss component hard_weight: 0.000000
2026-08-22 09:47:39,930 - Model-rank0 - INFO - ---- EPOCH 005 EVALUATION ----
2026-08-22 09:52:58,786 - Model-rank0 - INFO - Eval mean loss: 0.734064
2026-08-22 09:52:58,786 - Model-rank0 - INFO - Eval avg class IoU of prediction: 0.006486
2026-08-22 09:52:58,786 - Model-rank0 - INFO - Eval pixel precision: 0.006594
2026-08-22 09:52:58,786 - Model-rank0 - INFO - Eval pixel recall: 0.283142
2026-08-22 09:52:58,786 - Model-rank0 - INFO - Eval pixel F1: 0.012889
2026-08-22 09:52:58,786 - Model-rank0 - INFO - Early stopping eval_f1=0.012889; best=0.014443 at epoch 4; bad_epochs=0/30.
2026-08-22 09:52:58,822 - Model-rank0 - INFO - Saved recoverable checkpoint at /home/devbox/project/model/sjy/CSIG2026/Deeppro_v2/DeepPro-main/log/sem_seg/2026-08-22/SatVideoIRSDT_v1__2026-08-22_08-27-32__F1OHEM-brtd3_raw_apmd_hybrid_rms_motion_detrend_scratch_seed47_E100/checkpoints/latest_model.pth
2026-08-22 09:52:58,844 - Model-rank0 - INFO - Saved epoch checkpoint at /home/devbox/project/model/sjy/CSIG2026/Deeppro_v2/DeepPro-main/log/sem_seg/2026-08-22/SatVideoIRSDT_v1__2026-08-22_08-27-32__F1OHEM-brtd3_raw_apmd_hybrid_rms_motion_detrend_scratch_seed47_E100/checkpoints/epoch_5_model.pth
2026-08-22 09:52:58,844 - Model-rank0 - INFO - Best mIoU_mid: 0.007274
2026-08-22 09:52:58,978 - Model-rank0 - INFO - CUDA memory after evaluation cleanup: allocated=0.017 GiB, reserved=0.449 GiB
2026-08-22 09:52:58,978 - Model-rank0 - INFO - **** Epoch 6/100 ****
2026-08-22 09:52:58,978 - Model-rank0 - INFO - Learning rate:0.001000
2026-08-22 10:04:08,798 - Model-rank0 - INFO - CUDA memory after training cleanup: allocated=0.017 GiB, reserved=0.451 GiB
2026-08-22 10:04:08,798 - Model-rank0 - INFO - Training mean loss: 0.517651
2026-08-22 10:04:08,798 - Model-rank0 - INFO - Training accuracy (IoU) of prediction: 0.294595
2026-08-22 10:04:08,798 - Model-rank0 - INFO - Training pixel precision: 0.670119
2026-08-22 10:04:08,798 - Model-rank0 - INFO - Training pixel recall: 0.344564
2026-08-22 10:04:08,798 - Model-rank0 - INFO - Training pixel F1: 0.455115
2026-08-22 10:04:08,798 - Model-rank0 - INFO - Training loss component tversky: 0.421346
2026-08-22 10:04:08,799 - Model-rank0 - INFO - Training loss component dice: 0.458349
2026-08-22 10:04:08,799 - Model-rank0 - INFO - Training loss component hard_margin: 2.755196
2026-08-22 10:04:08,799 - Model-rank0 - INFO - Training loss component hard_weight: 0.010000
2026-08-22 10:04:08,799 - Model-rank0 - INFO - ---- EPOCH 006 EVALUATION ----
2026-08-22 10:09:24,953 - Model-rank0 - INFO - Eval mean loss: 0.737098
2026-08-22 10:09:24,954 - Model-rank0 - INFO - Eval avg class IoU of prediction: 0.212922
2026-08-22 10:09:24,954 - Model-rank0 - INFO - Eval pixel precision: 0.531860
2026-08-22 10:09:24,954 - Model-rank0 - INFO - Eval pixel recall: 0.262029
2026-08-22 10:09:24,954 - Model-rank0 - INFO - Eval pixel F1: 0.351089
2026-08-22 10:09:24,954 - Model-rank0 - INFO - Early stopping eval_f1=0.351089; best=0.351089 at epoch 6; bad_epochs=0/30.
2026-08-22 10:09:24,986 - Model-rank0 - INFO - Saved recoverable checkpoint at /home/devbox/project/model/sjy/CSIG2026/Deeppro_v2/DeepPro-main/log/sem_seg/2026-08-22/SatVideoIRSDT_v1__2026-08-22_08-27-32__F1OHEM-brtd3_raw_apmd_hybrid_rms_motion_detrend_scratch_seed47_E100/checkpoints/latest_model.pth
2026-08-22 10:09:25,009 - Model-rank0 - INFO - Saved epoch checkpoint at /home/devbox/project/model/sjy/CSIG2026/Deeppro_v2/DeepPro-main/log/sem_seg/2026-08-22/SatVideoIRSDT_v1__2026-08-22_08-27-32__F1OHEM-brtd3_raw_apmd_hybrid_rms_motion_detrend_scratch_seed47_E100/checkpoints/epoch_6_model.pth
2026-08-22 10:09:25,033 - Model-rank0 - INFO - Saved best checkpoint at /home/devbox/project/model/sjy/CSIG2026/Deeppro_v2/DeepPro-main/log/sem_seg/2026-08-22/SatVideoIRSDT_v1__2026-08-22_08-27-32__F1OHEM-brtd3_raw_apmd_hybrid_rms_motion_detrend_scratch_seed47_E100/checkpoints/best_model.pth
2026-08-22 10:09:25,059 - Model-rank0 - INFO - Saved early-stopping best checkpoint at /home/devbox/project/model/sjy/CSIG2026/Deeppro_v2/DeepPro-main/log/sem_seg/2026-08-22/SatVideoIRSDT_v1__2026-08-22_08-27-32__F1OHEM-brtd3_raw_apmd_hybrid_rms_motion_detrend_scratch_seed47_E100/checkpoints/early_stopping_best_model.pth
2026-08-22 10:09:25,060 - Model-rank0 - INFO - Best mIoU_mid: 0.212922
2026-08-22 10:09:25,309 - Model-rank0 - INFO - CUDA memory after evaluation cleanup: allocated=0.017 GiB, reserved=0.449 GiB
2026-08-22 10:09:25,309 - Model-rank0 - INFO - **** Epoch 7/100 ****
2026-08-22 10:09:25,309 - Model-rank0 - INFO - Learning rate:0.001000
2026-08-22 10:20:06,562 - Model-rank0 - INFO - CUDA memory after training cleanup: allocated=0.017 GiB, reserved=0.449 GiB
2026-08-22 10:20:06,563 - Model-rank0 - INFO - Training mean loss: 0.521109
2026-08-22 10:20:06,563 - Model-rank0 - INFO - Training accuracy (IoU) of prediction: 0.333687
2026-08-22 10:20:06,563 - Model-rank0 - INFO - Training pixel precision: 0.748633
2026-08-22 10:20:06,563 - Model-rank0 - INFO - Training pixel recall: 0.375792
2026-08-22 10:20:06,563 - Model-rank0 - INFO - Training pixel F1: 0.500398
2026-08-22 10:20:06,563 - Model-rank0 - INFO - Training loss component tversky: 0.409112
2026-08-22 10:20:06,563 - Model-rank0 - INFO - Training loss component dice: 0.445295
2026-08-22 10:20:06,563 - Model-rank0 - INFO - Training loss component hard_margin: 2.260149
2026-08-22 10:20:06,563 - Model-rank0 - INFO - Training loss component hard_weight: 0.020000
2026-08-22 10:20:06,563 - Model-rank0 - INFO - ---- EPOCH 007 EVALUATION ----
2026-08-22 10:25:26,726 - Model-rank0 - INFO - Eval mean loss: 0.717842
2026-08-22 10:25:26,727 - Model-rank0 - INFO - Eval avg class IoU of prediction: 0.257427
2026-08-22 10:25:26,727 - Model-rank0 - INFO - Eval pixel precision: 0.596730
2026-08-22 10:25:26,727 - Model-rank0 - INFO - Eval pixel recall: 0.311644
2026-08-22 10:25:26,727 - Model-rank0 - INFO - Eval pixel F1: 0.409451
2026-08-22 10:25:26,727 - Model-rank0 - INFO - Early stopping eval_f1=0.409451; best=0.409451 at epoch 7; bad_epochs=0/30.
2026-08-22 10:25:26,760 - Model-rank0 - INFO - Saved recoverable checkpoint at /home/devbox/project/model/sjy/CSIG2026/Deeppro_v2/DeepPro-main/log/sem_seg/2026-08-22/SatVideoIRSDT_v1__2026-08-22_08-27-32__F1OHEM-brtd3_raw_apmd_hybrid_rms_motion_detrend_scratch_seed47_E100/checkpoints/latest_model.pth
2026-08-22 10:25:26,784 - Model-rank0 - INFO - Saved epoch checkpoint at /home/devbox/project/model/sjy/CSIG2026/Deeppro_v2/DeepPro-main/log/sem_seg/2026-08-22/SatVideoIRSDT_v1__2026-08-22_08-27-32__F1OHEM-brtd3_raw_apmd_hybrid_rms_motion_detrend_scratch_seed47_E100/checkpoints/epoch_7_model.pth
2026-08-22 10:25:26,810 - Model-rank0 - INFO - Saved best checkpoint at /home/devbox/project/model/sjy/CSIG2026/Deeppro_v2/DeepPro-main/log/sem_seg/2026-08-22/SatVideoIRSDT_v1__2026-08-22_08-27-32__F1OHEM-brtd3_raw_apmd_hybrid_rms_motion_detrend_scratch_seed47_E100/checkpoints/best_model.pth
2026-08-22 10:25:26,836 - Model-rank0 - INFO - Saved early-stopping best checkpoint at /home/devbox/project/model/sjy/CSIG2026/Deeppro_v2/DeepPro-main/log/sem_seg/2026-08-22/SatVideoIRSDT_v1__2026-08-22_08-27-32__F1OHEM-brtd3_raw_apmd_hybrid_rms_motion_detrend_scratch_seed47_E100/checkpoints/early_stopping_best_model.pth
2026-08-22 10:25:26,837 - Model-rank0 - INFO - Best mIoU_mid: 0.257427
2026-08-22 10:25:27,011 - Model-rank0 - INFO - CUDA memory after evaluation cleanup: allocated=0.017 GiB, reserved=0.447 GiB
2026-08-22 10:25:27,011 - Model-rank0 - INFO - **** Epoch 8/100 ****
2026-08-22 10:25:27,011 - Model-rank0 - INFO - Learning rate:0.001000
2026-08-22 10:36:30,417 - Model-rank0 - INFO - CUDA memory after training cleanup: allocated=0.017 GiB, reserved=0.451 GiB
2026-08-22 10:36:30,417 - Model-rank0 - INFO - Training mean loss: 0.517928
2026-08-22 10:36:30,417 - Model-rank0 - INFO - Training accuracy (IoU) of prediction: 0.353331
2026-08-22 10:36:30,417 - Model-rank0 - INFO - Training pixel precision: 0.745832
2026-08-22 10:36:30,417 - Model-rank0 - INFO - Training pixel recall: 0.401699
2026-08-22 10:36:30,417 - Model-rank0 - INFO - Training pixel F1: 0.522165
2026-08-22 10:36:30,417 - Model-rank0 - INFO - Training loss component tversky: 0.394470
2026-08-22 10:36:30,417 - Model-rank0 - INFO - Training loss component dice: 0.427827
2026-08-22 10:36:30,417 - Model-rank0 - INFO - Training loss component hard_margin: 1.976128
2026-08-22 10:36:30,417 - Model-rank0 - INFO - Training loss component hard_weight: 0.030000
2026-08-22 10:36:30,417 - Model-rank0 - INFO - ---- EPOCH 008 EVALUATION ----
2026-08-22 10:41:47,871 - Model-rank0 - INFO - Eval mean loss: 0.749072
2026-08-22 10:41:47,871 - Model-rank0 - INFO - Eval avg class IoU of prediction: 0.227644
2026-08-22 10:41:47,871 - Model-rank0 - INFO - Eval pixel precision: 0.422202
2026-08-22 10:41:47,871 - Model-rank0 - INFO - Eval pixel recall: 0.330655
2026-08-22 10:41:47,871 - Model-rank0 - INFO - Eval pixel F1: 0.370863
2026-08-22 10:41:47,871 - Model-rank0 - INFO - Early stopping eval_f1=0.370863; best=0.409451 at epoch 7; bad_epochs=0/30.
2026-08-22 10:41:47,897 - Model-rank0 - INFO - Saved recoverable checkpoint at /home/devbox/project/model/sjy/CSIG2026/Deeppro_v2/DeepPro-main/log/sem_seg/2026-08-22/SatVideoIRSDT_v1__2026-08-22_08-27-32__F1OHEM-brtd3_raw_apmd_hybrid_rms_motion_detrend_scratch_seed47_E100/checkpoints/latest_model.pth
2026-08-22 10:41:47,898 - Model-rank0 - INFO - Best mIoU_mid: 0.257427
2026-08-22 10:41:48,089 - Model-rank0 - INFO - CUDA memory after evaluation cleanup: allocated=0.017 GiB, reserved=0.447 GiB
2026-08-22 10:41:48,090 - Model-rank0 - INFO - **** Epoch 9/100 ****
2026-08-22 10:41:48,090 - Model-rank0 - INFO - Learning rate:0.001000
2026-08-22 10:52:59,832 - Model-rank0 - INFO - CUDA memory after training cleanup: allocated=0.017 GiB, reserved=0.449 GiB
2026-08-22 10:52:59,832 - Model-rank0 - INFO - Training mean loss: 0.516857
2026-08-22 10:52:59,832 - Model-rank0 - INFO - Training accuracy (IoU) of prediction: 0.351989
2026-08-22 10:52:59,833 - Model-rank0 - INFO - Training pixel precision: 0.754503
2026-08-22 10:52:59,833 - Model-rank0 - INFO - Training pixel recall: 0.397516
2026-08-22 10:52:59,833 - Model-rank0 - INFO - Training pixel F1: 0.520698
2026-08-22 10:52:59,833 - Model-rank0 - INFO - Training loss component tversky: 0.381906
2026-08-22 10:52:59,833 - Model-rank0 - INFO - Training loss component dice: 0.414958
2026-08-22 10:52:59,833 - Model-rank0 - INFO - Training loss component hard_margin: 1.817677
2026-08-22 10:52:59,833 - Model-rank0 - INFO - Training loss component hard_weight: 0.040000
2026-08-22 10:52:59,833 - Model-rank0 - INFO - ---- EPOCH 009 EVALUATION ----
2026-08-22 10:58:15,841 - Model-rank0 - INFO - Eval mean loss: 0.747926
2026-08-22 10:58:15,841 - Model-rank0 - INFO - Eval avg class IoU of prediction: 0.245308
2026-08-22 10:58:15,841 - Model-rank0 - INFO - Eval pixel precision: 0.477549
2026-08-22 10:58:15,842 - Model-rank0 - INFO - Eval pixel recall: 0.335291
2026-08-22 10:58:15,842 - Model-rank0 - INFO - Eval pixel F1: 0.393971
2026-08-22 10:58:15,842 - Model-rank0 - INFO - Early stopping eval_f1=0.393971; best=0.409451 at epoch 7; bad_epochs=0/30.
2026-08-22 10:58:15,873 - Model-rank0 - INFO - Saved recoverable checkpoint at /home/devbox/project/model/sjy/CSIG2026/Deeppro_v2/DeepPro-main/log/sem_seg/2026-08-22/SatVideoIRSDT_v1__2026-08-22_08-27-32__F1OHEM-brtd3_raw_apmd_hybrid_rms_motion_detrend_scratch_seed47_E100/checkpoints/latest_model.pth
2026-08-22 10:58:15,874 - Model-rank0 - INFO - Best mIoU_mid: 0.257427
2026-08-22 10:58:16,106 - Model-rank0 - INFO - CUDA memory after evaluation cleanup: allocated=0.017 GiB, reserved=0.447 GiB
2026-08-22 10:58:16,106 - Model-rank0 - INFO - **** Epoch 10/100 ****
2026-08-22 10:58:16,107 - Model-rank0 - INFO - Learning rate:0.001000
2026-08-22 11:09:33,832 - Model-rank0 - INFO - CUDA memory after training cleanup: allocated=0.017 GiB, reserved=0.449 GiB
2026-08-22 11:09:33,832 - Model-rank0 - INFO - Training mean loss: 0.502177
2026-08-22 11:09:33,832 - Model-rank0 - INFO - Training accuracy (IoU) of prediction: 0.354255
2026-08-22 11:09:33,832 - Model-rank0 - INFO - Training pixel precision: 0.743211
2026-08-22 11:09:33,832 - Model-rank0 - INFO - Training pixel recall: 0.403663
2026-08-22 11:09:33,832 - Model-rank0 - INFO - Training pixel F1: 0.523173
2026-08-22 11:09:33,832 - Model-rank0 - INFO - Training loss component tversky: 0.356729
2026-08-22 11:09:33,833 - Model-rank0 - INFO - Training loss component dice: 0.391146
2026-08-22 11:09:33,833 - Model-rank0 - INFO - Training loss component hard_margin: 1.735513
2026-08-22 11:09:33,833 - Model-rank0 - INFO - Training loss component hard_weight: 0.050000
2026-08-22 11:09:33,833 - Model-rank0 - INFO - ---- EPOCH 010 EVALUATION ----
2026-08-22 11:14:52,932 - Model-rank0 - INFO - Eval mean loss: 0.768660
2026-08-22 11:14:52,933 - Model-rank0 - INFO - Eval avg class IoU of prediction: 0.273906
2026-08-22 11:14:52,933 - Model-rank0 - INFO - Eval pixel precision: 0.756112
2026-08-22 11:14:52,933 - Model-rank0 - INFO - Eval pixel recall: 0.300451
2026-08-22 11:14:52,933 - Model-rank0 - INFO - Eval pixel F1: 0.430026
2026-08-22 11:14:52,933 - Model-rank0 - INFO - Early stopping eval_f1=0.430026; best=0.430026 at epoch 10; bad_epochs=0/30.
2026-08-22 11:14:52,962 - Model-rank0 - INFO - Saved recoverable checkpoint at /home/devbox/project/model/sjy/CSIG2026/Deeppro_v2/DeepPro-main/log/sem_seg/2026-08-22/SatVideoIRSDT_v1__2026-08-22_08-27-32__F1OHEM-brtd3_raw_apmd_hybrid_rms_motion_detrend_scratch_seed47_E100/checkpoints/latest_model.pth
2026-08-22 11:14:52,985 - Model-rank0 - INFO - Saved epoch checkpoint at /home/devbox/project/model/sjy/CSIG2026/Deeppro_v2/DeepPro-main/log/sem_seg/2026-08-22/SatVideoIRSDT_v1__2026-08-22_08-27-32__F1OHEM-brtd3_raw_apmd_hybrid_rms_motion_detrend_scratch_seed47_E100/checkpoints/epoch_10_model.pth
2026-08-22 11:14:53,009 - Model-rank0 - INFO - Saved best checkpoint at /home/devbox/project/model/sjy/CSIG2026/Deeppro_v2/DeepPro-main/log/sem_seg/2026-08-22/SatVideoIRSDT_v1__2026-08-22_08-27-32__F1OHEM-brtd3_raw_apmd_hybrid_rms_motion_detrend_scratch_seed47_E100/checkpoints/best_model.pth
2026-08-22 11:14:53,034 - Model-rank0 - INFO - Saved early-stopping best checkpoint at /home/devbox/project/model/sjy/CSIG2026/Deeppro_v2/DeepPro-main/log/sem_seg/2026-08-22/SatVideoIRSDT_v1__2026-08-22_08-27-32__F1OHEM-brtd3_raw_apmd_hybrid_rms_motion_detrend_scratch_seed47_E100/checkpoints/early_stopping_best_model.pth
2026-08-22 11:14:53,034 - Model-rank0 - INFO - Best mIoU_mid: 0.273906
2026-08-22 11:14:53,287 - Model-rank0 - INFO - CUDA memory after evaluation cleanup: allocated=0.017 GiB, reserved=0.447 GiB
2026-08-22 11:14:53,287 - Model-rank0 - INFO - **** Epoch 11/100 ****
2026-08-22 11:14:53,287 - Model-rank0 - INFO - Learning rate:0.000700
2026-08-22 11:26:21,727 - Model-rank0 - INFO - CUDA memory after training cleanup: allocated=0.017 GiB, reserved=0.451 GiB
2026-08-22 11:26:21,727 - Model-rank0 - INFO - Training mean loss: 0.493401
2026-08-22 11:26:21,727 - Model-rank0 - INFO - Training accuracy (IoU) of prediction: 0.385878
2026-08-22 11:26:21,727 - Model-rank0 - INFO - Training pixel precision: 0.758942
2026-08-22 11:26:21,727 - Model-rank0 - INFO - Training pixel recall: 0.439779
2026-08-22 11:26:21,727 - Model-rank0 - INFO - Training pixel F1: 0.556871
2026-08-22 11:26:21,727 - Model-rank0 - INFO - Training loss component tversky: 0.342417
2026-08-22 11:26:21,727 - Model-rank0 - INFO - Training loss component dice: 0.374225
2026-08-22 11:26:21,727 - Model-rank0 - INFO - Training loss component hard_margin: 1.580834
2026-08-22 11:26:21,727 - Model-rank0 - INFO - Training loss component hard_weight: 0.060000
2026-08-22 11:26:21,727 - Model-rank0 - INFO - ---- EPOCH 011 EVALUATION ----
2026-08-22 11:31:46,692 - Model-rank0 - INFO - Eval mean loss: 0.819124
2026-08-22 11:31:46,692 - Model-rank0 - INFO - Eval avg class IoU of prediction: 0.250310
2026-08-22 11:31:46,692 - Model-rank0 - INFO - Eval pixel precision: 0.604838
2026-08-22 11:31:46,692 - Model-rank0 - INFO - Eval pixel recall: 0.299248
2026-08-22 11:31:46,692 - Model-rank0 - INFO - Eval pixel F1: 0.400396
2026-08-22 11:31:46,692 - Model-rank0 - INFO - Early stopping eval_f1=0.400396; best=0.430026 at epoch 10; bad_epochs=0/30.
2026-08-22 11:31:46,724 - Model-rank0 - INFO - Saved recoverable checkpoint at /home/devbox/project/model/sjy/CSIG2026/Deeppro_v2/DeepPro-main/log/sem_seg/2026-08-22/SatVideoIRSDT_v1__2026-08-22_08-27-32__F1OHEM-brtd3_raw_apmd_hybrid_rms_motion_detrend_scratch_seed47_E100/checkpoints/latest_model.pth
2026-08-22 11:31:46,724 - Model-rank0 - INFO - Best mIoU_mid: 0.273906
2026-08-22 11:31:47,001 - Model-rank0 - INFO - CUDA memory after evaluation cleanup: allocated=0.017 GiB, reserved=0.447 GiB
2026-08-22 11:31:47,002 - Model-rank0 - INFO - **** Epoch 12/100 ****
2026-08-22 11:31:47,002 - Model-rank0 - INFO - Learning rate:0.000700
2026-08-22 11:42:55,222 - Model-rank0 - INFO - CUDA memory after training cleanup: allocated=0.017 GiB, reserved=0.449 GiB
2026-08-22 11:42:55,222 - Model-rank0 - INFO - Training mean loss: 0.515162
2026-08-22 11:42:55,222 - Model-rank0 - INFO - Training accuracy (IoU) of prediction: 0.384537
2026-08-22 11:42:55,222 - Model-rank0 - INFO - Training pixel precision: 0.756270
2026-08-22 11:42:55,222 - Model-rank0 - INFO - Training pixel recall: 0.438933
2026-08-22 11:42:55,222 - Model-rank0 - INFO - Training pixel F1: 0.555473
2026-08-22 11:42:55,222 - Model-rank0 - INFO - Training loss component tversky: 0.349396
2026-08-22 11:42:55,222 - Model-rank0 - INFO - Training loss component dice: 0.381715
2026-08-22 11:42:55,222 - Model-rank0 - INFO - Training loss component hard_margin: 1.550129
2026-08-22 11:42:55,222 - Model-rank0 - INFO - Training loss component hard_weight: 0.070000
2026-08-22 11:42:55,222 - Model-rank0 - INFO - ---- EPOCH 012 EVALUATION ----
2026-08-22 11:48:11,363 - Model-rank0 - INFO - Eval mean loss: 0.829958
2026-08-22 11:48:11,363 - Model-rank0 - INFO - Eval avg class IoU of prediction: 0.251496
2026-08-22 11:48:11,363 - Model-rank0 - INFO - Eval pixel precision: 0.563567
2026-08-22 11:48:11,363 - Model-rank0 - INFO - Eval pixel recall: 0.312325
2026-08-22 11:48:11,364 - Model-rank0 - INFO - Eval pixel F1: 0.401913
2026-08-22 11:48:11,364 - Model-rank0 - INFO - Early stopping eval_f1=0.401913; best=0.430026 at epoch 10; bad_epochs=0/30.
2026-08-22 11:48:11,393 - Model-rank0 - INFO - Saved recoverable checkpoint at /home/devbox/project/model/sjy/CSIG2026/Deeppro_v2/DeepPro-main/log/sem_seg/2026-08-22/SatVideoIRSDT_v1__2026-08-22_08-27-32__F1OHEM-brtd3_raw_apmd_hybrid_rms_motion_detrend_scratch_seed47_E100/checkpoints/latest_model.pth
2026-08-22 11:48:11,393 - Model-rank0 - INFO - Best mIoU_mid: 0.273906
2026-08-22 11:48:11,672 - Model-rank0 - INFO - CUDA memory after evaluation cleanup: allocated=0.017 GiB, reserved=0.447 GiB
2026-08-22 11:48:11,672 - Model-rank0 - INFO - **** Epoch 13/100 ****
2026-08-22 11:48:11,672 - Model-rank0 - INFO - Learning rate:0.000700
2026-08-22 11:59:11,776 - Model-rank0 - INFO - CUDA memory after training cleanup: allocated=0.017 GiB, reserved=0.451 GiB
2026-08-22 11:59:11,776 - Model-rank0 - INFO - Training mean loss: 0.510769
2026-08-22 11:59:11,776 - Model-rank0 - INFO - Training accuracy (IoU) of prediction: 0.395853
2026-08-22 11:59:11,776 - Model-rank0 - INFO - Training pixel precision: 0.755358
2026-08-22 11:59:11,776 - Model-rank0 - INFO - Training pixel recall: 0.454067
2026-08-22 11:59:11,776 - Model-rank0 - INFO - Training pixel F1: 0.567184
2026-08-22 11:59:11,776 - Model-rank0 - INFO - Training loss component tversky: 0.338749
2026-08-22 11:59:11,776 - Model-rank0 - INFO - Training loss component dice: 0.369346
2026-08-22 11:59:11,776 - Model-rank0 - INFO - Training loss component hard_margin: 1.457737
2026-08-22 11:59:11,776 - Model-rank0 - INFO - Training loss component hard_weight: 0.080000
2026-08-22 11:59:11,776 - Model-rank0 - INFO - ---- EPOCH 013 EVALUATION ----
2026-08-22 12:04:30,310 - Model-rank0 - INFO - Eval mean loss: 0.806403
2026-08-22 12:04:30,311 - Model-rank0 - INFO - Eval avg class IoU of prediction: 0.278708
2026-08-22 12:04:30,311 - Model-rank0 - INFO - Eval pixel precision: 0.563067
2026-08-22 12:04:30,311 - Model-rank0 - INFO - Eval pixel recall: 0.355619
2026-08-22 12:04:30,311 - Model-rank0 - INFO - Eval pixel F1: 0.435921
2026-08-22 12:04:30,311 - Model-rank0 - INFO - Early stopping eval_f1=0.435921; best=0.435921 at epoch 13; bad_epochs=0/30.
2026-08-22 12:04:30,343 - Model-rank0 - INFO - Saved recoverable checkpoint at /home/devbox/project/model/sjy/CSIG2026/Deeppro_v2/DeepPro-main/log/sem_seg/2026-08-22/SatVideoIRSDT_v1__2026-08-22_08-27-32__F1OHEM-brtd3_raw_apmd_hybrid_rms_motion_detrend_scratch_seed47_E100/checkpoints/latest_model.pth
2026-08-22 12:04:30,368 - Model-rank0 - INFO - Saved epoch checkpoint at /home/devbox/project/model/sjy/CSIG2026/Deeppro_v2/DeepPro-main/log/sem_seg/2026-08-22/SatVideoIRSDT_v1__2026-08-22_08-27-32__F1OHEM-brtd3_raw_apmd_hybrid_rms_motion_detrend_scratch_seed47_E100/checkpoints/epoch_13_model.pth
2026-08-22 12:04:30,398 - Model-rank0 - INFO - Saved best checkpoint at /home/devbox/project/model/sjy/CSIG2026/Deeppro_v2/DeepPro-main/log/sem_seg/2026-08-22/SatVideoIRSDT_v1__2026-08-22_08-27-32__F1OHEM-brtd3_raw_apmd_hybrid_rms_motion_detrend_scratch_seed47_E100/checkpoints/best_model.pth
2026-08-22 12:04:30,424 - Model-rank0 - INFO - Saved early-stopping best checkpoint at /home/devbox/project/model/sjy/CSIG2026/Deeppro_v2/DeepPro-main/log/sem_seg/2026-08-22/SatVideoIRSDT_v1__2026-08-22_08-27-32__F1OHEM-brtd3_raw_apmd_hybrid_rms_motion_detrend_scratch_seed47_E100/checkpoints/early_stopping_best_model.pth
2026-08-22 12:04:30,425 - Model-rank0 - INFO - Best mIoU_mid: 0.278708
2026-08-22 12:04:30,693 - Model-rank0 - INFO - CUDA memory after evaluation cleanup: allocated=0.017 GiB, reserved=0.447 GiB
2026-08-22 12:04:30,693 - Model-rank0 - INFO - **** Epoch 14/100 ****
2026-08-22 12:04:30,693 - Model-rank0 - INFO - Learning rate:0.000700
2026-08-22 12:15:16,480 - Model-rank0 - INFO - CUDA memory after training cleanup: allocated=0.017 GiB, reserved=0.447 GiB
2026-08-22 12:15:16,480 - Model-rank0 - INFO - Training mean loss: 0.509719
2026-08-22 12:15:16,480 - Model-rank0 - INFO - Training accuracy (IoU) of prediction: 0.421731
2026-08-22 12:15:16,480 - Model-rank0 - INFO - Training pixel precision: 0.762962
2026-08-22 12:15:16,480 - Model-rank0 - INFO - Training pixel recall: 0.485320
2026-08-22 12:15:16,480 - Model-rank0 - INFO - Training pixel F1: 0.593264
2026-08-22 12:15:16,480 - Model-rank0 - INFO - Training loss component tversky: 0.330481
2026-08-22 12:15:16,480 - Model-rank0 - INFO - Training loss component dice: 0.361219
2026-08-22 12:15:16,480 - Model-rank0 - INFO - Training loss component hard_margin: 1.389493
2026-08-22 12:15:16,480 - Model-rank0 - INFO - Training loss component hard_weight: 0.090000
2026-08-22 12:15:16,480 - Model-rank0 - INFO - ---- EPOCH 014 EVALUATION ----
2026-08-22 12:20:36,256 - Model-rank0 - INFO - Eval mean loss: 0.856414
2026-08-22 12:20:36,256 - Model-rank0 - INFO - Eval avg class IoU of prediction: 0.263864
2026-08-22 12:20:36,256 - Model-rank0 - INFO - Eval pixel precision: 0.555492
2026-08-22 12:20:36,256 - Model-rank0 - INFO - Eval pixel recall: 0.334491
2026-08-22 12:20:36,256 - Model-rank0 - INFO - Eval pixel F1: 0.417552
2026-08-22 12:20:36,256 - Model-rank0 - INFO - Early stopping eval_f1=0.417552; best=0.435921 at epoch 13; bad_epochs=0/30.
2026-08-22 12:20:36,290 - Model-rank0 - INFO - Saved recoverable checkpoint at /home/devbox/project/model/sjy/CSIG2026/Deeppro_v2/DeepPro-main/log/sem_seg/2026-08-22/SatVideoIRSDT_v1__2026-08-22_08-27-32__F1OHEM-brtd3_raw_apmd_hybrid_rms_motion_detrend_scratch_seed47_E100/checkpoints/latest_model.pth
2026-08-22 12:20:36,291 - Model-rank0 - INFO - Best mIoU_mid: 0.278708
2026-08-22 12:20:36,535 - Model-rank0 - INFO - CUDA memory after evaluation cleanup: allocated=0.017 GiB, reserved=0.447 GiB
2026-08-22 12:20:36,535 - Model-rank0 - INFO - **** Epoch 15/100 ****
2026-08-22 12:20:36,535 - Model-rank0 - INFO - Learning rate:0.000700
2026-08-22 12:32:32,788 - Model-rank0 - INFO - CUDA memory after training cleanup: allocated=0.017 GiB, reserved=0.449 GiB
2026-08-22 12:32:32,789 - Model-rank0 - INFO - Training mean loss: 0.515776
2026-08-22 12:32:32,789 - Model-rank0 - INFO - Training accuracy (IoU) of prediction: 0.417606
2026-08-22 12:32:32,789 - Model-rank0 - INFO - Training pixel precision: 0.764372
2026-08-22 12:32:32,789 - Model-rank0 - INFO - Training pixel recall: 0.479309
2026-08-22 12:32:32,789 - Model-rank0 - INFO - Training pixel F1: 0.589171
2026-08-22 12:32:32,789 - Model-rank0 - INFO - Training loss component tversky: 0.328056
2026-08-22 12:32:32,789 - Model-rank0 - INFO - Training loss component dice: 0.358432
2026-08-22 12:32:32,789 - Model-rank0 - INFO - Training loss component hard_margin: 1.339555
2026-08-22 12:32:32,789 - Model-rank0 - INFO - Training loss component hard_weight: 0.100000
2026-08-22 12:32:32,789 - Model-rank0 - INFO - ---- EPOCH 015 EVALUATION ----
2026-08-22 12:37:50,965 - Model-rank0 - INFO - Eval mean loss: 0.880793
2026-08-22 12:37:50,965 - Model-rank0 - INFO - Eval avg class IoU of prediction: 0.285357
2026-08-22 12:37:50,965 - Model-rank0 - INFO - Eval pixel precision: 0.745533
2026-08-22 12:37:50,965 - Model-rank0 - INFO - Eval pixel recall: 0.316150
2026-08-22 12:37:50,965 - Model-rank0 - INFO - Eval pixel F1: 0.444012
2026-08-22 12:37:50,965 - Model-rank0 - INFO - Early stopping eval_f1=0.444012; best=0.444012 at epoch 15; bad_epochs=0/30.
2026-08-22 12:37:51,004 - Model-rank0 - INFO - Saved recoverable checkpoint at /home/devbox/project/model/sjy/CSIG2026/Deeppro_v2/DeepPro-main/log/sem_seg/2026-08-22/SatVideoIRSDT_v1__2026-08-22_08-27-32__F1OHEM-brtd3_raw_apmd_hybrid_rms_motion_detrend_scratch_seed47_E100/checkpoints/latest_model.pth
2026-08-22 12:37:51,033 - Model-rank0 - INFO - Saved epoch checkpoint at /home/devbox/project/model/sjy/CSIG2026/Deeppro_v2/DeepPro-main/log/sem_seg/2026-08-22/SatVideoIRSDT_v1__2026-08-22_08-27-32__F1OHEM-brtd3_raw_apmd_hybrid_rms_motion_detrend_scratch_seed47_E100/checkpoints/epoch_15_model.pth
2026-08-22 12:37:51,064 - Model-rank0 - INFO - Saved best checkpoint at /home/devbox/project/model/sjy/CSIG2026/Deeppro_v2/DeepPro-main/log/sem_seg/2026-08-22/SatVideoIRSDT_v1__2026-08-22_08-27-32__F1OHEM-brtd3_raw_apmd_hybrid_rms_motion_detrend_scratch_seed47_E100/checkpoints/best_model.pth
2026-08-22 12:37:51,095 - Model-rank0 - INFO - Saved early-stopping best checkpoint at /home/devbox/project/model/sjy/CSIG2026/Deeppro_v2/DeepPro-main/log/sem_seg/2026-08-22/SatVideoIRSDT_v1__2026-08-22_08-27-32__F1OHEM-brtd3_raw_apmd_hybrid_rms_motion_detrend_scratch_seed47_E100/checkpoints/early_stopping_best_model.pth
2026-08-22 12:37:51,095 - Model-rank0 - INFO - Best mIoU_mid: 0.285357
2026-08-22 12:37:51,285 - Model-rank0 - INFO - CUDA memory after evaluation cleanup: allocated=0.017 GiB, reserved=0.447 GiB
2026-08-22 12:37:51,286 - Model-rank0 - INFO - **** Epoch 16/100 ****
2026-08-22 12:37:51,286 - Model-rank0 - INFO - Learning rate:0.000700
2026-08-22 12:48:22,422 - Model-rank0 - INFO - CUDA memory after training cleanup: allocated=0.017 GiB, reserved=0.449 GiB
2026-08-22 12:48:22,422 - Model-rank0 - INFO - Training mean loss: 0.511047
2026-08-22 12:48:22,423 - Model-rank0 - INFO - Training accuracy (IoU) of prediction: 0.397558
2026-08-22 12:48:22,423 - Model-rank0 - INFO - Training pixel precision: 0.768002
2026-08-22 12:48:22,423 - Model-rank0 - INFO - Training pixel recall: 0.451819
2026-08-22 12:48:22,423 - Model-rank0 - INFO - Training pixel F1: 0.568932
2026-08-22 12:48:22,423 - Model-rank0 - INFO - Training loss component tversky: 0.321032
2026-08-22 12:48:22,423 - Model-rank0 - INFO - Training loss component dice: 0.352195
2026-08-22 12:48:22,423 - Model-rank0 - INFO - Training loss component hard_margin: 1.371850
2026-08-22 12:48:22,423 - Model-rank0 - INFO - Training loss component hard_weight: 0.100000
2026-08-22 12:48:22,423 - Model-rank0 - INFO - ---- EPOCH 016 EVALUATION ----
2026-08-22 12:53:41,374 - Model-rank0 - INFO - Eval mean loss: 0.855777
2026-08-22 12:53:41,375 - Model-rank0 - INFO - Eval avg class IoU of prediction: 0.294066
2026-08-22 12:53:41,375 - Model-rank0 - INFO - Eval pixel precision: 0.686041
2026-08-22 12:53:41,375 - Model-rank0 - INFO - Eval pixel recall: 0.339794
2026-08-22 12:53:41,375 - Model-rank0 - INFO - Eval pixel F1: 0.454483
2026-08-22 12:53:41,375 - Model-rank0 - INFO - Early stopping eval_f1=0.454483; best=0.454483 at epoch 16; bad_epochs=0/30.
2026-08-22 12:53:41,406 - Model-rank0 - INFO - Saved recoverable checkpoint at /home/devbox/project/model/sjy/CSIG2026/Deeppro_v2/DeepPro-main/log/sem_seg/2026-08-22/SatVideoIRSDT_v1__2026-08-22_08-27-32__F1OHEM-brtd3_raw_apmd_hybrid_rms_motion_detrend_scratch_seed47_E100/checkpoints/latest_model.pth
2026-08-22 12:53:41,426 - Model-rank0 - INFO - Saved epoch checkpoint at /home/devbox/project/model/sjy/CSIG2026/Deeppro_v2/DeepPro-main/log/sem_seg/2026-08-22/SatVideoIRSDT_v1__2026-08-22_08-27-32__F1OHEM-brtd3_raw_apmd_hybrid_rms_motion_detrend_scratch_seed47_E100/checkpoints/epoch_16_model.pth
2026-08-22 12:53:41,452 - Model-rank0 - INFO - Saved best checkpoint at /home/devbox/project/model/sjy/CSIG2026/Deeppro_v2/DeepPro-main/log/sem_seg/2026-08-22/SatVideoIRSDT_v1__2026-08-22_08-27-32__F1OHEM-brtd3_raw_apmd_hybrid_rms_motion_detrend_scratch_seed47_E100/checkpoints/best_model.pth
2026-08-22 12:53:41,475 - Model-rank0 - INFO - Saved early-stopping best checkpoint at /home/devbox/project/model/sjy/CSIG2026/Deeppro_v2/DeepPro-main/log/sem_seg/2026-08-22/SatVideoIRSDT_v1__2026-08-22_08-27-32__F1OHEM-brtd3_raw_apmd_hybrid_rms_motion_detrend_scratch_seed47_E100/checkpoints/early_stopping_best_model.pth
2026-08-22 12:53:41,475 - Model-rank0 - INFO - Best mIoU_mid: 0.294066
2026-08-22 12:53:41,660 - Model-rank0 - INFO - CUDA memory after evaluation cleanup: allocated=0.017 GiB, reserved=0.447 GiB
2026-08-22 12:53:41,660 - Model-rank0 - INFO - **** Epoch 17/100 ****
2026-08-22 12:53:41,660 - Model-rank0 - INFO - Learning rate:0.000700
2026-08-22 13:04:22,195 - Model-rank0 - INFO - CUDA memory after training cleanup: allocated=0.017 GiB, reserved=0.447 GiB
2026-08-22 13:04:22,195 - Model-rank0 - INFO - Training mean loss: 0.488996
2026-08-22 13:04:22,195 - Model-rank0 - INFO - Training accuracy (IoU) of prediction: 0.401870
2026-08-22 13:04:22,195 - Model-rank0 - INFO - Training pixel precision: 0.728301
2026-08-22 13:04:22,195 - Model-rank0 - INFO - Training pixel recall: 0.472745
2026-08-22 13:04:22,195 - Model-rank0 - INFO - Training pixel F1: 0.573334
2026-08-22 13:04:22,195 - Model-rank0 - INFO - Training loss component tversky: 0.307664
2026-08-22 13:04:22,195 - Model-rank0 - INFO - Training loss component dice: 0.336967
2026-08-22 13:04:22,195 - Model-rank0 - INFO - Training loss component hard_margin: 1.307864
2026-08-22 13:04:22,195 - Model-rank0 - INFO - Training loss component hard_weight: 0.100000
2026-08-22 13:04:22,195 - Model-rank0 - INFO - ---- EPOCH 017 EVALUATION ----
2026-08-22 13:09:39,590 - Model-rank0 - INFO - Eval mean loss: 0.897907
2026-08-22 13:09:39,591 - Model-rank0 - INFO - Eval avg class IoU of prediction: 0.275927
2026-08-22 13:09:39,591 - Model-rank0 - INFO - Eval pixel precision: 0.682659
2026-08-22 13:09:39,591 - Model-rank0 - INFO - Eval pixel recall: 0.316526
2026-08-22 13:09:39,591 - Model-rank0 - INFO - Eval pixel F1: 0.432512
2026-08-22 13:09:39,591 - Model-rank0 - INFO - Early stopping eval_f1=0.432512; best=0.454483 at epoch 16; bad_epochs=1/30.
2026-08-22 13:09:39,624 - Model-rank0 - INFO - Saved recoverable checkpoint at /home/devbox/project/model/sjy/CSIG2026/Deeppro_v2/DeepPro-main/log/sem_seg/2026-08-22/SatVideoIRSDT_v1__2026-08-22_08-27-32__F1OHEM-brtd3_raw_apmd_hybrid_rms_motion_detrend_scratch_seed47_E100/checkpoints/latest_model.pth
2026-08-22 13:09:39,625 - Model-rank0 - INFO - Best mIoU_mid: 0.294066
2026-08-22 13:09:39,786 - Model-rank0 - INFO - CUDA memory after evaluation cleanup: allocated=0.017 GiB, reserved=0.447 GiB
2026-08-22 13:09:39,786 - Model-rank0 - INFO - **** Epoch 18/100 ****
2026-08-22 13:09:39,786 - Model-rank0 - INFO - Learning rate:0.000700
2026-08-22 13:19:34,955 - Model-rank0 - INFO - CUDA memory after training cleanup: allocated=0.017 GiB, reserved=0.451 GiB
2026-08-22 13:19:34,956 - Model-rank0 - INFO - Training mean loss: 0.474812
2026-08-22 13:19:34,956 - Model-rank0 - INFO - Training accuracy (IoU) of prediction: 0.433264
2026-08-22 13:19:34,956 - Model-rank0 - INFO - Training pixel precision: 0.723601
2026-08-22 13:19:34,956 - Model-rank0 - INFO - Training pixel recall: 0.519188
2026-08-22 13:19:34,956 - Model-rank0 - INFO - Training pixel F1: 0.604584
2026-08-22 13:19:34,956 - Model-rank0 - INFO - Training loss component tversky: 0.298008
2026-08-22 13:19:34,956 - Model-rank0 - INFO - Training loss component dice: 0.326933
2026-08-22 13:19:34,956 - Model-rank0 - INFO - Training loss component hard_margin: 1.277640
2026-08-22 13:19:34,956 - Model-rank0 - INFO - Training loss component hard_weight: 0.100000
2026-08-22 13:19:34,956 - Model-rank0 - INFO - ---- EPOCH 018 EVALUATION ----
2026-08-22 13:24:55,218 - Model-rank0 - INFO - Eval mean loss: 0.850642
2026-08-22 13:24:55,219 - Model-rank0 - INFO - Eval avg class IoU of prediction: 0.284164
2026-08-22 13:24:55,219 - Model-rank0 - INFO - Eval pixel precision: 0.607938
2026-08-22 13:24:55,219 - Model-rank0 - INFO - Eval pixel recall: 0.347924
2026-08-22 13:24:55,219 - Model-rank0 - INFO - Eval pixel F1: 0.442566
2026-08-22 13:24:55,219 - Model-rank0 - INFO - Early stopping eval_f1=0.442566; best=0.454483 at epoch 16; bad_epochs=2/30.
2026-08-22 13:24:55,249 - Model-rank0 - INFO - Saved recoverable checkpoint at /home/devbox/project/model/sjy/CSIG2026/Deeppro_v2/DeepPro-main/log/sem_seg/2026-08-22/SatVideoIRSDT_v1__2026-08-22_08-27-32__F1OHEM-brtd3_raw_apmd_hybrid_rms_motion_detrend_scratch_seed47_E100/checkpoints/latest_model.pth
2026-08-22 13:24:55,249 - Model-rank0 - INFO - Best mIoU_mid: 0.294066
2026-08-22 13:24:55,396 - Model-rank0 - INFO - CUDA memory after evaluation cleanup: allocated=0.017 GiB, reserved=0.447 GiB
2026-08-22 13:24:55,396 - Model-rank0 - INFO - **** Epoch 19/100 ****
2026-08-22 13:24:55,396 - Model-rank0 - INFO - Learning rate:0.000700
2026-08-22 13:35:20,420 - Model-rank0 - INFO - CUDA memory after training cleanup: allocated=0.017 GiB, reserved=0.449 GiB
2026-08-22 13:35:20,420 - Model-rank0 - INFO - Training mean loss: 0.450281
2026-08-22 13:35:20,420 - Model-rank0 - INFO - Training accuracy (IoU) of prediction: 0.465454
2026-08-22 13:35:20,420 - Model-rank0 - INFO - Training pixel precision: 0.744733
2026-08-22 13:35:20,420 - Model-rank0 - INFO - Training pixel recall: 0.553809
2026-08-22 13:35:20,420 - Model-rank0 - INFO - Training pixel F1: 0.635236
2026-08-22 13:35:20,420 - Model-rank0 - INFO - Training loss component tversky: 0.282527
2026-08-22 13:35:20,420 - Model-rank0 - INFO - Training loss component dice: 0.311193
2026-08-22 13:35:20,420 - Model-rank0 - INFO - Training loss component hard_margin: 1.210751
2026-08-22 13:35:20,420 - Model-rank0 - INFO - Training loss component hard_weight: 0.100000
2026-08-22 13:35:20,420 - Model-rank0 - INFO - ---- EPOCH 019 EVALUATION ----
2026-08-22 13:40:38,230 - Model-rank0 - INFO - Eval mean loss: 0.858541
2026-08-22 13:40:38,230 - Model-rank0 - INFO - Eval avg class IoU of prediction: 0.287828
2026-08-22 13:40:38,230 - Model-rank0 - INFO - Eval pixel precision: 0.668280
2026-08-22 13:40:38,230 - Model-rank0 - INFO - Eval pixel recall: 0.335805
2026-08-22 13:40:38,230 - Model-rank0 - INFO - Eval pixel F1: 0.446998
2026-08-22 13:40:38,230 - Model-rank0 - INFO - Early stopping eval_f1=0.446998; best=0.454483 at epoch 16; bad_epochs=3/30.
2026-08-22 13:40:38,258 - Model-rank0 - INFO - Saved recoverable checkpoint at /home/devbox/project/model/sjy/CSIG2026/Deeppro_v2/DeepPro-main/log/sem_seg/2026-08-22/SatVideoIRSDT_v1__2026-08-22_08-27-32__F1OHEM-brtd3_raw_apmd_hybrid_rms_motion_detrend_scratch_seed47_E100/checkpoints/latest_model.pth
2026-08-22 13:40:38,259 - Model-rank0 - INFO - Best mIoU_mid: 0.294066
2026-08-22 13:40:38,467 - Model-rank0 - INFO - CUDA memory after evaluation cleanup: allocated=0.017 GiB, reserved=0.447 GiB
2026-08-22 13:40:38,467 - Model-rank0 - INFO - **** Epoch 20/100 ****
2026-08-22 13:40:38,467 - Model-rank0 - INFO - Learning rate:0.000700
2026-08-22 13:50:41,149 - Model-rank0 - INFO - CUDA memory after training cleanup: allocated=0.017 GiB, reserved=0.449 GiB
2026-08-22 13:50:41,150 - Model-rank0 - INFO - Training mean loss: 0.442867
2026-08-22 13:50:41,150 - Model-rank0 - INFO - Training accuracy (IoU) of prediction: 0.473802
2026-08-22 13:50:41,150 - Model-rank0 - INFO - Training pixel precision: 0.761241
2026-08-22 13:50:41,150 - Model-rank0 - INFO - Training pixel recall: 0.556501
2026-08-22 13:50:41,150 - Model-rank0 - INFO - Training pixel F1: 0.642966
2026-08-22 13:50:41,150 - Model-rank0 - INFO - Training loss component tversky: 0.277147
2026-08-22 13:50:41,150 - Model-rank0 - INFO - Training loss component dice: 0.304843
2026-08-22 13:50:41,150 - Model-rank0 - INFO - Training loss component hard_margin: 1.199930
2026-08-22 13:50:41,150 - Model-rank0 - INFO - Training loss component hard_weight: 0.100000
2026-08-22 13:50:41,150 - Model-rank0 - INFO - ---- EPOCH 020 EVALUATION ----
2026-08-22 13:56:02,159 - Model-rank0 - INFO - Eval mean loss: 0.826841
2026-08-22 13:56:02,159 - Model-rank0 - INFO - Eval avg class IoU of prediction: 0.308182
2026-08-22 13:56:02,159 - Model-rank0 - INFO - Eval pixel precision: 0.689070
2026-08-22 13:56:02,159 - Model-rank0 - INFO - Eval pixel recall: 0.357961
2026-08-22 13:56:02,159 - Model-rank0 - INFO - Eval pixel F1: 0.471161
2026-08-22 13:56:02,159 - Model-rank0 - INFO - Early stopping eval_f1=0.471161; best=0.471161 at epoch 20; bad_epochs=0/30.
2026-08-22 13:56:02,185 - Model-rank0 - INFO - Saved recoverable checkpoint at /home/devbox/project/model/sjy/CSIG2026/Deeppro_v2/DeepPro-main/log/sem_seg/2026-08-22/SatVideoIRSDT_v1__2026-08-22_08-27-32__F1OHEM-brtd3_raw_apmd_hybrid_rms_motion_detrend_scratch_seed47_E100/checkpoints/latest_model.pth
2026-08-22 13:56:02,205 - Model-rank0 - INFO - Saved epoch checkpoint at /home/devbox/project/model/sjy/CSIG2026/Deeppro_v2/DeepPro-main/log/sem_seg/2026-08-22/SatVideoIRSDT_v1__2026-08-22_08-27-32__F1OHEM-brtd3_raw_apmd_hybrid_rms_motion_detrend_scratch_seed47_E100/checkpoints/epoch_20_model.pth
2026-08-22 13:56:02,225 - Model-rank0 - INFO - Saved best checkpoint at /home/devbox/project/model/sjy/CSIG2026/Deeppro_v2/DeepPro-main/log/sem_seg/2026-08-22/SatVideoIRSDT_v1__2026-08-22_08-27-32__F1OHEM-brtd3_raw_apmd_hybrid_rms_motion_detrend_scratch_seed47_E100/checkpoints/best_model.pth
2026-08-22 13:56:02,246 - Model-rank0 - INFO - Saved early-stopping best checkpoint at /home/devbox/project/model/sjy/CSIG2026/Deeppro_v2/DeepPro-main/log/sem_seg/2026-08-22/SatVideoIRSDT_v1__2026-08-22_08-27-32__F1OHEM-brtd3_raw_apmd_hybrid_rms_motion_detrend_scratch_seed47_E100/checkpoints/early_stopping_best_model.pth
2026-08-22 13:56:02,246 - Model-rank0 - INFO - Best mIoU_mid: 0.308182
2026-08-22 13:56:02,381 - Model-rank0 - INFO - CUDA memory after evaluation cleanup: allocated=0.017 GiB, reserved=0.447 GiB
2026-08-22 13:56:02,381 - Model-rank0 - INFO - **** Epoch 21/100 ****
2026-08-22 13:56:02,381 - Model-rank0 - INFO - Learning rate:0.000490
2026-08-22 14:06:38,228 - Model-rank0 - INFO - CUDA memory after training cleanup: allocated=0.017 GiB, reserved=0.451 GiB
2026-08-22 14:06:38,228 - Model-rank0 - INFO - Training mean loss: 0.423414
2026-08-22 14:06:38,228 - Model-rank0 - INFO - Training accuracy (IoU) of prediction: 0.501586
2026-08-22 14:06:38,228 - Model-rank0 - INFO - Training pixel precision: 0.774600
2026-08-22 14:06:38,228 - Model-rank0 - INFO - Training pixel recall: 0.587306
2026-08-22 14:06:38,228 - Model-rank0 - INFO - Training pixel F1: 0.668075
2026-08-22 14:06:38,228 - Model-rank0 - INFO - Training loss component tversky: 0.265108
2026-08-22 14:06:38,228 - Model-rank0 - INFO - Training loss component dice: 0.292367
2026-08-22 14:06:38,228 - Model-rank0 - INFO - Training loss component hard_margin: 1.144510
2026-08-22 14:06:38,228 - Model-rank0 - INFO - Training loss component hard_weight: 0.100000
2026-08-22 14:06:38,228 - Model-rank0 - INFO - ---- EPOCH 021 EVALUATION ----
2026-08-22 14:12:06,511 - Model-rank0 - INFO - Eval mean loss: 0.811313
2026-08-22 14:12:06,511 - Model-rank0 - INFO - Eval avg class IoU of prediction: 0.317141
2026-08-22 14:12:06,511 - Model-rank0 - INFO - Eval pixel precision: 0.734325
2026-08-22 14:12:06,511 - Model-rank0 - INFO - Eval pixel recall: 0.358247
2026-08-22 14:12:06,511 - Model-rank0 - INFO - Eval pixel F1: 0.481560
2026-08-22 14:12:06,511 - Model-rank0 - INFO - Early stopping eval_f1=0.481560; best=0.481560 at epoch 21; bad_epochs=0/30.
2026-08-22 14:12:06,542 - Model-rank0 - INFO - Saved recoverable checkpoint at /home/devbox/project/model/sjy/CSIG2026/Deeppro_v2/DeepPro-main/log/sem_seg/2026-08-22/SatVideoIRSDT_v1__2026-08-22_08-27-32__F1OHEM-brtd3_raw_apmd_hybrid_rms_motion_detrend_scratch_seed47_E100/checkpoints/latest_model.pth
2026-08-22 14:12:06,561 - Model-rank0 - INFO - Saved epoch checkpoint at /home/devbox/project/model/sjy/CSIG2026/Deeppro_v2/DeepPro-main/log/sem_seg/2026-08-22/SatVideoIRSDT_v1__2026-08-22_08-27-32__F1OHEM-brtd3_raw_apmd_hybrid_rms_motion_detrend_scratch_seed47_E100/checkpoints/epoch_21_model.pth
2026-08-22 14:12:06,582 - Model-rank0 - INFO - Saved best checkpoint at /home/devbox/project/model/sjy/CSIG2026/Deeppro_v2/DeepPro-main/log/sem_seg/2026-08-22/SatVideoIRSDT_v1__2026-08-22_08-27-32__F1OHEM-brtd3_raw_apmd_hybrid_rms_motion_detrend_scratch_seed47_E100/checkpoints/best_model.pth
2026-08-22 14:12:06,603 - Model-rank0 - INFO - Saved early-stopping best checkpoint at /home/devbox/project/model/sjy/CSIG2026/Deeppro_v2/DeepPro-main/log/sem_seg/2026-08-22/SatVideoIRSDT_v1__2026-08-22_08-27-32__F1OHEM-brtd3_raw_apmd_hybrid_rms_motion_detrend_scratch_seed47_E100/checkpoints/early_stopping_best_model.pth
2026-08-22 14:12:06,603 - Model-rank0 - INFO - Best mIoU_mid: 0.317141
2026-08-22 14:12:06,737 - Model-rank0 - INFO - CUDA memory after evaluation cleanup: allocated=0.017 GiB, reserved=0.447 GiB
2026-08-22 14:12:06,737 - Model-rank0 - INFO - **** Epoch 22/100 ****
2026-08-22 14:12:06,737 - Model-rank0 - INFO - Learning rate:0.000490
2026-08-22 14:23:12,137 - Model-rank0 - INFO - CUDA memory after training cleanup: allocated=0.017 GiB, reserved=0.451 GiB
2026-08-22 14:23:12,137 - Model-rank0 - INFO - Training mean loss: 0.423053
2026-08-22 14:23:12,138 - Model-rank0 - INFO - Training accuracy (IoU) of prediction: 0.496572
2026-08-22 14:23:12,138 - Model-rank0 - INFO - Training pixel precision: 0.771091
2026-08-22 14:23:12,138 - Model-rank0 - INFO - Training pixel recall: 0.582430
2026-08-22 14:23:12,138 - Model-rank0 - INFO - Training pixel F1: 0.663612
2026-08-22 14:23:12,138 - Model-rank0 - INFO - Training loss component tversky: 0.263408
2026-08-22 14:23:12,138 - Model-rank0 - INFO - Training loss component dice: 0.291207
2026-08-22 14:23:12,138 - Model-rank0 - INFO - Training loss component hard_margin: 1.159636
2026-08-22 14:23:12,138 - Model-rank0 - INFO - Training loss component hard_weight: 0.100000
2026-08-22 14:23:12,138 - Model-rank0 - INFO - ---- EPOCH 022 EVALUATION ----
2026-08-22 14:28:39,527 - Model-rank0 - INFO - Eval mean loss: 0.812312
2026-08-22 14:28:39,527 - Model-rank0 - INFO - Eval avg class IoU of prediction: 0.318126
2026-08-22 14:28:39,527 - Model-rank0 - INFO - Eval pixel precision: 0.677348
2026-08-22 14:28:39,527 - Model-rank0 - INFO - Eval pixel recall: 0.374945
2026-08-22 14:28:39,528 - Model-rank0 - INFO - Eval pixel F1: 0.482695
2026-08-22 14:28:39,528 - Model-rank0 - INFO - Early stopping eval_f1=0.482695; best=0.482695 at epoch 22; bad_epochs=0/30.
2026-08-22 14:28:39,558 - Model-rank0 - INFO - Saved recoverable checkpoint at /home/devbox/project/model/sjy/CSIG2026/Deeppro_v2/DeepPro-main/log/sem_seg/2026-08-22/SatVideoIRSDT_v1__2026-08-22_08-27-32__F1OHEM-brtd3_raw_apmd_hybrid_rms_motion_detrend_scratch_seed47_E100/checkpoints/latest_model.pth
2026-08-22 14:28:39,578 - Model-rank0 - INFO - Saved epoch checkpoint at /home/devbox/project/model/sjy/CSIG2026/Deeppro_v2/DeepPro-main/log/sem_seg/2026-08-22/SatVideoIRSDT_v1__2026-08-22_08-27-32__F1OHEM-brtd3_raw_apmd_hybrid_rms_motion_detrend_scratch_seed47_E100/checkpoints/epoch_22_model.pth
2026-08-22 14:28:39,600 - Model-rank0 - INFO - Saved best checkpoint at /home/devbox/project/model/sjy/CSIG2026/Deeppro_v2/DeepPro-main/log/sem_seg/2026-08-22/SatVideoIRSDT_v1__2026-08-22_08-27-32__F1OHEM-brtd3_raw_apmd_hybrid_rms_motion_detrend_scratch_seed47_E100/checkpoints/best_model.pth
2026-08-22 14:28:39,621 - Model-rank0 - INFO - Saved early-stopping best checkpoint at /home/devbox/project/model/sjy/CSIG2026/Deeppro_v2/DeepPro-main/log/sem_seg/2026-08-22/SatVideoIRSDT_v1__2026-08-22_08-27-32__F1OHEM-brtd3_raw_apmd_hybrid_rms_motion_detrend_scratch_seed47_E100/checkpoints/early_stopping_best_model.pth
2026-08-22 14:28:39,621 - Model-rank0 - INFO - Best mIoU_mid: 0.318126
2026-08-22 14:28:39,800 - Model-rank0 - INFO - CUDA memory after evaluation cleanup: allocated=0.017 GiB, reserved=0.449 GiB
2026-08-22 14:28:39,801 - Model-rank0 - INFO - **** Epoch 23/100 ****
2026-08-22 14:28:39,801 - Model-rank0 - INFO - Learning rate:0.000490
2026-08-22 14:39:26,438 - Model-rank0 - INFO - CUDA memory after training cleanup: allocated=0.017 GiB, reserved=0.451 GiB
2026-08-22 14:39:26,438 - Model-rank0 - INFO - Training mean loss: 0.402244
2026-08-22 14:39:26,438 - Model-rank0 - INFO - Training accuracy (IoU) of prediction: 0.521253
2026-08-22 14:39:26,439 - Model-rank0 - INFO - Training pixel precision: 0.786162
2026-08-22 14:39:26,439 - Model-rank0 - INFO - Training pixel recall: 0.607367
2026-08-22 14:39:26,439 - Model-rank0 - INFO - Training pixel F1: 0.685294
2026-08-22 14:39:26,439 - Model-rank0 - INFO - Training loss component tversky: 0.253049
2026-08-22 14:39:26,439 - Model-rank0 - INFO - Training loss component dice: 0.278774
2026-08-22 14:39:26,439 - Model-rank0 - INFO - Training loss component hard_margin: 1.073795
2026-08-22 14:39:26,439 - Model-rank0 - INFO - Training loss component hard_weight: 0.100000
2026-08-22 14:39:26,439 - Model-rank0 - INFO - ---- EPOCH 023 EVALUATION ----
2026-08-22 14:44:59,072 - Model-rank0 - INFO - Eval mean loss: 0.821622
2026-08-22 14:44:59,072 - Model-rank0 - INFO - Eval avg class IoU of prediction: 0.315341
2026-08-22 14:44:59,073 - Model-rank0 - INFO - Eval pixel precision: 0.712379
2026-08-22 14:44:59,073 - Model-rank0 - INFO - Eval pixel recall: 0.361347
2026-08-22 14:44:59,073 - Model-rank0 - INFO - Eval pixel F1: 0.479482
2026-08-22 14:44:59,073 - Model-rank0 - INFO - Early stopping eval_f1=0.479482; best=0.482695 at epoch 22; bad_epochs=1/30.
2026-08-22 14:44:59,103 - Model-rank0 - INFO - Saved recoverable checkpoint at /home/devbox/project/model/sjy/CSIG2026/Deeppro_v2/DeepPro-main/log/sem_seg/2026-08-22/SatVideoIRSDT_v1__2026-08-22_08-27-32__F1OHEM-brtd3_raw_apmd_hybrid_rms_motion_detrend_scratch_seed47_E100/checkpoints/latest_model.pth
2026-08-22 14:44:59,103 - Model-rank0 - INFO - Best mIoU_mid: 0.318126
2026-08-22 14:44:59,292 - Model-rank0 - INFO - CUDA memory after evaluation cleanup: allocated=0.017 GiB, reserved=0.449 GiB
2026-08-22 14:44:59,293 - Model-rank0 - INFO - **** Epoch 24/100 ****
2026-08-22 14:44:59,293 - Model-rank0 - INFO - Learning rate:0.000490
2026-08-22 14:56:00,365 - Model-rank0 - INFO - CUDA memory after training cleanup: allocated=0.017 GiB, reserved=0.451 GiB
2026-08-22 14:56:00,365 - Model-rank0 - INFO - Training mean loss: 0.414713
2026-08-22 14:56:00,365 - Model-rank0 - INFO - Training accuracy (IoU) of prediction: 0.509387
2026-08-22 14:56:00,365 - Model-rank0 - INFO - Training pixel precision: 0.775184
2026-08-22 14:56:00,365 - Model-rank0 - INFO - Training pixel recall: 0.597684
2026-08-22 14:56:00,365 - Model-rank0 - INFO - Training pixel F1: 0.674959
2026-08-22 14:56:00,365 - Model-rank0 - INFO - Training loss component tversky: 0.260914
2026-08-22 14:56:00,366 - Model-rank0 - INFO - Training loss component dice: 0.287194
2026-08-22 14:56:00,366 - Model-rank0 - INFO - Training loss component hard_margin: 1.107199
2026-08-22 14:56:00,366 - Model-rank0 - INFO - Training loss component hard_weight: 0.100000
2026-08-22 14:56:00,366 - Model-rank0 - INFO - ---- EPOCH 024 EVALUATION ----
2026-08-22 15:01:19,267 - Model-rank0 - INFO - Eval mean loss: 0.806077
2026-08-22 15:01:19,268 - Model-rank0 - INFO - Eval avg class IoU of prediction: 0.323162
2026-08-22 15:01:19,268 - Model-rank0 - INFO - Eval pixel precision: 0.707061
2026-08-22 15:01:19,268 - Model-rank0 - INFO - Eval pixel recall: 0.373118
2026-08-22 15:01:19,268 - Model-rank0 - INFO - Eval pixel F1: 0.488470
2026-08-22 15:01:19,268 - Model-rank0 - INFO - Early stopping eval_f1=0.488470; best=0.488470 at epoch 24; bad_epochs=0/30.
2026-08-22 15:01:19,308 - Model-rank0 - INFO - Saved recoverable checkpoint at /home/devbox/project/model/sjy/CSIG2026/Deeppro_v2/DeepPro-main/log/sem_seg/2026-08-22/SatVideoIRSDT_v1__2026-08-22_08-27-32__F1OHEM-brtd3_raw_apmd_hybrid_rms_motion_detrend_scratch_seed47_E100/checkpoints/latest_model.pth
2026-08-22 15:01:19,328 - Model-rank0 - INFO - Saved epoch checkpoint at /home/devbox/project/model/sjy/CSIG2026/Deeppro_v2/DeepPro-main/log/sem_seg/2026-08-22/SatVideoIRSDT_v1__2026-08-22_08-27-32__F1OHEM-brtd3_raw_apmd_hybrid_rms_motion_detrend_scratch_seed47_E100/checkpoints/epoch_24_model.pth
2026-08-22 15:01:19,350 - Model-rank0 - INFO - Saved best checkpoint at /home/devbox/project/model/sjy/CSIG2026/Deeppro_v2/DeepPro-main/log/sem_seg/2026-08-22/SatVideoIRSDT_v1__2026-08-22_08-27-32__F1OHEM-brtd3_raw_apmd_hybrid_rms_motion_detrend_scratch_seed47_E100/checkpoints/best_model.pth
2026-08-22 15:01:19,371 - Model-rank0 - INFO - Saved early-stopping best checkpoint at /home/devbox/project/model/sjy/CSIG2026/Deeppro_v2/DeepPro-main/log/sem_seg/2026-08-22/SatVideoIRSDT_v1__2026-08-22_08-27-32__F1OHEM-brtd3_raw_apmd_hybrid_rms_motion_detrend_scratch_seed47_E100/checkpoints/early_stopping_best_model.pth
2026-08-22 15:01:19,371 - Model-rank0 - INFO - Best mIoU_mid: 0.323162
2026-08-22 15:01:19,540 - Model-rank0 - INFO - CUDA memory after evaluation cleanup: allocated=0.017 GiB, reserved=0.449 GiB
2026-08-22 15:01:19,540 - Model-rank0 - INFO - **** Epoch 25/100 ****
2026-08-22 15:01:19,540 - Model-rank0 - INFO - Learning rate:0.000490
2026-08-22 15:12:06,260 - Model-rank0 - INFO - CUDA memory after training cleanup: allocated=0.017 GiB, reserved=0.451 GiB
2026-08-22 15:12:06,260 - Model-rank0 - INFO - Training mean loss: 0.404716
2026-08-22 15:12:06,260 - Model-rank0 - INFO - Training accuracy (IoU) of prediction: 0.520805
2026-08-22 15:12:06,260 - Model-rank0 - INFO - Training pixel precision: 0.787625
2026-08-22 15:12:06,260 - Model-rank0 - INFO - Training pixel recall: 0.605889
2026-08-22 15:12:06,260 - Model-rank0 - INFO - Training pixel F1: 0.684907
2026-08-22 15:12:06,260 - Model-rank0 - INFO - Training loss component tversky: 0.252265
2026-08-22 15:12:06,260 - Model-rank0 - INFO - Training loss component dice: 0.278650
2026-08-22 15:12:06,260 - Model-rank0 - INFO - Training loss component hard_margin: 1.106528
2026-08-22 15:12:06,260 - Model-rank0 - INFO - Training loss component hard_weight: 0.100000
2026-08-22 15:12:06,260 - Model-rank0 - INFO - ---- EPOCH 025 EVALUATION ----
2026-08-22 15:17:25,477 - Model-rank0 - INFO - Eval mean loss: 0.799120
2026-08-22 15:17:25,477 - Model-rank0 - INFO - Eval avg class IoU of prediction: 0.329629
2026-08-22 15:17:25,477 - Model-rank0 - INFO - Eval pixel precision: 0.668968
2026-08-22 15:17:25,477 - Model-rank0 - INFO - Eval pixel recall: 0.393876
2026-08-22 15:17:25,477 - Model-rank0 - INFO - Eval pixel F1: 0.495821
2026-08-22 15:17:25,478 - Model-rank0 - INFO - Early stopping eval_f1=0.495821; best=0.495821 at epoch 25; bad_epochs=0/30.
2026-08-22 15:17:25,515 - Model-rank0 - INFO - Saved recoverable checkpoint at /home/devbox/project/model/sjy/CSIG2026/Deeppro_v2/DeepPro-main/log/sem_seg/2026-08-22/SatVideoIRSDT_v1__2026-08-22_08-27-32__F1OHEM-brtd3_raw_apmd_hybrid_rms_motion_detrend_scratch_seed47_E100/checkpoints/latest_model.pth
2026-08-22 15:17:25,541 - Model-rank0 - INFO - Saved epoch checkpoint at /home/devbox/project/model/sjy/CSIG2026/Deeppro_v2/DeepPro-main/log/sem_seg/2026-08-22/SatVideoIRSDT_v1__2026-08-22_08-27-32__F1OHEM-brtd3_raw_apmd_hybrid_rms_motion_detrend_scratch_seed47_E100/checkpoints/epoch_25_model.pth
2026-08-22 15:17:25,566 - Model-rank0 - INFO - Saved best checkpoint at /home/devbox/project/model/sjy/CSIG2026/Deeppro_v2/DeepPro-main/log/sem_seg/2026-08-22/SatVideoIRSDT_v1__2026-08-22_08-27-32__F1OHEM-brtd3_raw_apmd_hybrid_rms_motion_detrend_scratch_seed47_E100/checkpoints/best_model.pth
2026-08-22 15:17:25,592 - Model-rank0 - INFO - Saved early-stopping best checkpoint at /home/devbox/project/model/sjy/CSIG2026/Deeppro_v2/DeepPro-main/log/sem_seg/2026-08-22/SatVideoIRSDT_v1__2026-08-22_08-27-32__F1OHEM-brtd3_raw_apmd_hybrid_rms_motion_detrend_scratch_seed47_E100/checkpoints/early_stopping_best_model.pth
2026-08-22 15:17:25,592 - Model-rank0 - INFO - Best mIoU_mid: 0.329629
2026-08-22 15:17:25,817 - Model-rank0 - INFO - CUDA memory after evaluation cleanup: allocated=0.017 GiB, reserved=0.449 GiB
2026-08-22 15:17:25,817 - Model-rank0 - INFO - **** Epoch 26/100 ****
2026-08-22 15:17:25,817 - Model-rank0 - INFO - Learning rate:0.000490
2026-08-22 15:28:36,209 - Model-rank0 - INFO - CUDA memory after training cleanup: allocated=0.017 GiB, reserved=0.449 GiB
2026-08-22 15:28:36,210 - Model-rank0 - INFO - Training mean loss: 0.392404
2026-08-22 15:28:36,210 - Model-rank0 - INFO - Training accuracy (IoU) of prediction: 0.534720
2026-08-22 15:28:36,210 - Model-rank0 - INFO - Training pixel precision: 0.792634
2026-08-22 15:28:36,210 - Model-rank0 - INFO - Training pixel recall: 0.621689
2026-08-22 15:28:36,210 - Model-rank0 - INFO - Training pixel F1: 0.696831
2026-08-22 15:28:36,210 - Model-rank0 - INFO - Training loss component tversky: 0.247070
2026-08-22 15:28:36,210 - Model-rank0 - INFO - Training loss component dice: 0.271855
2026-08-22 15:28:36,210 - Model-rank0 - INFO - Training loss component hard_margin: 1.045556
2026-08-22 15:28:36,210 - Model-rank0 - INFO - Training loss component hard_weight: 0.100000
2026-08-22 15:28:36,210 - Model-rank0 - INFO - ---- EPOCH 026 EVALUATION ----
2026-08-22 15:33:53,917 - Model-rank0 - INFO - Eval mean loss: 0.800040
2026-08-22 15:33:53,917 - Model-rank0 - INFO - Eval avg class IoU of prediction: 0.323000
2026-08-22 15:33:53,917 - Model-rank0 - INFO - Eval pixel precision: 0.721670
2026-08-22 15:33:53,917 - Model-rank0 - INFO - Eval pixel recall: 0.368963
2026-08-22 15:33:53,917 - Model-rank0 - INFO - Eval pixel F1: 0.488284
2026-08-22 15:33:53,917 - Model-rank0 - INFO - Early stopping eval_f1=0.488284; best=0.495821 at epoch 25; bad_epochs=1/30.
2026-08-22 15:33:53,948 - Model-rank0 - INFO - Saved recoverable checkpoint at /home/devbox/project/model/sjy/CSIG2026/Deeppro_v2/DeepPro-main/log/sem_seg/2026-08-22/SatVideoIRSDT_v1__2026-08-22_08-27-32__F1OHEM-brtd3_raw_apmd_hybrid_rms_motion_detrend_scratch_seed47_E100/checkpoints/latest_model.pth
2026-08-22 15:33:53,948 - Model-rank0 - INFO - Best mIoU_mid: 0.329629
2026-08-22 15:33:54,140 - Model-rank0 - INFO - CUDA memory after evaluation cleanup: allocated=0.017 GiB, reserved=0.447 GiB
2026-08-22 15:33:54,141 - Model-rank0 - INFO - **** Epoch 27/100 ****
2026-08-22 15:33:54,141 - Model-rank0 - INFO - Learning rate:0.000490
2026-08-22 15:45:05,603 - Model-rank0 - INFO - CUDA memory after training cleanup: allocated=0.017 GiB, reserved=0.449 GiB
2026-08-22 15:45:05,603 - Model-rank0 - INFO - Training mean loss: 0.399481
2026-08-22 15:45:05,603 - Model-rank0 - INFO - Training accuracy (IoU) of prediction: 0.532429
2026-08-22 15:45:05,603 - Model-rank0 - INFO - Training pixel precision: 0.795188
2026-08-22 15:45:05,603 - Model-rank0 - INFO - Training pixel recall: 0.617047
2026-08-22 15:45:05,603 - Model-rank0 - INFO - Training pixel F1: 0.694882
2026-08-22 15:45:05,603 - Model-rank0 - INFO - Training loss component tversky: 0.250524
2026-08-22 15:45:05,603 - Model-rank0 - INFO - Training loss component dice: 0.275947
2026-08-22 15:45:05,603 - Model-rank0 - INFO - Training loss component hard_margin: 1.075647
2026-08-22 15:45:05,603 - Model-rank0 - INFO - Training loss component hard_weight: 0.100000
2026-08-22 15:45:05,603 - Model-rank0 - INFO - ---- EPOCH 027 EVALUATION ----
2026-08-22 15:50:23,968 - Model-rank0 - INFO - Eval mean loss: 0.810851
2026-08-22 15:50:23,968 - Model-rank0 - INFO - Eval avg class IoU of prediction: 0.323698
2026-08-22 15:50:23,968 - Model-rank0 - INFO - Eval pixel precision: 0.742148
2026-08-22 15:50:23,968 - Model-rank0 - INFO - Eval pixel recall: 0.364716
2026-08-22 15:50:23,968 - Model-rank0 - INFO - Eval pixel F1: 0.489081
2026-08-22 15:50:23,968 - Model-rank0 - INFO - Early stopping eval_f1=0.489081; best=0.495821 at epoch 25; bad_epochs=2/30.
2026-08-22 15:50:24,004 - Model-rank0 - INFO - Saved recoverable checkpoint at /home/devbox/project/model/sjy/CSIG2026/Deeppro_v2/DeepPro-main/log/sem_seg/2026-08-22/SatVideoIRSDT_v1__2026-08-22_08-27-32__F1OHEM-brtd3_raw_apmd_hybrid_rms_motion_detrend_scratch_seed47_E100/checkpoints/latest_model.pth
2026-08-22 15:50:24,004 - Model-rank0 - INFO - Best mIoU_mid: 0.329629
2026-08-22 15:50:24,172 - Model-rank0 - INFO - CUDA memory after evaluation cleanup: allocated=0.017 GiB, reserved=0.447 GiB
2026-08-22 15:50:24,172 - Model-rank0 - INFO - **** Epoch 28/100 ****
2026-08-22 15:50:24,172 - Model-rank0 - INFO - Learning rate:0.000490
2026-08-22 16:01:16,356 - Model-rank0 - INFO - CUDA memory after training cleanup: allocated=0.017 GiB, reserved=0.451 GiB
2026-08-22 16:01:16,356 - Model-rank0 - INFO - Training mean loss: 0.406084
2026-08-22 16:01:16,356 - Model-rank0 - INFO - Training accuracy (IoU) of prediction: 0.518347
2026-08-22 16:01:16,356 - Model-rank0 - INFO - Training pixel precision: 0.785230
2026-08-22 16:01:16,356 - Model-rank0 - INFO - Training pixel recall: 0.603975
2026-08-22 16:01:16,356 - Model-rank0 - INFO - Training pixel F1: 0.682778
2026-08-22 16:01:16,357 - Model-rank0 - INFO - Training loss component tversky: 0.254724
2026-08-22 16:01:16,357 - Model-rank0 - INFO - Training loss component dice: 0.281287
2026-08-22 16:01:16,357 - Model-rank0 - INFO - Training loss component hard_margin: 1.091674
2026-08-22 16:01:16,357 - Model-rank0 - INFO - Training loss component hard_weight: 0.100000
2026-08-22 16:01:16,357 - Model-rank0 - INFO - ---- EPOCH 028 EVALUATION ----
2026-08-22 16:06:37,136 - Model-rank0 - INFO - Eval mean loss: 0.793133
2026-08-22 16:06:37,136 - Model-rank0 - INFO - Eval avg class IoU of prediction: 0.333214
2026-08-22 16:06:37,136 - Model-rank0 - INFO - Eval pixel precision: 0.715128
2026-08-22 16:06:37,136 - Model-rank0 - INFO - Eval pixel recall: 0.384212
2026-08-22 16:06:37,136 - Model-rank0 - INFO - Eval pixel F1: 0.499865
2026-08-22 16:06:37,136 - Model-rank0 - INFO - Early stopping eval_f1=0.499865; best=0.499865 at epoch 28; bad_epochs=0/30.
2026-08-22 16:06:37,166 - Model-rank0 - INFO - Saved recoverable checkpoint at /home/devbox/project/model/sjy/CSIG2026/Deeppro_v2/DeepPro-main/log/sem_seg/2026-08-22/SatVideoIRSDT_v1__2026-08-22_08-27-32__F1OHEM-brtd3_raw_apmd_hybrid_rms_motion_detrend_scratch_seed47_E100/checkpoints/latest_model.pth
2026-08-22 16:06:37,190 - Model-rank0 - INFO - Saved epoch checkpoint at /home/devbox/project/model/sjy/CSIG2026/Deeppro_v2/DeepPro-main/log/sem_seg/2026-08-22/SatVideoIRSDT_v1__2026-08-22_08-27-32__F1OHEM-brtd3_raw_apmd_hybrid_rms_motion_detrend_scratch_seed47_E100/checkpoints/epoch_28_model.pth
2026-08-22 16:06:37,218 - Model-rank0 - INFO - Saved best checkpoint at /home/devbox/project/model/sjy/CSIG2026/Deeppro_v2/DeepPro-main/log/sem_seg/2026-08-22/SatVideoIRSDT_v1__2026-08-22_08-27-32__F1OHEM-brtd3_raw_apmd_hybrid_rms_motion_detrend_scratch_seed47_E100/checkpoints/best_model.pth
2026-08-22 16:06:37,244 - Model-rank0 - INFO - Saved early-stopping best checkpoint at /home/devbox/project/model/sjy/CSIG2026/Deeppro_v2/DeepPro-main/log/sem_seg/2026-08-22/SatVideoIRSDT_v1__2026-08-22_08-27-32__F1OHEM-brtd3_raw_apmd_hybrid_rms_motion_detrend_scratch_seed47_E100/checkpoints/early_stopping_best_model.pth
2026-08-22 16:06:37,245 - Model-rank0 - INFO - Best mIoU_mid: 0.333214
2026-08-22 16:06:37,446 - Model-rank0 - INFO - CUDA memory after evaluation cleanup: allocated=0.017 GiB, reserved=0.447 GiB
2026-08-22 16:06:37,446 - Model-rank0 - INFO - **** Epoch 29/100 ****
2026-08-22 16:06:37,446 - Model-rank0 - INFO - Learning rate:0.000490
2026-08-22 16:17:19,445 - Model-rank0 - INFO - CUDA memory after training cleanup: allocated=0.017 GiB, reserved=0.451 GiB
2026-08-22 16:17:19,445 - Model-rank0 - INFO - Training mean loss: 0.393608
2026-08-22 16:17:19,446 - Model-rank0 - INFO - Training accuracy (IoU) of prediction: 0.531648
2026-08-22 16:17:19,446 - Model-rank0 - INFO - Training pixel precision: 0.794079
2026-08-22 16:17:19,446 - Model-rank0 - INFO - Training pixel recall: 0.616666
2026-08-22 16:17:19,446 - Model-rank0 - INFO - Training pixel F1: 0.694217
2026-08-22 16:17:19,446 - Model-rank0 - INFO - Training loss component tversky: 0.246666
2026-08-22 16:17:19,446 - Model-rank0 - INFO - Training loss component dice: 0.271961
2026-08-22 16:17:19,446 - Model-rank0 - INFO - Training loss component hard_margin: 1.061474
2026-08-22 16:17:19,446 - Model-rank0 - INFO - Training loss component hard_weight: 0.100000
2026-08-22 16:17:19,446 - Model-rank0 - INFO - ---- EPOCH 029 EVALUATION ----
2026-08-22 16:22:39,271 - Model-rank0 - INFO - Eval mean loss: 0.812545
2026-08-22 16:22:39,272 - Model-rank0 - INFO - Eval avg class IoU of prediction: 0.319942
2026-08-22 16:22:39,272 - Model-rank0 - INFO - Eval pixel precision: 0.743519
2026-08-22 16:22:39,272 - Model-rank0 - INFO - Eval pixel recall: 0.359633
2026-08-22 16:22:39,272 - Model-rank0 - INFO - Eval pixel F1: 0.484782
2026-08-22 16:22:39,272 - Model-rank0 - INFO - Early stopping eval_f1=0.484782; best=0.499865 at epoch 28; bad_epochs=1/30.
2026-08-22 16:22:39,304 - Model-rank0 - INFO - Saved recoverable checkpoint at /home/devbox/project/model/sjy/CSIG2026/Deeppro_v2/DeepPro-main/log/sem_seg/2026-08-22/SatVideoIRSDT_v1__2026-08-22_08-27-32__F1OHEM-brtd3_raw_apmd_hybrid_rms_motion_detrend_scratch_seed47_E100/checkpoints/latest_model.pth
2026-08-22 16:22:39,305 - Model-rank0 - INFO - Best mIoU_mid: 0.333214
2026-08-22 16:22:39,546 - Model-rank0 - INFO - CUDA memory after evaluation cleanup: allocated=0.017 GiB, reserved=0.447 GiB
2026-08-22 16:22:39,546 - Model-rank0 - INFO - **** Epoch 30/100 ****
2026-08-22 16:22:39,546 - Model-rank0 - INFO - Learning rate:0.000490
2026-08-22 16:33:39,265 - Model-rank0 - INFO - CUDA memory after training cleanup: allocated=0.017 GiB, reserved=0.451 GiB
2026-08-22 16:33:39,266 - Model-rank0 - INFO - Training mean loss: 0.398056
2026-08-22 16:33:39,266 - Model-rank0 - INFO - Training accuracy (IoU) of prediction: 0.533271
2026-08-22 16:33:39,266 - Model-rank0 - INFO - Training pixel precision: 0.784213
2026-08-22 16:33:39,266 - Model-rank0 - INFO - Training pixel recall: 0.624979
2026-08-22 16:33:39,266 - Model-rank0 - INFO - Training pixel F1: 0.695599
2026-08-22 16:33:39,266 - Model-rank0 - INFO - Training loss component tversky: 0.249031
2026-08-22 16:33:39,266 - Model-rank0 - INFO - Training loss component dice: 0.274650
2026-08-22 16:33:39,266 - Model-rank0 - INFO - Training loss component hard_margin: 1.078267
2026-08-22 16:33:39,266 - Model-rank0 - INFO - Training loss component hard_weight: 0.100000
2026-08-22 16:33:39,266 - Model-rank0 - INFO - ---- EPOCH 030 EVALUATION ----
2026-08-22 16:38:53,220 - Model-rank0 - INFO - Eval mean loss: 0.803561
2026-08-22 16:38:53,220 - Model-rank0 - INFO - Eval avg class IoU of prediction: 0.324835
2026-08-22 16:38:53,220 - Model-rank0 - INFO - Eval pixel precision: 0.746354
2026-08-22 16:38:53,220 - Model-rank0 - INFO - Eval pixel recall: 0.365145
2026-08-22 16:38:53,220 - Model-rank0 - INFO - Eval pixel F1: 0.490378
2026-08-22 16:38:53,220 - Model-rank0 - INFO - Early stopping eval_f1=0.490378; best=0.499865 at epoch 28; bad_epochs=2/30.
2026-08-22 16:38:53,253 - Model-rank0 - INFO - Saved recoverable checkpoint at /home/devbox/project/model/sjy/CSIG2026/Deeppro_v2/DeepPro-main/log/sem_seg/2026-08-22/SatVideoIRSDT_v1__2026-08-22_08-27-32__F1OHEM-brtd3_raw_apmd_hybrid_rms_motion_detrend_scratch_seed47_E100/checkpoints/latest_model.pth
2026-08-22 16:38:53,278 - Model-rank0 - INFO - Saved epoch checkpoint at /home/devbox/project/model/sjy/CSIG2026/Deeppro_v2/DeepPro-main/log/sem_seg/2026-08-22/SatVideoIRSDT_v1__2026-08-22_08-27-32__F1OHEM-brtd3_raw_apmd_hybrid_rms_motion_detrend_scratch_seed47_E100/checkpoints/epoch_30_model.pth
2026-08-22 16:38:53,278 - Model-rank0 - INFO - Best mIoU_mid: 0.333214
2026-08-22 16:38:53,489 - Model-rank0 - INFO - CUDA memory after evaluation cleanup: allocated=0.017 GiB, reserved=0.447 GiB
2026-08-22 16:38:53,489 - Model-rank0 - INFO - **** Epoch 31/100 ****
2026-08-22 16:38:53,489 - Model-rank0 - INFO - Learning rate:0.000343
2026-08-22 16:49:38,187 - Model-rank0 - INFO - CUDA memory after training cleanup: allocated=0.017 GiB, reserved=0.449 GiB
2026-08-22 16:49:38,187 - Model-rank0 - INFO - Training mean loss: 0.382893
2026-08-22 16:49:38,187 - Model-rank0 - INFO - Training accuracy (IoU) of prediction: 0.542631
2026-08-22 16:49:38,187 - Model-rank0 - INFO - Training pixel precision: 0.803910
2026-08-22 16:49:38,187 - Model-rank0 - INFO - Training pixel recall: 0.625409
2026-08-22 16:49:38,187 - Model-rank0 - INFO - Training pixel F1: 0.703513
2026-08-22 16:49:38,187 - Model-rank0 - INFO - Training loss component tversky: 0.240131
2026-08-22 16:49:38,187 - Model-rank0 - INFO - Training loss component dice: 0.264967
2026-08-22 16:49:38,187 - Model-rank0 - INFO - Training loss component hard_margin: 1.030166
2026-08-22 16:49:38,187 - Model-rank0 - INFO - Training loss component hard_weight: 0.100000
2026-08-22 16:49:38,187 - Model-rank0 - INFO - ---- EPOCH 031 EVALUATION ----
2026-08-22 16:54:56,063 - Model-rank0 - INFO - Eval mean loss: 0.789891
2026-08-22 16:54:56,063 - Model-rank0 - INFO - Eval avg class IoU of prediction: 0.333074
2026-08-22 16:54:56,063 - Model-rank0 - INFO - Eval pixel precision: 0.678280
2026-08-22 16:54:56,063 - Model-rank0 - INFO - Eval pixel recall: 0.395567
2026-08-22 16:54:56,063 - Model-rank0 - INFO - Eval pixel F1: 0.499708
2026-08-22 16:54:56,064 - Model-rank0 - INFO - Early stopping eval_f1=0.499708; best=0.499865 at epoch 28; bad_epochs=3/30.
2026-08-22 16:54:56,095 - Model-rank0 - INFO - Saved recoverable checkpoint at /home/devbox/project/model/sjy/CSIG2026/Deeppro_v2/DeepPro-main/log/sem_seg/2026-08-22/SatVideoIRSDT_v1__2026-08-22_08-27-32__F1OHEM-brtd3_raw_apmd_hybrid_rms_motion_detrend_scratch_seed47_E100/checkpoints/latest_model.pth
2026-08-22 16:54:56,096 - Model-rank0 - INFO - Best mIoU_mid: 0.333214
2026-08-22 16:54:56,319 - Model-rank0 - INFO - CUDA memory after evaluation cleanup: allocated=0.017 GiB, reserved=0.447 GiB
2026-08-22 16:54:56,320 - Model-rank0 - INFO - **** Epoch 32/100 ****
2026-08-22 16:54:56,320 - Model-rank0 - INFO - Learning rate:0.000343
2026-08-22 17:06:09,325 - Model-rank0 - INFO - CUDA memory after training cleanup: allocated=0.017 GiB, reserved=0.451 GiB
2026-08-22 17:06:09,325 - Model-rank0 - INFO - Training mean loss: 0.377420
2026-08-22 17:06:09,325 - Model-rank0 - INFO - Training accuracy (IoU) of prediction: 0.546727
2026-08-22 17:06:09,325 - Model-rank0 - INFO - Training pixel precision: 0.806003
2026-08-22 17:06:09,325 - Model-rank0 - INFO - Training pixel recall: 0.629574
2026-08-22 17:06:09,325 - Model-rank0 - INFO - Training pixel F1: 0.706947
2026-08-22 17:06:09,325 - Model-rank0 - INFO - Training loss component tversky: 0.236927
2026-08-22 17:06:09,325 - Model-rank0 - INFO - Training loss component dice: 0.261269
2026-08-22 17:06:09,325 - Model-rank0 - INFO - Training loss component hard_margin: 1.013029
2026-08-22 17:06:09,325 - Model-rank0 - INFO - Training loss component hard_weight: 0.100000
2026-08-22 17:06:09,325 - Model-rank0 - INFO - ---- EPOCH 032 EVALUATION ----
2026-08-22 17:11:25,725 - Model-rank0 - INFO - Eval mean loss: 0.788802
2026-08-22 17:11:25,725 - Model-rank0 - INFO - Eval avg class IoU of prediction: 0.331482
2026-08-22 17:11:25,725 - Model-rank0 - INFO - Eval pixel precision: 0.740665
2026-08-22 17:11:25,725 - Model-rank0 - INFO - Eval pixel recall: 0.375007
2026-08-22 17:11:25,725 - Model-rank0 - INFO - Eval pixel F1: 0.497915
2026-08-22 17:11:25,725 - Model-rank0 - INFO - Early stopping eval_f1=0.497915; best=0.499865 at epoch 28; bad_epochs=4/30.
2026-08-22 17:11:25,758 - Model-rank0 - INFO - Saved recoverable checkpoint at /home/devbox/project/model/sjy/CSIG2026/Deeppro_v2/DeepPro-main/log/sem_seg/2026-08-22/SatVideoIRSDT_v1__2026-08-22_08-27-32__F1OHEM-brtd3_raw_apmd_hybrid_rms_motion_detrend_scratch_seed47_E100/checkpoints/latest_model.pth
2026-08-22 17:11:25,758 - Model-rank0 - INFO - Best mIoU_mid: 0.333214
2026-08-22 17:11:25,920 - Model-rank0 - INFO - CUDA memory after evaluation cleanup: allocated=0.017 GiB, reserved=0.447 GiB
2026-08-22 17:11:25,920 - Model-rank0 - INFO - **** Epoch 33/100 ****
2026-08-22 17:11:25,920 - Model-rank0 - INFO - Learning rate:0.000343
2026-08-22 17:22:19,913 - Model-rank0 - INFO - CUDA memory after training cleanup: allocated=0.017 GiB, reserved=0.449 GiB
2026-08-22 17:22:19,914 - Model-rank0 - INFO - Training mean loss: 0.367209
2026-08-22 17:22:19,914 - Model-rank0 - INFO - Training accuracy (IoU) of prediction: 0.546009
2026-08-22 17:22:19,914 - Model-rank0 - INFO - Training pixel precision: 0.804538
2026-08-22 17:22:19,914 - Model-rank0 - INFO - Training pixel recall: 0.629516
2026-08-22 17:22:19,914 - Model-rank0 - INFO - Training pixel F1: 0.706347
2026-08-22 17:22:19,914 - Model-rank0 - INFO - Training loss component tversky: 0.227961
2026-08-22 17:22:19,914 - Model-rank0 - INFO - Training loss component dice: 0.252859
2026-08-22 17:22:19,914 - Model-rank0 - INFO - Training loss component hard_margin: 1.013198
2026-08-22 17:22:19,914 - Model-rank0 - INFO - Training loss component hard_weight: 0.100000
2026-08-22 17:22:19,914 - Model-rank0 - INFO - ---- EPOCH 033 EVALUATION ----
2026-08-22 17:27:36,468 - Model-rank0 - INFO - Eval mean loss: 0.796493
2026-08-22 17:27:36,468 - Model-rank0 - INFO - Eval avg class IoU of prediction: 0.330923
2026-08-22 17:27:36,468 - Model-rank0 - INFO - Eval pixel precision: 0.730420
2026-08-22 17:27:36,468 - Model-rank0 - INFO - Eval pixel recall: 0.376964
2026-08-22 17:27:36,468 - Model-rank0 - INFO - Eval pixel F1: 0.497284
2026-08-22 17:27:36,468 - Model-rank0 - INFO - Early stopping eval_f1=0.497284; best=0.499865 at epoch 28; bad_epochs=5/30.
2026-08-22 17:27:36,497 - Model-rank0 - INFO - Saved recoverable checkpoint at /home/devbox/project/model/sjy/CSIG2026/Deeppro_v2/DeepPro-main/log/sem_seg/2026-08-22/SatVideoIRSDT_v1__2026-08-22_08-27-32__F1OHEM-brtd3_raw_apmd_hybrid_rms_motion_detrend_scratch_seed47_E100/checkpoints/latest_model.pth
2026-08-22 17:27:36,497 - Model-rank0 - INFO - Best mIoU_mid: 0.333214
2026-08-22 17:27:36,762 - Model-rank0 - INFO - CUDA memory after evaluation cleanup: allocated=0.017 GiB, reserved=0.447 GiB
2026-08-22 17:27:36,762 - Model-rank0 - INFO - **** Epoch 34/100 ****
2026-08-22 17:27:36,762 - Model-rank0 - INFO - Learning rate:0.000343
2026-08-22 17:38:33,162 - Model-rank0 - INFO - CUDA memory after training cleanup: allocated=0.017 GiB, reserved=0.447 GiB
2026-08-22 17:38:33,162 - Model-rank0 - INFO - Training mean loss: 0.371968
2026-08-22 17:38:33,162 - Model-rank0 - INFO - Training accuracy (IoU) of prediction: 0.542420
2026-08-22 17:38:33,162 - Model-rank0 - INFO - Training pixel precision: 0.794891
2026-08-22 17:38:33,162 - Model-rank0 - INFO - Training pixel recall: 0.630694
2026-08-22 17:38:33,163 - Model-rank0 - INFO - Training pixel F1: 0.703336
2026-08-22 17:38:33,163 - Model-rank0 - INFO - Training loss component tversky: 0.230758
2026-08-22 17:38:33,163 - Model-rank0 - INFO - Training loss component dice: 0.256094
2026-08-22 17:38:33,163 - Model-rank0 - INFO - Training loss component hard_margin: 1.027951
2026-08-22 17:38:33,163 - Model-rank0 - INFO - Training loss component hard_weight: 0.100000
2026-08-22 17:38:33,163 - Model-rank0 - INFO - ---- EPOCH 034 EVALUATION ----
2026-08-22 17:43:48,202 - Model-rank0 - INFO - Eval mean loss: 0.790068
2026-08-22 17:43:48,203 - Model-rank0 - INFO - Eval avg class IoU of prediction: 0.325231
2026-08-22 17:43:48,203 - Model-rank0 - INFO - Eval pixel precision: 0.730605
2026-08-22 17:43:48,203 - Model-rank0 - INFO - Eval pixel recall: 0.369548
2026-08-22 17:43:48,203 - Model-rank0 - INFO - Eval pixel F1: 0.490829
2026-08-22 17:43:48,203 - Model-rank0 - INFO - Early stopping eval_f1=0.490829; best=0.499865 at epoch 28; bad_epochs=6/30.
2026-08-22 17:43:48,243 - Model-rank0 - INFO - Saved recoverable checkpoint at /home/devbox/project/model/sjy/CSIG2026/Deeppro_v2/DeepPro-main/log/sem_seg/2026-08-22/SatVideoIRSDT_v1__2026-08-22_08-27-32__F1OHEM-brtd3_raw_apmd_hybrid_rms_motion_detrend_scratch_seed47_E100/checkpoints/latest_model.pth
2026-08-22 17:43:48,244 - Model-rank0 - INFO - Best mIoU_mid: 0.333214
2026-08-22 17:43:48,492 - Model-rank0 - INFO - CUDA memory after evaluation cleanup: allocated=0.017 GiB, reserved=0.447 GiB
2026-08-22 17:43:48,493 - Model-rank0 - INFO - **** Epoch 35/100 ****
2026-08-22 17:43:48,493 - Model-rank0 - INFO - Learning rate:0.000343
2026-08-22 17:55:20,918 - Model-rank0 - INFO - CUDA memory after training cleanup: allocated=0.017 GiB, reserved=0.451 GiB
2026-08-22 17:55:20,918 - Model-rank0 - INFO - Training mean loss: 0.371096
2026-08-22 17:55:20,919 - Model-rank0 - INFO - Training accuracy (IoU) of prediction: 0.552034
2026-08-22 17:55:20,919 - Model-rank0 - INFO - Training pixel precision: 0.799172
2026-08-22 17:55:20,919 - Model-rank0 - INFO - Training pixel recall: 0.640949
2026-08-22 17:55:20,919 - Model-rank0 - INFO - Training pixel F1: 0.711368
2026-08-22 17:55:20,919 - Model-rank0 - INFO - Training loss component tversky: 0.229796
2026-08-22 17:55:20,919 - Model-rank0 - INFO - Training loss component dice: 0.255584
2026-08-22 17:55:20,919 - Model-rank0 - INFO - Training loss component hard_margin: 1.029622
2026-08-22 17:55:20,919 - Model-rank0 - INFO - Training loss component hard_weight: 0.100000
2026-08-22 17:55:20,919 - Model-rank0 - INFO - ---- EPOCH 035 EVALUATION ----
2026-08-22 18:00:37,819 - Model-rank0 - INFO - Eval mean loss: 0.791191
2026-08-22 18:00:37,819 - Model-rank0 - INFO - Eval avg class IoU of prediction: 0.327687
2026-08-22 18:00:37,819 - Model-rank0 - INFO - Eval pixel precision: 0.722664
2026-08-22 18:00:37,819 - Model-rank0 - INFO - Eval pixel recall: 0.374823
2026-08-22 18:00:37,819 - Model-rank0 - INFO - Eval pixel F1: 0.493621
2026-08-22 18:00:37,819 - Model-rank0 - INFO - Early stopping eval_f1=0.493621; best=0.499865 at epoch 28; bad_epochs=7/30.
2026-08-22 18:00:37,851 - Model-rank0 - INFO - Saved recoverable checkpoint at /home/devbox/project/model/sjy/CSIG2026/Deeppro_v2/DeepPro-main/log/sem_seg/2026-08-22/SatVideoIRSDT_v1__2026-08-22_08-27-32__F1OHEM-brtd3_raw_apmd_hybrid_rms_motion_detrend_scratch_seed47_E100/checkpoints/latest_model.pth
2026-08-22 18:00:37,876 - Model-rank0 - INFO - Saved epoch checkpoint at /home/devbox/project/model/sjy/CSIG2026/Deeppro_v2/DeepPro-main/log/sem_seg/2026-08-22/SatVideoIRSDT_v1__2026-08-22_08-27-32__F1OHEM-brtd3_raw_apmd_hybrid_rms_motion_detrend_scratch_seed47_E100/checkpoints/epoch_35_model.pth
2026-08-22 18:00:37,877 - Model-rank0 - INFO - Best mIoU_mid: 0.333214
2026-08-22 18:00:38,117 - Model-rank0 - INFO - CUDA memory after evaluation cleanup: allocated=0.017 GiB, reserved=0.447 GiB
2026-08-22 18:00:38,117 - Model-rank0 - INFO - **** Epoch 36/100 ****
2026-08-22 18:00:38,117 - Model-rank0 - INFO - Learning rate:0.000343
2026-08-22 18:10:50,672 - Model-rank0 - INFO - CUDA memory after training cleanup: allocated=0.017 GiB, reserved=0.451 GiB
2026-08-22 18:10:50,672 - Model-rank0 - INFO - Training mean loss: 0.364418
2026-08-22 18:10:50,672 - Model-rank0 - INFO - Training accuracy (IoU) of prediction: 0.554359
2026-08-22 18:10:50,672 - Model-rank0 - INFO - Training pixel precision: 0.811721
2026-08-22 18:10:50,672 - Model-rank0 - INFO - Training pixel recall: 0.636158
2026-08-22 18:10:50,672 - Model-rank0 - INFO - Training pixel F1: 0.713296
2026-08-22 18:10:50,672 - Model-rank0 - INFO - Training loss component tversky: 0.226523
2026-08-22 18:10:50,672 - Model-rank0 - INFO - Training loss component dice: 0.251209
2026-08-22 18:10:50,672 - Model-rank0 - INFO - Training loss component hard_margin: 1.002135
2026-08-22 18:10:50,672 - Model-rank0 - INFO - Training loss component hard_weight: 0.100000
2026-08-22 18:10:50,672 - Model-rank0 - INFO - ---- EPOCH 036 EVALUATION ----
2026-08-22 18:16:09,700 - Model-rank0 - INFO - Eval mean loss: 0.780849
2026-08-22 18:16:09,700 - Model-rank0 - INFO - Eval avg class IoU of prediction: 0.333500
2026-08-22 18:16:09,700 - Model-rank0 - INFO - Eval pixel precision: 0.745597
2026-08-22 18:16:09,700 - Model-rank0 - INFO - Eval pixel recall: 0.376323
2026-08-22 18:16:09,700 - Model-rank0 - INFO - Eval pixel F1: 0.500188
2026-08-22 18:16:09,700 - Model-rank0 - INFO - Early stopping eval_f1=0.500188; best=0.500188 at epoch 36; bad_epochs=0/30.
2026-08-22 18:16:09,730 - Model-rank0 - INFO - Saved recoverable checkpoint at /home/devbox/project/model/sjy/CSIG2026/Deeppro_v2/DeepPro-main/log/sem_seg/2026-08-22/SatVideoIRSDT_v1__2026-08-22_08-27-32__F1OHEM-brtd3_raw_apmd_hybrid_rms_motion_detrend_scratch_seed47_E100/checkpoints/latest_model.pth
2026-08-22 18:16:09,751 - Model-rank0 - INFO - Saved epoch checkpoint at /home/devbox/project/model/sjy/CSIG2026/Deeppro_v2/DeepPro-main/log/sem_seg/2026-08-22/SatVideoIRSDT_v1__2026-08-22_08-27-32__F1OHEM-brtd3_raw_apmd_hybrid_rms_motion_detrend_scratch_seed47_E100/checkpoints/epoch_36_model.pth
2026-08-22 18:16:09,774 - Model-rank0 - INFO - Saved best checkpoint at /home/devbox/project/model/sjy/CSIG2026/Deeppro_v2/DeepPro-main/log/sem_seg/2026-08-22/SatVideoIRSDT_v1__2026-08-22_08-27-32__F1OHEM-brtd3_raw_apmd_hybrid_rms_motion_detrend_scratch_seed47_E100/checkpoints/best_model.pth
2026-08-22 18:16:09,800 - Model-rank0 - INFO - Saved early-stopping best checkpoint at /home/devbox/project/model/sjy/CSIG2026/Deeppro_v2/DeepPro-main/log/sem_seg/2026-08-22/SatVideoIRSDT_v1__2026-08-22_08-27-32__F1OHEM-brtd3_raw_apmd_hybrid_rms_motion_detrend_scratch_seed47_E100/checkpoints/early_stopping_best_model.pth
2026-08-22 18:16:09,800 - Model-rank0 - INFO - Best mIoU_mid: 0.333500
2026-08-22 18:16:10,017 - Model-rank0 - INFO - CUDA memory after evaluation cleanup: allocated=0.017 GiB, reserved=0.447 GiB
2026-08-22 18:16:10,017 - Model-rank0 - INFO - **** Epoch 37/100 ****
2026-08-22 18:16:10,017 - Model-rank0 - INFO - Learning rate:0.000343
2026-08-22 18:26:48,871 - Model-rank0 - INFO - CUDA memory after training cleanup: allocated=0.017 GiB, reserved=0.451 GiB
2026-08-22 18:26:48,871 - Model-rank0 - INFO - Training mean loss: 0.371398
2026-08-22 18:26:48,871 - Model-rank0 - INFO - Training accuracy (IoU) of prediction: 0.552828
2026-08-22 18:26:48,871 - Model-rank0 - INFO - Training pixel precision: 0.806267
2026-08-22 18:26:48,871 - Model-rank0 - INFO - Training pixel recall: 0.637513
2026-08-22 18:26:48,871 - Model-rank0 - INFO - Training pixel F1: 0.712027
2026-08-22 18:26:48,871 - Model-rank0 - INFO - Training loss component tversky: 0.230193
2026-08-22 18:26:48,871 - Model-rank0 - INFO - Training loss component dice: 0.256190
2026-08-22 18:26:48,871 - Model-rank0 - INFO - Training loss component hard_margin: 1.027766
2026-08-22 18:26:48,871 - Model-rank0 - INFO - Training loss component hard_weight: 0.100000
2026-08-22 18:26:48,871 - Model-rank0 - INFO - ---- EPOCH 037 EVALUATION ----
2026-08-22 18:32:10,909 - Model-rank0 - INFO - Eval mean loss: 0.780348
2026-08-22 18:32:10,909 - Model-rank0 - INFO - Eval avg class IoU of prediction: 0.334607
2026-08-22 18:32:10,909 - Model-rank0 - INFO - Eval pixel precision: 0.704329
2026-08-22 18:32:10,910 - Model-rank0 - INFO - Eval pixel recall: 0.389289
2026-08-22 18:32:10,910 - Model-rank0 - INFO - Eval pixel F1: 0.501432
2026-08-22 18:32:10,910 - Model-rank0 - INFO - Early stopping eval_f1=0.501432; best=0.501432 at epoch 37; bad_epochs=0/30.
2026-08-22 18:32:10,942 - Model-rank0 - INFO - Saved recoverable checkpoint at /home/devbox/project/model/sjy/CSIG2026/Deeppro_v2/DeepPro-main/log/sem_seg/2026-08-22/SatVideoIRSDT_v1__2026-08-22_08-27-32__F1OHEM-brtd3_raw_apmd_hybrid_rms_motion_detrend_scratch_seed47_E100/checkpoints/latest_model.pth
2026-08-22 18:32:10,964 - Model-rank0 - INFO - Saved epoch checkpoint at /home/devbox/project/model/sjy/CSIG2026/Deeppro_v2/DeepPro-main/log/sem_seg/2026-08-22/SatVideoIRSDT_v1__2026-08-22_08-27-32__F1OHEM-brtd3_raw_apmd_hybrid_rms_motion_detrend_scratch_seed47_E100/checkpoints/epoch_37_model.pth
2026-08-22 18:32:10,986 - Model-rank0 - INFO - Saved best checkpoint at /home/devbox/project/model/sjy/CSIG2026/Deeppro_v2/DeepPro-main/log/sem_seg/2026-08-22/SatVideoIRSDT_v1__2026-08-22_08-27-32__F1OHEM-brtd3_raw_apmd_hybrid_rms_motion_detrend_scratch_seed47_E100/checkpoints/best_model.pth
2026-08-22 18:32:11,009 - Model-rank0 - INFO - Saved early-stopping best checkpoint at /home/devbox/project/model/sjy/CSIG2026/Deeppro_v2/DeepPro-main/log/sem_seg/2026-08-22/SatVideoIRSDT_v1__2026-08-22_08-27-32__F1OHEM-brtd3_raw_apmd_hybrid_rms_motion_detrend_scratch_seed47_E100/checkpoints/early_stopping_best_model.pth
2026-08-22 18:32:11,010 - Model-rank0 - INFO - Best mIoU_mid: 0.334607
2026-08-22 18:32:11,188 - Model-rank0 - INFO - CUDA memory after evaluation cleanup: allocated=0.017 GiB, reserved=0.447 GiB
2026-08-22 18:32:11,188 - Model-rank0 - INFO - **** Epoch 38/100 ****
2026-08-22 18:32:11,188 - Model-rank0 - INFO - Learning rate:0.000343
2026-08-22 18:42:34,674 - Model-rank0 - INFO - CUDA memory after training cleanup: allocated=0.017 GiB, reserved=0.449 GiB
2026-08-22 18:42:34,674 - Model-rank0 - INFO - Training mean loss: 0.356329
2026-08-22 18:42:34,674 - Model-rank0 - INFO - Training accuracy (IoU) of prediction: 0.571916
2026-08-22 18:42:34,674 - Model-rank0 - INFO - Training pixel precision: 0.813421
2026-08-22 18:42:34,674 - Model-rank0 - INFO - Training pixel recall: 0.658270
2026-08-22 18:42:34,674 - Model-rank0 - INFO - Training pixel F1: 0.727667
2026-08-22 18:42:34,674 - Model-rank0 - INFO - Training loss component tversky: 0.221188
2026-08-22 18:42:34,674 - Model-rank0 - INFO - Training loss component dice: 0.245226
2026-08-22 18:42:34,675 - Model-rank0 - INFO - Training loss component hard_margin: 0.983567
2026-08-22 18:42:34,675 - Model-rank0 - INFO - Training loss component hard_weight: 0.100000
2026-08-22 18:42:34,675 - Model-rank0 - INFO - ---- EPOCH 038 EVALUATION ----
2026-08-22 18:47:54,394 - Model-rank0 - INFO - Eval mean loss: 0.779204
2026-08-22 18:47:54,394 - Model-rank0 - INFO - Eval avg class IoU of prediction: 0.330302
2026-08-22 18:47:54,394 - Model-rank0 - INFO - Eval pixel precision: 0.700045
2026-08-22 18:47:54,394 - Model-rank0 - INFO - Eval pixel recall: 0.384756
2026-08-22 18:47:54,394 - Model-rank0 - INFO - Eval pixel F1: 0.496582
2026-08-22 18:47:54,394 - Model-rank0 - INFO - Early stopping eval_f1=0.496582; best=0.501432 at epoch 37; bad_epochs=1/30.
2026-08-22 18:47:54,432 - Model-rank0 - INFO - Saved recoverable checkpoint at /home/devbox/project/model/sjy/CSIG2026/Deeppro_v2/DeepPro-main/log/sem_seg/2026-08-22/SatVideoIRSDT_v1__2026-08-22_08-27-32__F1OHEM-brtd3_raw_apmd_hybrid_rms_motion_detrend_scratch_seed47_E100/checkpoints/latest_model.pth
2026-08-22 18:47:54,432 - Model-rank0 - INFO - Best mIoU_mid: 0.334607
2026-08-22 18:47:54,653 - Model-rank0 - INFO - CUDA memory after evaluation cleanup: allocated=0.017 GiB, reserved=0.447 GiB
2026-08-22 18:47:54,653 - Model-rank0 - INFO - **** Epoch 39/100 ****
2026-08-22 18:47:54,653 - Model-rank0 - INFO - Learning rate:0.000343
2026-08-22 18:58:06,790 - Model-rank0 - INFO - CUDA memory after training cleanup: allocated=0.017 GiB, reserved=0.451 GiB
2026-08-22 18:58:06,790 - Model-rank0 - INFO - Training mean loss: 0.362627
2026-08-22 18:58:06,790 - Model-rank0 - INFO - Training accuracy (IoU) of prediction: 0.569836
2026-08-22 18:58:06,790 - Model-rank0 - INFO - Training pixel precision: 0.811536
2026-08-22 18:58:06,790 - Model-rank0 - INFO - Training pixel recall: 0.656745
2026-08-22 18:58:06,790 - Model-rank0 - INFO - Training pixel F1: 0.725981
2026-08-22 18:58:06,790 - Model-rank0 - INFO - Training loss component tversky: 0.224929
2026-08-22 18:58:06,790 - Model-rank0 - INFO - Training loss component dice: 0.250082
2026-08-22 18:58:06,790 - Model-rank0 - INFO - Training loss component hard_margin: 1.001851
2026-08-22 18:58:06,790 - Model-rank0 - INFO - Training loss component hard_weight: 0.100000
2026-08-22 18:58:06,790 - Model-rank0 - INFO - ---- EPOCH 039 EVALUATION ----
2026-08-22 19:03:26,403 - Model-rank0 - INFO - Eval mean loss: 0.772346
2026-08-22 19:03:26,403 - Model-rank0 - INFO - Eval avg class IoU of prediction: 0.333016
2026-08-22 19:03:26,403 - Model-rank0 - INFO - Eval pixel precision: 0.685878
2026-08-22 19:03:26,403 - Model-rank0 - INFO - Eval pixel recall: 0.392947
2026-08-22 19:03:26,404 - Model-rank0 - INFO - Eval pixel F1: 0.499643
2026-08-22 19:03:26,404 - Model-rank0 - INFO - Early stopping eval_f1=0.499643; best=0.501432 at epoch 37; bad_epochs=2/30.
2026-08-22 19:03:26,434 - Model-rank0 - INFO - Saved recoverable checkpoint at /home/devbox/project/model/sjy/CSIG2026/Deeppro_v2/DeepPro-main/log/sem_seg/2026-08-22/SatVideoIRSDT_v1__2026-08-22_08-27-32__F1OHEM-brtd3_raw_apmd_hybrid_rms_motion_detrend_scratch_seed47_E100/checkpoints/latest_model.pth
2026-08-22 19:03:26,435 - Model-rank0 - INFO - Best mIoU_mid: 0.334607
2026-08-22 19:03:26,701 - Model-rank0 - INFO - CUDA memory after evaluation cleanup: allocated=0.017 GiB, reserved=0.447 GiB
2026-08-22 19:03:26,702 - Model-rank0 - INFO - **** Epoch 40/100 ****
2026-08-22 19:03:26,702 - Model-rank0 - INFO - Learning rate:0.000343
2026-08-22 19:14:28,778 - Model-rank0 - INFO - CUDA memory after training cleanup: allocated=0.017 GiB, reserved=0.449 GiB
2026-08-22 19:14:28,778 - Model-rank0 - INFO - Training mean loss: 0.363199
2026-08-22 19:14:28,778 - Model-rank0 - INFO - Training accuracy (IoU) of prediction: 0.555384
2026-08-22 19:14:28,778 - Model-rank0 - INFO - Training pixel precision: 0.807744
2026-08-22 19:14:28,778 - Model-rank0 - INFO - Training pixel recall: 0.639984
2026-08-22 19:14:28,778 - Model-rank0 - INFO - Training pixel F1: 0.714144
2026-08-22 19:14:28,778 - Model-rank0 - INFO - Training loss component tversky: 0.226458
2026-08-22 19:14:28,778 - Model-rank0 - INFO - Training loss component dice: 0.250828
2026-08-22 19:14:28,778 - Model-rank0 - INFO - Training loss component hard_margin: 0.991169
2026-08-22 19:14:28,778 - Model-rank0 - INFO - Training loss component hard_weight: 0.100000
2026-08-22 19:14:28,778 - Model-rank0 - INFO - ---- EPOCH 040 EVALUATION ----
2026-08-22 19:19:51,694 - Model-rank0 - INFO - Eval mean loss: 0.776438
2026-08-22 19:19:51,694 - Model-rank0 - INFO - Eval avg class IoU of prediction: 0.334625
2026-08-22 19:19:51,694 - Model-rank0 - INFO - Eval pixel precision: 0.708881
2026-08-22 19:19:51,695 - Model-rank0 - INFO - Eval pixel recall: 0.387935
2026-08-22 19:19:51,695 - Model-rank0 - INFO - Eval pixel F1: 0.501451
2026-08-22 19:19:51,695 - Model-rank0 - INFO - Early stopping eval_f1=0.501451; best=0.501432 at epoch 37; bad_epochs=3/30.
2026-08-22 19:19:51,729 - Model-rank0 - INFO - Saved recoverable checkpoint at /home/devbox/project/model/sjy/CSIG2026/Deeppro_v2/DeepPro-main/log/sem_seg/2026-08-22/SatVideoIRSDT_v1__2026-08-22_08-27-32__F1OHEM-brtd3_raw_apmd_hybrid_rms_motion_detrend_scratch_seed47_E100/checkpoints/latest_model.pth
2026-08-22 19:19:51,751 - Model-rank0 - INFO - Saved epoch checkpoint at /home/devbox/project/model/sjy/CSIG2026/Deeppro_v2/DeepPro-main/log/sem_seg/2026-08-22/SatVideoIRSDT_v1__2026-08-22_08-27-32__F1OHEM-brtd3_raw_apmd_hybrid_rms_motion_detrend_scratch_seed47_E100/checkpoints/epoch_40_model.pth
2026-08-22 19:19:51,772 - Model-rank0 - INFO - Saved best checkpoint at /home/devbox/project/model/sjy/CSIG2026/Deeppro_v2/DeepPro-main/log/sem_seg/2026-08-22/SatVideoIRSDT_v1__2026-08-22_08-27-32__F1OHEM-brtd3_raw_apmd_hybrid_rms_motion_detrend_scratch_seed47_E100/checkpoints/best_model.pth
2026-08-22 19:19:51,773 - Model-rank0 - INFO - Best mIoU_mid: 0.334625
2026-08-22 19:19:52,023 - Model-rank0 - INFO - CUDA memory after evaluation cleanup: allocated=0.017 GiB, reserved=0.447 GiB
2026-08-22 19:19:52,023 - Model-rank0 - INFO - **** Epoch 41/100 ****
2026-08-22 19:19:52,023 - Model-rank0 - INFO - Learning rate:0.000240
2026-08-22 19:30:37,395 - Model-rank0 - INFO - CUDA memory after training cleanup: allocated=0.017 GiB, reserved=0.451 GiB
2026-08-22 19:30:37,395 - Model-rank0 - INFO - Training mean loss: 0.353884
2026-08-22 19:30:37,395 - Model-rank0 - INFO - Training accuracy (IoU) of prediction: 0.580774
2026-08-22 19:30:37,395 - Model-rank0 - INFO - Training pixel precision: 0.814601
2026-08-22 19:30:37,395 - Model-rank0 - INFO - Training pixel recall: 0.669235
2026-08-22 19:30:37,395 - Model-rank0 - INFO - Training pixel F1: 0.734797
2026-08-22 19:30:37,395 - Model-rank0 - INFO - Training loss component tversky: 0.220783
2026-08-22 19:30:37,395 - Model-rank0 - INFO - Training loss component dice: 0.244958
2026-08-22 19:30:37,395 - Model-rank0 - INFO - Training loss component hard_margin: 0.963566
2026-08-22 19:30:37,395 - Model-rank0 - INFO - Training loss component hard_weight: 0.100000
2026-08-22 19:30:37,395 - Model-rank0 - INFO - ---- EPOCH 041 EVALUATION ----
2026-08-22 19:35:56,845 - Model-rank0 - INFO - Eval mean loss: 0.766783
2026-08-22 19:35:56,846 - Model-rank0 - INFO - Eval avg class IoU of prediction: 0.340232
2026-08-22 19:35:56,846 - Model-rank0 - INFO - Eval pixel precision: 0.699666
2026-08-22 19:35:56,846 - Model-rank0 - INFO - Eval pixel recall: 0.398419
2026-08-22 19:35:56,846 - Model-rank0 - INFO - Eval pixel F1: 0.507721
2026-08-22 19:35:56,846 - Model-rank0 - INFO - Early stopping eval_f1=0.507721; best=0.507721 at epoch 41; bad_epochs=0/30.
2026-08-22 19:35:56,876 - Model-rank0 - INFO - Saved recoverable checkpoint at /home/devbox/project/model/sjy/CSIG2026/Deeppro_v2/DeepPro-main/log/sem_seg/2026-08-22/SatVideoIRSDT_v1__2026-08-22_08-27-32__F1OHEM-brtd3_raw_apmd_hybrid_rms_motion_detrend_scratch_seed47_E100/checkpoints/latest_model.pth
2026-08-22 19:35:56,896 - Model-rank0 - INFO - Saved epoch checkpoint at /home/devbox/project/model/sjy/CSIG2026/Deeppro_v2/DeepPro-main/log/sem_seg/2026-08-22/SatVideoIRSDT_v1__2026-08-22_08-27-32__F1OHEM-brtd3_raw_apmd_hybrid_rms_motion_detrend_scratch_seed47_E100/checkpoints/epoch_41_model.pth
2026-08-22 19:35:56,918 - Model-rank0 - INFO - Saved best checkpoint at /home/devbox/project/model/sjy/CSIG2026/Deeppro_v2/DeepPro-main/log/sem_seg/2026-08-22/SatVideoIRSDT_v1__2026-08-22_08-27-32__F1OHEM-brtd3_raw_apmd_hybrid_rms_motion_detrend_scratch_seed47_E100/checkpoints/best_model.pth
2026-08-22 19:35:56,942 - Model-rank0 - INFO - Saved early-stopping best checkpoint at /home/devbox/project/model/sjy/CSIG2026/Deeppro_v2/DeepPro-main/log/sem_seg/2026-08-22/SatVideoIRSDT_v1__2026-08-22_08-27-32__F1OHEM-brtd3_raw_apmd_hybrid_rms_motion_detrend_scratch_seed47_E100/checkpoints/early_stopping_best_model.pth
2026-08-22 19:35:56,942 - Model-rank0 - INFO - Best mIoU_mid: 0.340232
2026-08-22 19:35:57,062 - Model-rank0 - INFO - CUDA memory after evaluation cleanup: allocated=0.017 GiB, reserved=0.447 GiB
2026-08-22 19:35:57,062 - Model-rank0 - INFO - **** Epoch 42/100 ****
2026-08-22 19:35:57,062 - Model-rank0 - INFO - Learning rate:0.000240
2026-08-22 19:46:38,182 - Model-rank0 - INFO - CUDA memory after training cleanup: allocated=0.017 GiB, reserved=0.451 GiB
2026-08-22 19:46:38,182 - Model-rank0 - INFO - Training mean loss: 0.350280
2026-08-22 19:46:38,182 - Model-rank0 - INFO - Training accuracy (IoU) of prediction: 0.582888
2026-08-22 19:46:38,182 - Model-rank0 - INFO - Training pixel precision: 0.819253
2026-08-22 19:46:38,182 - Model-rank0 - INFO - Training pixel recall: 0.668909
2026-08-22 19:46:38,182 - Model-rank0 - INFO - Training pixel F1: 0.736487
2026-08-22 19:46:38,182 - Model-rank0 - INFO - Training loss component tversky: 0.217761
2026-08-22 19:46:38,182 - Model-rank0 - INFO - Training loss component dice: 0.241898
2026-08-22 19:46:38,182 - Model-rank0 - INFO - Training loss component hard_margin: 0.962344
2026-08-22 19:46:38,182 - Model-rank0 - INFO - Training loss component hard_weight: 0.100000
2026-08-22 19:46:38,182 - Model-rank0 - INFO - ---- EPOCH 042 EVALUATION ----
2026-08-22 19:51:58,207 - Model-rank0 - INFO - Eval mean loss: 0.781213
2026-08-22 19:51:58,207 - Model-rank0 - INFO - Eval avg class IoU of prediction: 0.326640
2026-08-22 19:51:58,207 - Model-rank0 - INFO - Eval pixel precision: 0.724948
2026-08-22 19:51:58,207 - Model-rank0 - INFO - Eval pixel recall: 0.372847
2026-08-22 19:51:58,207 - Model-rank0 - INFO - Eval pixel F1: 0.492432
2026-08-22 19:51:58,207 - Model-rank0 - INFO - Early stopping eval_f1=0.492432; best=0.507721 at epoch 41; bad_epochs=1/30.
2026-08-22 19:51:58,237 - Model-rank0 - INFO - Saved recoverable checkpoint at /home/devbox/project/model/sjy/CSIG2026/Deeppro_v2/DeepPro-main/log/sem_seg/2026-08-22/SatVideoIRSDT_v1__2026-08-22_08-27-32__F1OHEM-brtd3_raw_apmd_hybrid_rms_motion_detrend_scratch_seed47_E100/checkpoints/latest_model.pth
2026-08-22 19:51:58,238 - Model-rank0 - INFO - Best mIoU_mid: 0.340232
2026-08-22 19:51:58,479 - Model-rank0 - INFO - CUDA memory after evaluation cleanup: allocated=0.017 GiB, reserved=0.447 GiB
2026-08-22 19:51:58,479 - Model-rank0 - INFO - **** Epoch 43/100 ****
2026-08-22 19:51:58,479 - Model-rank0 - INFO - Learning rate:0.000240
2026-08-22 20:02:12,789 - Model-rank0 - INFO - CUDA memory after training cleanup: allocated=0.017 GiB, reserved=0.449 GiB
2026-08-22 20:02:12,789 - Model-rank0 - INFO - Training mean loss: 0.348748
2026-08-22 20:02:12,789 - Model-rank0 - INFO - Training accuracy (IoU) of prediction: 0.571486
2026-08-22 20:02:12,789 - Model-rank0 - INFO - Training pixel precision: 0.818131
2026-08-22 20:02:12,789 - Model-rank0 - INFO - Training pixel recall: 0.654653
2026-08-22 20:02:12,789 - Model-rank0 - INFO - Training pixel F1: 0.727319
2026-08-22 20:02:12,789 - Model-rank0 - INFO - Training loss component tversky: 0.216777
2026-08-22 20:02:12,789 - Model-rank0 - INFO - Training loss component dice: 0.240425
2026-08-22 20:02:12,789 - Model-rank0 - INFO - Training loss component hard_margin: 0.959073
2026-08-22 20:02:12,789 - Model-rank0 - INFO - Training loss component hard_weight: 0.100000
2026-08-22 20:02:12,789 - Model-rank0 - INFO - ---- EPOCH 043 EVALUATION ----
2026-08-22 20:07:34,917 - Model-rank0 - INFO - Eval mean loss: 0.778818
2026-08-22 20:07:34,917 - Model-rank0 - INFO - Eval avg class IoU of prediction: 0.331524
2026-08-22 20:07:34,917 - Model-rank0 - INFO - Eval pixel precision: 0.739889
2026-08-22 20:07:34,917 - Model-rank0 - INFO - Eval pixel recall: 0.375260
2026-08-22 20:07:34,917 - Model-rank0 - INFO - Eval pixel F1: 0.497962
2026-08-22 20:07:34,917 - Model-rank0 - INFO - Early stopping eval_f1=0.497962; best=0.507721 at epoch 41; bad_epochs=2/30.
2026-08-22 20:07:34,954 - Model-rank0 - INFO - Saved recoverable checkpoint at /home/devbox/project/model/sjy/CSIG2026/Deeppro_v2/DeepPro-main/log/sem_seg/2026-08-22/SatVideoIRSDT_v1__2026-08-22_08-27-32__F1OHEM-brtd3_raw_apmd_hybrid_rms_motion_detrend_scratch_seed47_E100/checkpoints/latest_model.pth
2026-08-22 20:07:34,954 - Model-rank0 - INFO - Best mIoU_mid: 0.340232
2026-08-22 20:07:35,172 - Model-rank0 - INFO - CUDA memory after evaluation cleanup: allocated=0.017 GiB, reserved=0.447 GiB
2026-08-22 20:07:35,172 - Model-rank0 - INFO - **** Epoch 44/100 ****
2026-08-22 20:07:35,172 - Model-rank0 - INFO - Learning rate:0.000240
2026-08-22 20:18:15,902 - Model-rank0 - INFO - CUDA memory after training cleanup: allocated=0.017 GiB, reserved=0.449 GiB
2026-08-22 20:18:15,903 - Model-rank0 - INFO - Training mean loss: 0.351982
2026-08-22 20:18:15,903 - Model-rank0 - INFO - Training accuracy (IoU) of prediction: 0.572207
2026-08-22 20:18:15,903 - Model-rank0 - INFO - Training pixel precision: 0.819432
2026-08-22 20:18:15,903 - Model-rank0 - INFO - Training pixel recall: 0.654766
2026-08-22 20:18:15,903 - Model-rank0 - INFO - Training pixel F1: 0.727903
2026-08-22 20:18:15,903 - Model-rank0 - INFO - Training loss component tversky: 0.218591
2026-08-22 20:18:15,903 - Model-rank0 - INFO - Training loss component dice: 0.242332
2026-08-22 20:18:15,903 - Model-rank0 - INFO - Training loss component hard_margin: 0.970413
2026-08-22 20:18:15,903 - Model-rank0 - INFO - Training loss component hard_weight: 0.100000
2026-08-22 20:18:15,903 - Model-rank0 - INFO - ---- EPOCH 044 EVALUATION ----
2026-08-22 20:23:36,290 - Model-rank0 - INFO - Eval mean loss: 0.786543
2026-08-22 20:23:36,290 - Model-rank0 - INFO - Eval avg class IoU of prediction: 0.327492
2026-08-22 20:23:36,290 - Model-rank0 - INFO - Eval pixel precision: 0.717467
2026-08-22 20:23:36,290 - Model-rank0 - INFO - Eval pixel recall: 0.375980
2026-08-22 20:23:36,290 - Model-rank0 - INFO - Eval pixel F1: 0.493400
2026-08-22 20:23:36,290 - Model-rank0 - INFO - Early stopping eval_f1=0.493400; best=0.507721 at epoch 41; bad_epochs=3/30.
2026-08-22 20:23:36,319 - Model-rank0 - INFO - Saved recoverable checkpoint at /home/devbox/project/model/sjy/CSIG2026/Deeppro_v2/DeepPro-main/log/sem_seg/2026-08-22/SatVideoIRSDT_v1__2026-08-22_08-27-32__F1OHEM-brtd3_raw_apmd_hybrid_rms_motion_detrend_scratch_seed47_E100/checkpoints/latest_model.pth
2026-08-22 20:23:36,319 - Model-rank0 - INFO - Best mIoU_mid: 0.340232
2026-08-22 20:23:36,473 - Model-rank0 - INFO - CUDA memory after evaluation cleanup: allocated=0.017 GiB, reserved=0.447 GiB
2026-08-22 20:23:36,473 - Model-rank0 - INFO - **** Epoch 45/100 ****
2026-08-22 20:23:36,473 - Model-rank0 - INFO - Learning rate:0.000240
2026-08-22 20:34:12,793 - Model-rank0 - INFO - CUDA memory after training cleanup: allocated=0.017 GiB, reserved=0.449 GiB
2026-08-22 20:34:12,793 - Model-rank0 - INFO - Training mean loss: 0.341848
2026-08-22 20:34:12,794 - Model-rank0 - INFO - Training accuracy (IoU) of prediction: 0.590877
2026-08-22 20:34:12,794 - Model-rank0 - INFO - Training pixel precision: 0.819747
2026-08-22 20:34:12,794 - Model-rank0 - INFO - Training pixel recall: 0.679112
2026-08-22 20:34:12,794 - Model-rank0 - INFO - Training pixel F1: 0.742832
2026-08-22 20:34:12,794 - Model-rank0 - INFO - Training loss component tversky: 0.213374
2026-08-22 20:34:12,794 - Model-rank0 - INFO - Training loss component dice: 0.236511
2026-08-22 20:34:12,794 - Model-rank0 - INFO - Training loss component hard_margin: 0.929974
2026-08-22 20:34:12,794 - Model-rank0 - INFO - Training loss component hard_weight: 0.100000
2026-08-22 20:34:12,794 - Model-rank0 - INFO - ---- EPOCH 045 EVALUATION ----
2026-08-22 20:39:34,042 - Model-rank0 - INFO - Eval mean loss: 0.779623
2026-08-22 20:39:34,042 - Model-rank0 - INFO - Eval avg class IoU of prediction: 0.334835
2026-08-22 20:39:34,042 - Model-rank0 - INFO - Eval pixel precision: 0.735120
2026-08-22 20:39:34,043 - Model-rank0 - INFO - Eval pixel recall: 0.380775
2026-08-22 20:39:34,043 - Model-rank0 - INFO - Eval pixel F1: 0.501688
2026-08-22 20:39:34,043 - Model-rank0 - INFO - Early stopping eval_f1=0.501688; best=0.507721 at epoch 41; bad_epochs=4/30.
2026-08-22 20:39:34,070 - Model-rank0 - INFO - Saved recoverable checkpoint at /home/devbox/project/model/sjy/CSIG2026/Deeppro_v2/DeepPro-main/log/sem_seg/2026-08-22/SatVideoIRSDT_v1__2026-08-22_08-27-32__F1OHEM-brtd3_raw_apmd_hybrid_rms_motion_detrend_scratch_seed47_E100/checkpoints/latest_model.pth
2026-08-22 20:39:34,091 - Model-rank0 - INFO - Saved epoch checkpoint at /home/devbox/project/model/sjy/CSIG2026/Deeppro_v2/DeepPro-main/log/sem_seg/2026-08-22/SatVideoIRSDT_v1__2026-08-22_08-27-32__F1OHEM-brtd3_raw_apmd_hybrid_rms_motion_detrend_scratch_seed47_E100/checkpoints/epoch_45_model.pth
2026-08-22 20:39:34,091 - Model-rank0 - INFO - Best mIoU_mid: 0.340232
2026-08-22 20:39:34,229 - Model-rank0 - INFO - CUDA memory after evaluation cleanup: allocated=0.017 GiB, reserved=0.447 GiB
2026-08-22 20:39:34,229 - Model-rank0 - INFO - **** Epoch 46/100 ****
2026-08-22 20:39:34,229 - Model-rank0 - INFO - Learning rate:0.000240
2026-08-22 20:50:22,696 - Model-rank0 - INFO - CUDA memory after training cleanup: allocated=0.017 GiB, reserved=0.449 GiB
2026-08-22 20:50:22,696 - Model-rank0 - INFO - Training mean loss: 0.340966
2026-08-22 20:50:22,697 - Model-rank0 - INFO - Training accuracy (IoU) of prediction: 0.586836
2026-08-22 20:50:22,697 - Model-rank0 - INFO - Training pixel precision: 0.817307
2026-08-22 20:50:22,697 - Model-rank0 - INFO - Training pixel recall: 0.675437
2026-08-22 20:50:22,697 - Model-rank0 - INFO - Training pixel F1: 0.739630
2026-08-22 20:50:22,697 - Model-rank0 - INFO - Training loss component tversky: 0.212940
2026-08-22 20:50:22,697 - Model-rank0 - INFO - Training loss component dice: 0.236099
2026-08-22 20:50:22,697 - Model-rank0 - INFO - Training loss component hard_margin: 0.926116
2026-08-22 20:50:22,697 - Model-rank0 - INFO - Training loss component hard_weight: 0.100000
2026-08-22 20:50:22,697 - Model-rank0 - INFO - ---- EPOCH 046 EVALUATION ----
2026-08-22 20:55:43,694 - Model-rank0 - INFO - Eval mean loss: 0.783966
2026-08-22 20:55:43,694 - Model-rank0 - INFO - Eval avg class IoU of prediction: 0.334031
2026-08-22 20:55:43,694 - Model-rank0 - INFO - Eval pixel precision: 0.767371
2026-08-22 20:55:43,694 - Model-rank0 - INFO - Eval pixel recall: 0.371666
2026-08-22 20:55:43,694 - Model-rank0 - INFO - Eval pixel F1: 0.500784
2026-08-22 20:55:43,694 - Model-rank0 - INFO - Early stopping eval_f1=0.500784; best=0.507721 at epoch 41; bad_epochs=5/30.
2026-08-22 20:55:43,724 - Model-rank0 - INFO - Saved recoverable checkpoint at /home/devbox/project/model/sjy/CSIG2026/Deeppro_v2/DeepPro-main/log/sem_seg/2026-08-22/SatVideoIRSDT_v1__2026-08-22_08-27-32__F1OHEM-brtd3_raw_apmd_hybrid_rms_motion_detrend_scratch_seed47_E100/checkpoints/latest_model.pth
2026-08-22 20:55:43,724 - Model-rank0 - INFO - Best mIoU_mid: 0.340232
2026-08-22 20:55:43,844 - Model-rank0 - INFO - CUDA memory after evaluation cleanup: allocated=0.017 GiB, reserved=0.447 GiB
2026-08-22 20:55:43,844 - Model-rank0 - INFO - **** Epoch 47/100 ****
2026-08-22 20:55:43,844 - Model-rank0 - INFO - Learning rate:0.000240
2026-08-22 21:06:06,611 - Model-rank0 - INFO - CUDA memory after training cleanup: allocated=0.017 GiB, reserved=0.453 GiB
2026-08-22 21:06:06,611 - Model-rank0 - INFO - Training mean loss: 0.345829
2026-08-22 21:06:06,611 - Model-rank0 - INFO - Training accuracy (IoU) of prediction: 0.583969
2026-08-22 21:06:06,611 - Model-rank0 - INFO - Training pixel precision: 0.820615
2026-08-22 21:06:06,611 - Model-rank0 - INFO - Training pixel recall: 0.669424
2026-08-22 21:06:06,611 - Model-rank0 - INFO - Training pixel F1: 0.737349
2026-08-22 21:06:06,611 - Model-rank0 - INFO - Training loss component tversky: 0.215665
2026-08-22 21:06:06,611 - Model-rank0 - INFO - Training loss component dice: 0.239420
2026-08-22 21:06:06,611 - Model-rank0 - INFO - Training loss component hard_margin: 0.942512
2026-08-22 21:06:06,611 - Model-rank0 - INFO - Training loss component hard_weight: 0.100000
2026-08-22 21:06:06,612 - Model-rank0 - INFO - ---- EPOCH 047 EVALUATION ----
2026-08-22 21:11:29,651 - Model-rank0 - INFO - Eval mean loss: 0.774496
2026-08-22 21:11:29,652 - Model-rank0 - INFO - Eval avg class IoU of prediction: 0.337788
2026-08-22 21:11:29,652 - Model-rank0 - INFO - Eval pixel precision: 0.718994
2026-08-22 21:11:29,652 - Model-rank0 - INFO - Eval pixel recall: 0.389164
2026-08-22 21:11:29,652 - Model-rank0 - INFO - Eval pixel F1: 0.504994
2026-08-22 21:11:29,652 - Model-rank0 - INFO - Early stopping eval_f1=0.504994; best=0.507721 at epoch 41; bad_epochs=6/30.
2026-08-22 21:11:29,686 - Model-rank0 - INFO - Saved recoverable checkpoint at /home/devbox/project/model/sjy/CSIG2026/Deeppro_v2/DeepPro-main/log/sem_seg/2026-08-22/SatVideoIRSDT_v1__2026-08-22_08-27-32__F1OHEM-brtd3_raw_apmd_hybrid_rms_motion_detrend_scratch_seed47_E100/checkpoints/latest_model.pth
2026-08-22 21:11:29,686 - Model-rank0 - INFO - Best mIoU_mid: 0.340232
2026-08-22 21:11:29,927 - Model-rank0 - INFO - CUDA memory after evaluation cleanup: allocated=0.017 GiB, reserved=0.449 GiB
2026-08-22 21:11:29,927 - Model-rank0 - INFO - **** Epoch 48/100 ****
2026-08-22 21:11:29,927 - Model-rank0 - INFO - Learning rate:0.000240
2026-08-22 21:22:24,804 - Model-rank0 - INFO - CUDA memory after training cleanup: allocated=0.017 GiB, reserved=0.451 GiB
2026-08-22 21:22:24,805 - Model-rank0 - INFO - Training mean loss: 0.353565
2026-08-22 21:22:24,805 - Model-rank0 - INFO - Training accuracy (IoU) of prediction: 0.563589
2026-08-22 21:22:24,805 - Model-rank0 - INFO - Training pixel precision: 0.812571
2026-08-22 21:22:24,805 - Model-rank0 - INFO - Training pixel recall: 0.647802
2026-08-22 21:22:24,805 - Model-rank0 - INFO - Training pixel F1: 0.720891
2026-08-22 21:22:24,805 - Model-rank0 - INFO - Training loss component tversky: 0.219569
2026-08-22 21:22:24,805 - Model-rank0 - INFO - Training loss component dice: 0.243989
2026-08-22 21:22:24,805 - Model-rank0 - INFO - Training loss component hard_margin: 0.973976
2026-08-22 21:22:24,805 - Model-rank0 - INFO - Training loss component hard_weight: 0.100000
2026-08-22 21:22:24,805 - Model-rank0 - INFO - ---- EPOCH 048 EVALUATION ----
2026-08-22 21:27:45,797 - Model-rank0 - INFO - Eval mean loss: 0.775042
2026-08-22 21:27:45,797 - Model-rank0 - INFO - Eval avg class IoU of prediction: 0.332983
2026-08-22 21:27:45,797 - Model-rank0 - INFO - Eval pixel precision: 0.724576
2026-08-22 21:27:45,797 - Model-rank0 - INFO - Eval pixel recall: 0.381238
2026-08-22 21:27:45,797 - Model-rank0 - INFO - Eval pixel F1: 0.499606
2026-08-22 21:27:45,797 - Model-rank0 - INFO - Early stopping eval_f1=0.499606; best=0.507721 at epoch 41; bad_epochs=7/30.
2026-08-22 21:27:45,834 - Model-rank0 - INFO - Saved recoverable checkpoint at /home/devbox/project/model/sjy/CSIG2026/Deeppro_v2/DeepPro-main/log/sem_seg/2026-08-22/SatVideoIRSDT_v1__2026-08-22_08-27-32__F1OHEM-brtd3_raw_apmd_hybrid_rms_motion_detrend_scratch_seed47_E100/checkpoints/latest_model.pth
2026-08-22 21:27:45,835 - Model-rank0 - INFO - Best mIoU_mid: 0.340232
2026-08-22 21:27:46,054 - Model-rank0 - INFO - CUDA memory after evaluation cleanup: allocated=0.017 GiB, reserved=0.449 GiB
2026-08-22 21:27:46,054 - Model-rank0 - INFO - **** Epoch 49/100 ****
2026-08-22 21:27:46,054 - Model-rank0 - INFO - Learning rate:0.000240
2026-08-22 21:39:03,121 - Model-rank0 - INFO - CUDA memory after training cleanup: allocated=0.017 GiB, reserved=0.453 GiB
2026-08-22 21:39:03,121 - Model-rank0 - INFO - Training mean loss: 0.344565
2026-08-22 21:39:03,121 - Model-rank0 - INFO - Training accuracy (IoU) of prediction: 0.584819
2026-08-22 21:39:03,121 - Model-rank0 - INFO - Training pixel precision: 0.814526
2026-08-22 21:39:03,121 - Model-rank0 - INFO - Training pixel recall: 0.674663
2026-08-22 21:39:03,121 - Model-rank0 - INFO - Training pixel F1: 0.738026
2026-08-22 21:39:03,121 - Model-rank0 - INFO - Training loss component tversky: 0.215754
2026-08-22 21:39:03,121 - Model-rank0 - INFO - Training loss component dice: 0.239065
2026-08-22 21:39:03,121 - Model-rank0 - INFO - Training loss component hard_margin: 0.929518
2026-08-22 21:39:03,121 - Model-rank0 - INFO - Training loss component hard_weight: 0.100000
2026-08-22 21:39:03,121 - Model-rank0 - INFO - ---- EPOCH 049 EVALUATION ----
2026-08-22 21:44:25,286 - Model-rank0 - INFO - Eval mean loss: 0.782346
2026-08-22 21:44:25,286 - Model-rank0 - INFO - Eval avg class IoU of prediction: 0.330779
2026-08-22 21:44:25,286 - Model-rank0 - INFO - Eval pixel precision: 0.730786
2026-08-22 21:44:25,286 - Model-rank0 - INFO - Eval pixel recall: 0.376680
2026-08-22 21:44:25,286 - Model-rank0 - INFO - Eval pixel F1: 0.497121
2026-08-22 21:44:25,286 - Model-rank0 - INFO - Early stopping eval_f1=0.497121; best=0.507721 at epoch 41; bad_epochs=8/30.
2026-08-22 21:44:25,325 - Model-rank0 - INFO - Saved recoverable checkpoint at /home/devbox/project/model/sjy/CSIG2026/Deeppro_v2/DeepPro-main/log/sem_seg/2026-08-22/SatVideoIRSDT_v1__2026-08-22_08-27-32__F1OHEM-brtd3_raw_apmd_hybrid_rms_motion_detrend_scratch_seed47_E100/checkpoints/latest_model.pth
2026-08-22 21:44:25,326 - Model-rank0 - INFO - Best mIoU_mid: 0.340232
2026-08-22 21:44:25,482 - Model-rank0 - INFO - CUDA memory after evaluation cleanup: allocated=0.017 GiB, reserved=0.449 GiB
2026-08-22 21:44:25,482 - Model-rank0 - INFO - **** Epoch 50/100 ****
2026-08-22 21:44:25,482 - Model-rank0 - INFO - Learning rate:0.000240
2026-08-22 21:55:31,898 - Model-rank0 - INFO - CUDA memory after training cleanup: allocated=0.017 GiB, reserved=0.451 GiB
2026-08-22 21:55:31,898 - Model-rank0 - INFO - Training mean loss: 0.344940
2026-08-22 21:55:31,898 - Model-rank0 - INFO - Training accuracy (IoU) of prediction: 0.581166
2026-08-22 21:55:31,898 - Model-rank0 - INFO - Training pixel precision: 0.817059
2026-08-22 21:55:31,898 - Model-rank0 - INFO - Training pixel recall: 0.668101
2026-08-22 21:55:31,898 - Model-rank0 - INFO - Training pixel F1: 0.735110
2026-08-22 21:55:31,898 - Model-rank0 - INFO - Training loss component tversky: 0.216598
2026-08-22 21:55:31,898 - Model-rank0 - INFO - Training loss component dice: 0.239632
2026-08-22 21:55:31,898 - Model-rank0 - INFO - Training loss component hard_margin: 0.923969
2026-08-22 21:55:31,898 - Model-rank0 - INFO - Training loss component hard_weight: 0.100000
2026-08-22 21:55:31,898 - Model-rank0 - INFO - ---- EPOCH 050 EVALUATION ----
2026-08-22 22:00:56,111 - Model-rank0 - INFO - Eval mean loss: 0.790827
2026-08-22 22:00:56,111 - Model-rank0 - INFO - Eval avg class IoU of prediction: 0.323997
2026-08-22 22:00:56,112 - Model-rank0 - INFO - Eval pixel precision: 0.749556
2026-08-22 22:00:56,112 - Model-rank0 - INFO - Eval pixel recall: 0.363330
2026-08-22 22:00:56,112 - Model-rank0 - INFO - Eval pixel F1: 0.489423
2026-08-22 22:00:56,112 - Model-rank0 - INFO - Early stopping eval_f1=0.489423; best=0.507721 at epoch 41; bad_epochs=9/30.
2026-08-22 22:00:56,143 - Model-rank0 - INFO - Saved recoverable checkpoint at /home/devbox/project/model/sjy/CSIG2026/Deeppro_v2/DeepPro-main/log/sem_seg/2026-08-22/SatVideoIRSDT_v1__2026-08-22_08-27-32__F1OHEM-brtd3_raw_apmd_hybrid_rms_motion_detrend_scratch_seed47_E100/checkpoints/latest_model.pth
2026-08-22 22:00:56,163 - Model-rank0 - INFO - Saved epoch checkpoint at /home/devbox/project/model/sjy/CSIG2026/Deeppro_v2/DeepPro-main/log/sem_seg/2026-08-22/SatVideoIRSDT_v1__2026-08-22_08-27-32__F1OHEM-brtd3_raw_apmd_hybrid_rms_motion_detrend_scratch_seed47_E100/checkpoints/epoch_50_model.pth
2026-08-22 22:00:56,164 - Model-rank0 - INFO - Best mIoU_mid: 0.340232
2026-08-22 22:00:56,319 - Model-rank0 - INFO - CUDA memory after evaluation cleanup: allocated=0.017 GiB, reserved=0.449 GiB
2026-08-22 22:00:56,319 - Model-rank0 - INFO - **** Epoch 51/100 ****
2026-08-22 22:00:56,319 - Model-rank0 - INFO - Learning rate:0.000168
2026-08-22 22:11:55,955 - Model-rank0 - INFO - CUDA memory after training cleanup: allocated=0.017 GiB, reserved=0.453 GiB
2026-08-22 22:11:55,955 - Model-rank0 - INFO - Training mean loss: 0.337958
2026-08-22 22:11:55,955 - Model-rank0 - INFO - Training accuracy (IoU) of prediction: 0.591964
2026-08-22 22:11:55,955 - Model-rank0 - INFO - Training pixel precision: 0.818656
2026-08-22 22:11:55,955 - Model-rank0 - INFO - Training pixel recall: 0.681302
2026-08-22 22:11:55,955 - Model-rank0 - INFO - Training pixel F1: 0.743690
2026-08-22 22:11:55,955 - Model-rank0 - INFO - Training loss component tversky: 0.212373
2026-08-22 22:11:55,955 - Model-rank0 - INFO - Training loss component dice: 0.235302
2026-08-22 22:11:55,955 - Model-rank0 - INFO - Training loss component hard_margin: 0.902901
2026-08-22 22:11:55,955 - Model-rank0 - INFO - Training loss component hard_weight: 0.100000
2026-08-22 22:11:55,955 - Model-rank0 - INFO - ---- EPOCH 051 EVALUATION ----
2026-08-22 22:17:15,374 - Model-rank0 - INFO - Eval mean loss: 0.777677
2026-08-22 22:17:15,374 - Model-rank0 - INFO - Eval avg class IoU of prediction: 0.332107
2026-08-22 22:17:15,374 - Model-rank0 - INFO - Eval pixel precision: 0.736975
2026-08-22 22:17:15,374 - Model-rank0 - INFO - Eval pixel recall: 0.376764
2026-08-22 22:17:15,374 - Model-rank0 - INFO - Eval pixel F1: 0.498619
2026-08-22 22:17:15,374 - Model-rank0 - INFO - Early stopping eval_f1=0.498619; best=0.507721 at epoch 41; bad_epochs=10/30.
2026-08-22 22:17:15,410 - Model-rank0 - INFO - Saved recoverable checkpoint at /home/devbox/project/model/sjy/CSIG2026/Deeppro_v2/DeepPro-main/log/sem_seg/2026-08-22/SatVideoIRSDT_v1__2026-08-22_08-27-32__F1OHEM-brtd3_raw_apmd_hybrid_rms_motion_detrend_scratch_seed47_E100/checkpoints/latest_model.pth
2026-08-22 22:17:15,410 - Model-rank0 - INFO - Best mIoU_mid: 0.340232
2026-08-22 22:17:15,679 - Model-rank0 - INFO - CUDA memory after evaluation cleanup: allocated=0.017 GiB, reserved=0.449 GiB
2026-08-22 22:17:15,679 - Model-rank0 - INFO - **** Epoch 52/100 ****
2026-08-22 22:17:15,679 - Model-rank0 - INFO - Learning rate:0.000168
2026-08-22 22:28:19,440 - Model-rank0 - INFO - CUDA memory after training cleanup: allocated=0.017 GiB, reserved=0.449 GiB
2026-08-22 22:28:19,440 - Model-rank0 - INFO - Training mean loss: 0.341115
2026-08-22 22:28:19,440 - Model-rank0 - INFO - Training accuracy (IoU) of prediction: 0.604852
2026-08-22 22:28:19,440 - Model-rank0 - INFO - Training pixel precision: 0.818519
2026-08-22 22:28:19,440 - Model-rank0 - INFO - Training pixel recall: 0.698530
2026-08-22 22:28:19,440 - Model-rank0 - INFO - Training pixel F1: 0.753779
2026-08-22 22:28:19,440 - Model-rank0 - INFO - Training loss component tversky: 0.213013
2026-08-22 22:28:19,440 - Model-rank0 - INFO - Training loss component dice: 0.236370
2026-08-22 22:28:19,440 - Model-rank0 - INFO - Training loss component hard_margin: 0.926459
2026-08-22 22:28:19,440 - Model-rank0 - INFO - Training loss component hard_weight: 0.100000
2026-08-22 22:28:19,440 - Model-rank0 - INFO - ---- EPOCH 052 EVALUATION ----
2026-08-22 22:33:36,773 - Model-rank0 - INFO - Eval mean loss: 0.780043
2026-08-22 22:33:36,773 - Model-rank0 - INFO - Eval avg class IoU of prediction: 0.338140
2026-08-22 22:33:36,773 - Model-rank0 - INFO - Eval pixel precision: 0.755813
2026-08-22 22:33:36,773 - Model-rank0 - INFO - Eval pixel recall: 0.379611
2026-08-22 22:33:36,773 - Model-rank0 - INFO - Eval pixel F1: 0.505388
2026-08-22 22:33:36,773 - Model-rank0 - INFO - Early stopping eval_f1=0.505388; best=0.507721 at epoch 41; bad_epochs=11/30.
2026-08-22 22:33:36,804 - Model-rank0 - INFO - Saved recoverable checkpoint at /home/devbox/project/model/sjy/CSIG2026/Deeppro_v2/DeepPro-main/log/sem_seg/2026-08-22/SatVideoIRSDT_v1__2026-08-22_08-27-32__F1OHEM-brtd3_raw_apmd_hybrid_rms_motion_detrend_scratch_seed47_E100/checkpoints/latest_model.pth
2026-08-22 22:33:36,805 - Model-rank0 - INFO - Best mIoU_mid: 0.340232
2026-08-22 22:33:37,029 - Model-rank0 - INFO - CUDA memory after evaluation cleanup: allocated=0.017 GiB, reserved=0.447 GiB
2026-08-22 22:33:37,029 - Model-rank0 - INFO - **** Epoch 53/100 ****
2026-08-22 22:33:37,029 - Model-rank0 - INFO - Learning rate:0.000168
2026-08-22 22:44:38,795 - Model-rank0 - INFO - CUDA memory after training cleanup: allocated=0.017 GiB, reserved=0.449 GiB
2026-08-22 22:44:38,795 - Model-rank0 - INFO - Training mean loss: 0.346394
2026-08-22 22:44:38,795 - Model-rank0 - INFO - Training accuracy (IoU) of prediction: 0.583575
2026-08-22 22:44:38,795 - Model-rank0 - INFO - Training pixel precision: 0.822964
2026-08-22 22:44:38,795 - Model-rank0 - INFO - Training pixel recall: 0.667353
2026-08-22 22:44:38,795 - Model-rank0 - INFO - Training pixel F1: 0.737035
2026-08-22 22:44:38,795 - Model-rank0 - INFO - Training loss component tversky: 0.215933
2026-08-22 22:44:38,795 - Model-rank0 - INFO - Training loss component dice: 0.239327
2026-08-22 22:44:38,795 - Model-rank0 - INFO - Training loss component hard_margin: 0.945619
2026-08-22 22:44:38,795 - Model-rank0 - INFO - Training loss component hard_weight: 0.100000
2026-08-22 22:44:38,795 - Model-rank0 - INFO - ---- EPOCH 053 EVALUATION ----
2026-08-22 22:49:57,069 - Model-rank0 - INFO - Eval mean loss: 0.776251
2026-08-22 22:49:57,069 - Model-rank0 - INFO - Eval avg class IoU of prediction: 0.337428
2026-08-22 22:49:57,069 - Model-rank0 - INFO - Eval pixel precision: 0.749407
2026-08-22 22:49:57,069 - Model-rank0 - INFO - Eval pixel recall: 0.380343
2026-08-22 22:49:57,069 - Model-rank0 - INFO - Eval pixel F1: 0.504592
2026-08-22 22:49:57,069 - Model-rank0 - INFO - Early stopping eval_f1=0.504592; best=0.507721 at epoch 41; bad_epochs=12/30.
2026-08-22 22:49:57,096 - Model-rank0 - INFO - Saved recoverable checkpoint at /home/devbox/project/model/sjy/CSIG2026/Deeppro_v2/DeepPro-main/log/sem_seg/2026-08-22/SatVideoIRSDT_v1__2026-08-22_08-27-32__F1OHEM-brtd3_raw_apmd_hybrid_rms_motion_detrend_scratch_seed47_E100/checkpoints/latest_model.pth
2026-08-22 22:49:57,096 - Model-rank0 - INFO - Best mIoU_mid: 0.340232
2026-08-22 22:49:57,247 - Model-rank0 - INFO - CUDA memory after evaluation cleanup: allocated=0.017 GiB, reserved=0.447 GiB
2026-08-22 22:49:57,248 - Model-rank0 - INFO - **** Epoch 54/100 ****
2026-08-22 22:49:57,248 - Model-rank0 - INFO - Learning rate:0.000168
2026-08-22 23:00:16,723 - Model-rank0 - INFO - CUDA memory after training cleanup: allocated=0.017 GiB, reserved=0.451 GiB
2026-08-22 23:00:16,724 - Model-rank0 - INFO - Training mean loss: 0.339195
2026-08-22 23:00:16,724 - Model-rank0 - INFO - Training accuracy (IoU) of prediction: 0.583380
2026-08-22 23:00:16,724 - Model-rank0 - INFO - Training pixel precision: 0.823865
2026-08-22 23:00:16,724 - Model-rank0 - INFO - Training pixel recall: 0.666508
2026-08-22 23:00:16,724 - Model-rank0 - INFO - Training pixel F1: 0.736879
2026-08-22 23:00:16,724 - Model-rank0 - INFO - Training loss component tversky: 0.209909
2026-08-22 23:00:16,724 - Model-rank0 - INFO - Training loss component dice: 0.233323
2026-08-22 23:00:16,724 - Model-rank0 - INFO - Training loss component hard_margin: 0.942876
2026-08-22 23:00:16,724 - Model-rank0 - INFO - Training loss component hard_weight: 0.100000
2026-08-22 23:00:16,724 - Model-rank0 - INFO - ---- EPOCH 054 EVALUATION ----
2026-08-22 23:05:38,113 - Model-rank0 - INFO - Eval mean loss: 0.775478
2026-08-22 23:05:38,113 - Model-rank0 - INFO - Eval avg class IoU of prediction: 0.337053
2026-08-22 23:05:38,113 - Model-rank0 - INFO - Eval pixel precision: 0.745087
2026-08-22 23:05:38,113 - Model-rank0 - INFO - Eval pixel recall: 0.380986
2026-08-22 23:05:38,113 - Model-rank0 - INFO - Eval pixel F1: 0.504173
2026-08-22 23:05:38,113 - Model-rank0 - INFO - Early stopping eval_f1=0.504173; best=0.507721 at epoch 41; bad_epochs=13/30.
2026-08-22 23:05:38,140 - Model-rank0 - INFO - Saved recoverable checkpoint at /home/devbox/project/model/sjy/CSIG2026/Deeppro_v2/DeepPro-main/log/sem_seg/2026-08-22/SatVideoIRSDT_v1__2026-08-22_08-27-32__F1OHEM-brtd3_raw_apmd_hybrid_rms_motion_detrend_scratch_seed47_E100/checkpoints/latest_model.pth
2026-08-22 23:05:38,141 - Model-rank0 - INFO - Best mIoU_mid: 0.340232
2026-08-22 23:05:38,280 - Model-rank0 - INFO - CUDA memory after evaluation cleanup: allocated=0.017 GiB, reserved=0.449 GiB
2026-08-22 23:05:38,280 - Model-rank0 - INFO - **** Epoch 55/100 ****
2026-08-22 23:05:38,280 - Model-rank0 - INFO - Learning rate:0.000168
2026-08-22 23:15:36,915 - Model-rank0 - INFO - CUDA memory after training cleanup: allocated=0.017 GiB, reserved=0.449 GiB
2026-08-22 23:15:36,915 - Model-rank0 - INFO - Training mean loss: 0.332412
2026-08-22 23:15:36,915 - Model-rank0 - INFO - Training accuracy (IoU) of prediction: 0.591589
2026-08-22 23:15:36,915 - Model-rank0 - INFO - Training pixel precision: 0.823777
2026-08-22 23:15:36,915 - Model-rank0 - INFO - Training pixel recall: 0.677304
2026-08-22 23:15:36,915 - Model-rank0 - INFO - Training pixel F1: 0.743394
2026-08-22 23:15:36,915 - Model-rank0 - INFO - Training loss component tversky: 0.207444
2026-08-22 23:15:36,916 - Model-rank0 - INFO - Training loss component dice: 0.230015
2026-08-22 23:15:36,916 - Model-rank0 - INFO - Training loss component hard_margin: 0.904656
2026-08-22 23:15:36,916 - Model-rank0 - INFO - Training loss component hard_weight: 0.100000
2026-08-22 23:15:36,916 - Model-rank0 - INFO - ---- EPOCH 055 EVALUATION ----
2026-08-22 23:20:59,984 - Model-rank0 - INFO - Eval mean loss: 0.774358
2026-08-22 23:20:59,985 - Model-rank0 - INFO - Eval avg class IoU of prediction: 0.335634
2026-08-22 23:20:59,985 - Model-rank0 - INFO - Eval pixel precision: 0.737412
2026-08-22 23:20:59,985 - Model-rank0 - INFO - Eval pixel recall: 0.381194
2026-08-22 23:20:59,985 - Model-rank0 - INFO - Eval pixel F1: 0.502584
2026-08-22 23:20:59,985 - Model-rank0 - INFO - Early stopping eval_f1=0.502584; best=0.507721 at epoch 41; bad_epochs=14/30.
2026-08-22 23:21:00,018 - Model-rank0 - INFO - Saved recoverable checkpoint at /home/devbox/project/model/sjy/CSIG2026/Deeppro_v2/DeepPro-main/log/sem_seg/2026-08-22/SatVideoIRSDT_v1__2026-08-22_08-27-32__F1OHEM-brtd3_raw_apmd_hybrid_rms_motion_detrend_scratch_seed47_E100/checkpoints/latest_model.pth
2026-08-22 23:21:00,042 - Model-rank0 - INFO - Saved epoch checkpoint at /home/devbox/project/model/sjy/CSIG2026/Deeppro_v2/DeepPro-main/log/sem_seg/2026-08-22/SatVideoIRSDT_v1__2026-08-22_08-27-32__F1OHEM-brtd3_raw_apmd_hybrid_rms_motion_detrend_scratch_seed47_E100/checkpoints/epoch_55_model.pth
2026-08-22 23:21:00,042 - Model-rank0 - INFO - Best mIoU_mid: 0.340232
2026-08-22 23:21:00,301 - Model-rank0 - INFO - CUDA memory after evaluation cleanup: allocated=0.017 GiB, reserved=0.447 GiB
2026-08-22 23:21:00,301 - Model-rank0 - INFO - **** Epoch 56/100 ****
2026-08-22 23:21:00,301 - Model-rank0 - INFO - Learning rate:0.000168
2026-08-22 23:30:38,801 - Model-rank0 - INFO - CUDA memory after training cleanup: allocated=0.017 GiB, reserved=0.451 GiB
2026-08-22 23:30:38,801 - Model-rank0 - INFO - Training mean loss: 0.336201
2026-08-22 23:30:38,801 - Model-rank0 - INFO - Training accuracy (IoU) of prediction: 0.595365
2026-08-22 23:30:38,801 - Model-rank0 - INFO - Training pixel precision: 0.819369
2026-08-22 23:30:38,801 - Model-rank0 - INFO - Training pixel recall: 0.685311
2026-08-22 23:30:38,801 - Model-rank0 - INFO - Training pixel F1: 0.746368
2026-08-22 23:30:38,801 - Model-rank0 - INFO - Training loss component tversky: 0.209149
2026-08-22 23:30:38,802 - Model-rank0 - INFO - Training loss component dice: 0.231943
2026-08-22 23:30:38,802 - Model-rank0 - INFO - Training loss component hard_margin: 0.922606
2026-08-22 23:30:38,802 - Model-rank0 - INFO - Training loss component hard_weight: 0.100000
2026-08-22 23:30:38,802 - Model-rank0 - INFO - ---- EPOCH 056 EVALUATION ----
2026-08-22 23:36:00,440 - Model-rank0 - INFO - Eval mean loss: 0.773407
2026-08-22 23:36:00,440 - Model-rank0 - INFO - Eval avg class IoU of prediction: 0.345241
2026-08-22 23:36:00,440 - Model-rank0 - INFO - Eval pixel precision: 0.736811
2026-08-22 23:36:00,440 - Model-rank0 - INFO - Eval pixel recall: 0.393805
2026-08-22 23:36:00,440 - Model-rank0 - INFO - Eval pixel F1: 0.513277
2026-08-22 23:36:00,440 - Model-rank0 - INFO - Early stopping eval_f1=0.513277; best=0.513277 at epoch 56; bad_epochs=0/30.
2026-08-22 23:36:00,472 - Model-rank0 - INFO - Saved recoverable checkpoint at /home/devbox/project/model/sjy/CSIG2026/Deeppro_v2/DeepPro-main/log/sem_seg/2026-08-22/SatVideoIRSDT_v1__2026-08-22_08-27-32__F1OHEM-brtd3_raw_apmd_hybrid_rms_motion_detrend_scratch_seed47_E100/checkpoints/latest_model.pth
2026-08-22 23:36:00,493 - Model-rank0 - INFO - Saved epoch checkpoint at /home/devbox/project/model/sjy/CSIG2026/Deeppro_v2/DeepPro-main/log/sem_seg/2026-08-22/SatVideoIRSDT_v1__2026-08-22_08-27-32__F1OHEM-brtd3_raw_apmd_hybrid_rms_motion_detrend_scratch_seed47_E100/checkpoints/epoch_56_model.pth
2026-08-22 23:36:00,514 - Model-rank0 - INFO - Saved best checkpoint at /home/devbox/project/model/sjy/CSIG2026/Deeppro_v2/DeepPro-main/log/sem_seg/2026-08-22/SatVideoIRSDT_v1__2026-08-22_08-27-32__F1OHEM-brtd3_raw_apmd_hybrid_rms_motion_detrend_scratch_seed47_E100/checkpoints/best_model.pth
2026-08-22 23:36:00,536 - Model-rank0 - INFO - Saved early-stopping best checkpoint at /home/devbox/project/model/sjy/CSIG2026/Deeppro_v2/DeepPro-main/log/sem_seg/2026-08-22/SatVideoIRSDT_v1__2026-08-22_08-27-32__F1OHEM-brtd3_raw_apmd_hybrid_rms_motion_detrend_scratch_seed47_E100/checkpoints/early_stopping_best_model.pth
2026-08-22 23:36:00,536 - Model-rank0 - INFO - Best mIoU_mid: 0.345241
2026-08-22 23:36:00,718 - Model-rank0 - INFO - CUDA memory after evaluation cleanup: allocated=0.017 GiB, reserved=0.449 GiB
2026-08-22 23:36:00,718 - Model-rank0 - INFO - **** Epoch 57/100 ****
2026-08-22 23:36:00,718 - Model-rank0 - INFO - Learning rate:0.000168
2026-08-22 23:46:23,005 - Model-rank0 - INFO - CUDA memory after training cleanup: allocated=0.017 GiB, reserved=0.451 GiB
2026-08-22 23:46:23,006 - Model-rank0 - INFO - Training mean loss: 0.337578
2026-08-22 23:46:23,006 - Model-rank0 - INFO - Training accuracy (IoU) of prediction: 0.584268
2026-08-22 23:46:23,006 - Model-rank0 - INFO - Training pixel precision: 0.824568
2026-08-22 23:46:23,006 - Model-rank0 - INFO - Training pixel recall: 0.667206
2026-08-22 23:46:23,006 - Model-rank0 - INFO - Training pixel F1: 0.737587
2026-08-22 23:46:23,006 - Model-rank0 - INFO - Training loss component tversky: 0.210228
2026-08-22 23:46:23,006 - Model-rank0 - INFO - Training loss component dice: 0.232605
2026-08-22 23:46:23,006 - Model-rank0 - INFO - Training loss component hard_margin: 0.924593
2026-08-22 23:46:23,006 - Model-rank0 - INFO - Training loss component hard_weight: 0.100000
2026-08-22 23:46:23,006 - Model-rank0 - INFO - ---- EPOCH 057 EVALUATION ----
2026-08-22 23:51:43,805 - Model-rank0 - INFO - Eval mean loss: 0.769040
2026-08-22 23:51:43,806 - Model-rank0 - INFO - Eval avg class IoU of prediction: 0.342331
2026-08-22 23:51:43,806 - Model-rank0 - INFO - Eval pixel precision: 0.742627
2026-08-22 23:51:43,806 - Model-rank0 - INFO - Eval pixel recall: 0.388414
2026-08-22 23:51:43,806 - Model-rank0 - INFO - Eval pixel F1: 0.510055
2026-08-22 23:51:43,806 - Model-rank0 - INFO - Early stopping eval_f1=0.510055; best=0.513277 at epoch 56; bad_epochs=1/30.
2026-08-22 23:51:43,834 - Model-rank0 - INFO - Saved recoverable checkpoint at /home/devbox/project/model/sjy/CSIG2026/Deeppro_v2/DeepPro-main/log/sem_seg/2026-08-22/SatVideoIRSDT_v1__2026-08-22_08-27-32__F1OHEM-brtd3_raw_apmd_hybrid_rms_motion_detrend_scratch_seed47_E100/checkpoints/latest_model.pth
2026-08-22 23:51:43,834 - Model-rank0 - INFO - Best mIoU_mid: 0.345241
2026-08-22 23:51:43,999 - Model-rank0 - INFO - CUDA memory after evaluation cleanup: allocated=0.017 GiB, reserved=0.447 GiB
2026-08-22 23:51:44,000 - Model-rank0 - INFO - **** Epoch 58/100 ****
2026-08-22 23:51:44,000 - Model-rank0 - INFO - Learning rate:0.000168
2026-08-23 00:02:45,140 - Model-rank0 - INFO - CUDA memory after training cleanup: allocated=0.017 GiB, reserved=0.449 GiB
2026-08-23 00:02:45,140 - Model-rank0 - INFO - Training mean loss: 0.347035
2026-08-23 00:02:45,140 - Model-rank0 - INFO - Training accuracy (IoU) of prediction: 0.579441
2026-08-23 00:02:45,140 - Model-rank0 - INFO - Training pixel precision: 0.820166
2026-08-23 00:02:45,140 - Model-rank0 - INFO - Training pixel recall: 0.663774
2026-08-23 00:02:45,140 - Model-rank0 - INFO - Training pixel F1: 0.733729
2026-08-23 00:02:45,140 - Model-rank0 - INFO - Training loss component tversky: 0.216767
2026-08-23 00:02:45,140 - Model-rank0 - INFO - Training loss component dice: 0.240016
2026-08-23 00:02:45,140 - Model-rank0 - INFO - Training loss component hard_margin: 0.942647
2026-08-23 00:02:45,140 - Model-rank0 - INFO - Training loss component hard_weight: 0.100000
2026-08-23 00:02:45,140 - Model-rank0 - INFO - ---- EPOCH 058 EVALUATION ----
2026-08-23 00:08:04,586 - Model-rank0 - INFO - Eval mean loss: 0.764058
2026-08-23 00:08:04,587 - Model-rank0 - INFO - Eval avg class IoU of prediction: 0.341540
2026-08-23 00:08:04,587 - Model-rank0 - INFO - Eval pixel precision: 0.715066
2026-08-23 00:08:04,587 - Model-rank0 - INFO - Eval pixel recall: 0.395344
2026-08-23 00:08:04,587 - Model-rank0 - INFO - Eval pixel F1: 0.509176
2026-08-23 00:08:04,587 - Model-rank0 - INFO - Early stopping eval_f1=0.509176; best=0.513277 at epoch 56; bad_epochs=2/30.
2026-08-23 00:08:04,613 - Model-rank0 - INFO - Saved recoverable checkpoint at /home/devbox/project/model/sjy/CSIG2026/Deeppro_v2/DeepPro-main/log/sem_seg/2026-08-22/SatVideoIRSDT_v1__2026-08-22_08-27-32__F1OHEM-brtd3_raw_apmd_hybrid_rms_motion_detrend_scratch_seed47_E100/checkpoints/latest_model.pth
2026-08-23 00:08:04,613 - Model-rank0 - INFO - Best mIoU_mid: 0.345241
2026-08-23 00:08:04,783 - Model-rank0 - INFO - CUDA memory after evaluation cleanup: allocated=0.017 GiB, reserved=0.447 GiB
2026-08-23 00:08:04,784 - Model-rank0 - INFO - **** Epoch 59/100 ****
2026-08-23 00:08:04,784 - Model-rank0 - INFO - Learning rate:0.000168
2026-08-23 00:18:49,562 - Model-rank0 - INFO - CUDA memory after training cleanup: allocated=0.017 GiB, reserved=0.451 GiB
2026-08-23 00:18:49,562 - Model-rank0 - INFO - Training mean loss: 0.334931
2026-08-23 00:18:49,562 - Model-rank0 - INFO - Training accuracy (IoU) of prediction: 0.590742
2026-08-23 00:18:49,562 - Model-rank0 - INFO - Training pixel precision: 0.819386
2026-08-23 00:18:49,562 - Model-rank0 - INFO - Training pixel recall: 0.679182
2026-08-23 00:18:49,562 - Model-rank0 - INFO - Training pixel F1: 0.742725
2026-08-23 00:18:49,562 - Model-rank0 - INFO - Training loss component tversky: 0.209333
2026-08-23 00:18:49,562 - Model-rank0 - INFO - Training loss component dice: 0.231648
2026-08-23 00:18:49,562 - Model-rank0 - INFO - Training loss component hard_margin: 0.908503
2026-08-23 00:18:49,562 - Model-rank0 - INFO - Training loss component hard_weight: 0.100000
2026-08-23 00:18:49,562 - Model-rank0 - INFO - ---- EPOCH 059 EVALUATION ----
2026-08-23 00:24:13,395 - Model-rank0 - INFO - Eval mean loss: 0.782173
2026-08-23 00:24:13,396 - Model-rank0 - INFO - Eval avg class IoU of prediction: 0.337376
2026-08-23 00:24:13,396 - Model-rank0 - INFO - Eval pixel precision: 0.744505
2026-08-23 00:24:13,396 - Model-rank0 - INFO - Eval pixel recall: 0.381552
2026-08-23 00:24:13,396 - Model-rank0 - INFO - Eval pixel F1: 0.504534
2026-08-23 00:24:13,396 - Model-rank0 - INFO - Early stopping eval_f1=0.504534; best=0.513277 at epoch 56; bad_epochs=3/30.
2026-08-23 00:24:13,423 - Model-rank0 - INFO - Saved recoverable checkpoint at /home/devbox/project/model/sjy/CSIG2026/Deeppro_v2/DeepPro-main/log/sem_seg/2026-08-22/SatVideoIRSDT_v1__2026-08-22_08-27-32__F1OHEM-brtd3_raw_apmd_hybrid_rms_motion_detrend_scratch_seed47_E100/checkpoints/latest_model.pth
2026-08-23 00:24:13,423 - Model-rank0 - INFO - Best mIoU_mid: 0.345241
2026-08-23 00:24:13,540 - Model-rank0 - INFO - CUDA memory after evaluation cleanup: allocated=0.017 GiB, reserved=0.447 GiB
2026-08-23 00:24:13,540 - Model-rank0 - INFO - **** Epoch 60/100 ****
2026-08-23 00:24:13,540 - Model-rank0 - INFO - Learning rate:0.000168
2026-08-23 00:33:21,237 - Model-rank0 - INFO - CUDA memory after training cleanup: allocated=0.017 GiB, reserved=0.451 GiB
2026-08-23 00:33:21,237 - Model-rank0 - INFO - Training mean loss: 0.343090
2026-08-23 00:33:21,237 - Model-rank0 - INFO - Training accuracy (IoU) of prediction: 0.595913
2026-08-23 00:33:21,237 - Model-rank0 - INFO - Training pixel precision: 0.823905
2026-08-23 00:33:21,237 - Model-rank0 - INFO - Training pixel recall: 0.682890
2026-08-23 00:33:21,237 - Model-rank0 - INFO - Training pixel F1: 0.746799
2026-08-23 00:33:21,237 - Model-rank0 - INFO - Training loss component tversky: 0.212471
2026-08-23 00:33:21,237 - Model-rank0 - INFO - Training loss component dice: 0.236284
2026-08-23 00:33:21,237 - Model-rank0 - INFO - Training loss component hard_margin: 0.951768
2026-08-23 00:33:21,237 - Model-rank0 - INFO - Training loss component hard_weight: 0.100000
2026-08-23 00:33:21,237 - Model-rank0 - INFO - ---- EPOCH 060 EVALUATION ----
2026-08-23 00:38:43,224 - Model-rank0 - INFO - Eval mean loss: 0.776032
2026-08-23 00:38:43,224 - Model-rank0 - INFO - Eval avg class IoU of prediction: 0.335998
2026-08-23 00:38:43,224 - Model-rank0 - INFO - Eval pixel precision: 0.750881
2026-08-23 00:38:43,224 - Model-rank0 - INFO - Eval pixel recall: 0.378152
2026-08-23 00:38:43,224 - Model-rank0 - INFO - Eval pixel F1: 0.502992
2026-08-23 00:38:43,224 - Model-rank0 - INFO - Early stopping eval_f1=0.502992; best=0.513277 at epoch 56; bad_epochs=4/30.
2026-08-23 00:38:43,248 - Model-rank0 - INFO - Saved recoverable checkpoint at /home/devbox/project/model/sjy/CSIG2026/Deeppro_v2/DeepPro-main/log/sem_seg/2026-08-22/SatVideoIRSDT_v1__2026-08-22_08-27-32__F1OHEM-brtd3_raw_apmd_hybrid_rms_motion_detrend_scratch_seed47_E100/checkpoints/latest_model.pth
2026-08-23 00:38:43,267 - Model-rank0 - INFO - Saved epoch checkpoint at /home/devbox/project/model/sjy/CSIG2026/Deeppro_v2/DeepPro-main/log/sem_seg/2026-08-22/SatVideoIRSDT_v1__2026-08-22_08-27-32__F1OHEM-brtd3_raw_apmd_hybrid_rms_motion_detrend_scratch_seed47_E100/checkpoints/epoch_60_model.pth
2026-08-23 00:38:43,267 - Model-rank0 - INFO - Best mIoU_mid: 0.345241
2026-08-23 00:38:43,403 - Model-rank0 - INFO - CUDA memory after evaluation cleanup: allocated=0.017 GiB, reserved=0.447 GiB
2026-08-23 00:38:43,403 - Model-rank0 - INFO - **** Epoch 61/100 ****
2026-08-23 00:38:43,403 - Model-rank0 - INFO - Learning rate:0.000118
2026-08-23 00:47:36,473 - Model-rank0 - INFO - CUDA memory after training cleanup: allocated=0.017 GiB, reserved=0.451 GiB
2026-08-23 00:47:36,473 - Model-rank0 - INFO - Training mean loss: 0.342439
2026-08-23 00:47:36,473 - Model-rank0 - INFO - Training accuracy (IoU) of prediction: 0.600227
2026-08-23 00:47:36,473 - Model-rank0 - INFO - Training pixel precision: 0.821999
2026-08-23 00:47:36,473 - Model-rank0 - INFO - Training pixel recall: 0.689898
2026-08-23 00:47:36,473 - Model-rank0 - INFO - Training pixel F1: 0.750178
2026-08-23 00:47:36,473 - Model-rank0 - INFO - Training loss component tversky: 0.213927
2026-08-23 00:47:36,473 - Model-rank0 - INFO - Training loss component dice: 0.237055
2026-08-23 00:47:36,473 - Model-rank0 - INFO - Training loss component hard_margin: 0.929531
2026-08-23 00:47:36,473 - Model-rank0 - INFO - Training loss component hard_weight: 0.100000
2026-08-23 00:47:36,473 - Model-rank0 - INFO - ---- EPOCH 061 EVALUATION ----
2026-08-23 00:52:52,372 - Model-rank0 - INFO - Eval mean loss: 0.773910
2026-08-23 00:52:52,372 - Model-rank0 - INFO - Eval avg class IoU of prediction: 0.337893
2026-08-23 00:52:52,372 - Model-rank0 - INFO - Eval pixel precision: 0.739084
2026-08-23 00:52:52,373 - Model-rank0 - INFO - Eval pixel recall: 0.383658
2026-08-23 00:52:52,373 - Model-rank0 - INFO - Eval pixel F1: 0.505113
2026-08-23 00:52:52,373 - Model-rank0 - INFO - Early stopping eval_f1=0.505113; best=0.513277 at epoch 56; bad_epochs=5/30.
2026-08-23 00:52:52,400 - Model-rank0 - INFO - Saved recoverable checkpoint at /home/devbox/project/model/sjy/CSIG2026/Deeppro_v2/DeepPro-main/log/sem_seg/2026-08-22/SatVideoIRSDT_v1__2026-08-22_08-27-32__F1OHEM-brtd3_raw_apmd_hybrid_rms_motion_detrend_scratch_seed47_E100/checkpoints/latest_model.pth
2026-08-23 00:52:52,401 - Model-rank0 - INFO - Best mIoU_mid: 0.345241
2026-08-23 00:52:52,560 - Model-rank0 - INFO - CUDA memory after evaluation cleanup: allocated=0.017 GiB, reserved=0.447 GiB
2026-08-23 00:52:52,560 - Model-rank0 - INFO - **** Epoch 62/100 ****
2026-08-23 00:52:52,561 - Model-rank0 - INFO - Learning rate:0.000118
2026-08-23 01:01:44,485 - Model-rank0 - INFO - CUDA memory after training cleanup: allocated=0.017 GiB, reserved=0.451 GiB
2026-08-23 01:01:44,485 - Model-rank0 - INFO - Training mean loss: 0.326376
2026-08-23 01:01:44,485 - Model-rank0 - INFO - Training accuracy (IoU) of prediction: 0.611883
2026-08-23 01:01:44,485 - Model-rank0 - INFO - Training pixel precision: 0.823477
2026-08-23 01:01:44,485 - Model-rank0 - INFO - Training pixel recall: 0.704256
2026-08-23 01:01:44,485 - Model-rank0 - INFO - Training pixel F1: 0.759215
2026-08-23 01:01:44,485 - Model-rank0 - INFO - Training loss component tversky: 0.205471
2026-08-23 01:01:44,485 - Model-rank0 - INFO - Training loss component dice: 0.227139
2026-08-23 01:01:44,486 - Model-rank0 - INFO - Training loss component hard_margin: 0.868341
2026-08-23 01:01:44,486 - Model-rank0 - INFO - Training loss component hard_weight: 0.100000
2026-08-23 01:01:44,486 - Model-rank0 - INFO - ---- EPOCH 062 EVALUATION ----
2026-08-23 01:07:00,352 - Model-rank0 - INFO - Eval mean loss: 0.776584
2026-08-23 01:07:00,352 - Model-rank0 - INFO - Eval avg class IoU of prediction: 0.340446
2026-08-23 01:07:00,352 - Model-rank0 - INFO - Eval pixel precision: 0.726317
2026-08-23 01:07:00,352 - Model-rank0 - INFO - Eval pixel recall: 0.390547
2026-08-23 01:07:00,352 - Model-rank0 - INFO - Eval pixel F1: 0.507960
2026-08-23 01:07:00,352 - Model-rank0 - INFO - Early stopping eval_f1=0.507960; best=0.513277 at epoch 56; bad_epochs=6/30.
2026-08-23 01:07:00,382 - Model-rank0 - INFO - Saved recoverable checkpoint at /home/devbox/project/model/sjy/CSIG2026/Deeppro_v2/DeepPro-main/log/sem_seg/2026-08-22/SatVideoIRSDT_v1__2026-08-22_08-27-32__F1OHEM-brtd3_raw_apmd_hybrid_rms_motion_detrend_scratch_seed47_E100/checkpoints/latest_model.pth
2026-08-23 01:07:00,382 - Model-rank0 - INFO - Best mIoU_mid: 0.345241
2026-08-23 01:07:00,512 - Model-rank0 - INFO - CUDA memory after evaluation cleanup: allocated=0.017 GiB, reserved=0.447 GiB
2026-08-23 01:07:00,513 - Model-rank0 - INFO - **** Epoch 63/100 ****
2026-08-23 01:07:00,513 - Model-rank0 - INFO - Learning rate:0.000118
2026-08-23 01:15:36,946 - Model-rank0 - INFO - CUDA memory after training cleanup: allocated=0.017 GiB, reserved=0.451 GiB
2026-08-23 01:15:36,946 - Model-rank0 - INFO - Training mean loss: 0.334016
2026-08-23 01:15:36,946 - Model-rank0 - INFO - Training accuracy (IoU) of prediction: 0.600829
2026-08-23 01:15:36,946 - Model-rank0 - INFO - Training pixel precision: 0.823708
2026-08-23 01:15:36,946 - Model-rank0 - INFO - Training pixel recall: 0.689491
2026-08-23 01:15:36,946 - Model-rank0 - INFO - Training pixel F1: 0.750647
2026-08-23 01:15:36,946 - Model-rank0 - INFO - Training loss component tversky: 0.207521
2026-08-23 01:15:36,946 - Model-rank0 - INFO - Training loss component dice: 0.229972
2026-08-23 01:15:36,946 - Model-rank0 - INFO - Training loss component hard_margin: 0.919986
2026-08-23 01:15:36,946 - Model-rank0 - INFO - Training loss component hard_weight: 0.100000
2026-08-23 01:15:36,946 - Model-rank0 - INFO - ---- EPOCH 063 EVALUATION ----
2026-08-23 01:20:52,508 - Model-rank0 - INFO - Eval mean loss: 0.777555
2026-08-23 01:20:52,508 - Model-rank0 - INFO - Eval avg class IoU of prediction: 0.334241
2026-08-23 01:20:52,508 - Model-rank0 - INFO - Eval pixel precision: 0.727566
2026-08-23 01:20:52,508 - Model-rank0 - INFO - Eval pixel recall: 0.382058
2026-08-23 01:20:52,509 - Model-rank0 - INFO - Eval pixel F1: 0.501021
2026-08-23 01:20:52,509 - Model-rank0 - INFO - Early stopping eval_f1=0.501021; best=0.513277 at epoch 56; bad_epochs=7/30.
2026-08-23 01:20:52,535 - Model-rank0 - INFO - Saved recoverable checkpoint at /home/devbox/project/model/sjy/CSIG2026/Deeppro_v2/DeepPro-main/log/sem_seg/2026-08-22/SatVideoIRSDT_v1__2026-08-22_08-27-32__F1OHEM-brtd3_raw_apmd_hybrid_rms_motion_detrend_scratch_seed47_E100/checkpoints/latest_model.pth
2026-08-23 01:20:52,535 - Model-rank0 - INFO - Best mIoU_mid: 0.345241
2026-08-23 01:20:52,640 - Model-rank0 - INFO - CUDA memory after evaluation cleanup: allocated=0.017 GiB, reserved=0.447 GiB
2026-08-23 01:20:52,640 - Model-rank0 - INFO - **** Epoch 64/100 ****
2026-08-23 01:20:52,640 - Model-rank0 - INFO - Learning rate:0.000118
2026-08-23 01:29:41,135 - Model-rank0 - INFO - CUDA memory after training cleanup: allocated=0.017 GiB, reserved=0.451 GiB
2026-08-23 01:29:41,135 - Model-rank0 - INFO - Training mean loss: 0.328718
2026-08-23 01:29:41,135 - Model-rank0 - INFO - Training accuracy (IoU) of prediction: 0.600487
2026-08-23 01:29:41,135 - Model-rank0 - INFO - Training pixel precision: 0.829038
2026-08-23 01:29:41,135 - Model-rank0 - INFO - Training pixel recall: 0.685355
2026-08-23 01:29:41,135 - Model-rank0 - INFO - Training pixel F1: 0.750380
2026-08-23 01:29:41,135 - Model-rank0 - INFO - Training loss component tversky: 0.205948
2026-08-23 01:29:41,135 - Model-rank0 - INFO - Training loss component dice: 0.227493
2026-08-23 01:29:41,135 - Model-rank0 - INFO - Training loss component hard_margin: 0.886455
2026-08-23 01:29:41,135 - Model-rank0 - INFO - Training loss component hard_weight: 0.100000
2026-08-23 01:29:41,135 - Model-rank0 - INFO - ---- EPOCH 064 EVALUATION ----
2026-08-23 01:34:57,036 - Model-rank0 - INFO - Eval mean loss: 0.776171
2026-08-23 01:34:57,037 - Model-rank0 - INFO - Eval avg class IoU of prediction: 0.341244
2026-08-23 01:34:57,037 - Model-rank0 - INFO - Eval pixel precision: 0.735303
2026-08-23 01:34:57,037 - Model-rank0 - INFO - Eval pixel recall: 0.389033
2026-08-23 01:34:57,037 - Model-rank0 - INFO - Eval pixel F1: 0.508847
2026-08-23 01:34:57,037 - Model-rank0 - INFO - Early stopping eval_f1=0.508847; best=0.513277 at epoch 56; bad_epochs=8/30.
2026-08-23 01:34:57,065 - Model-rank0 - INFO - Saved recoverable checkpoint at /home/devbox/project/model/sjy/CSIG2026/Deeppro_v2/DeepPro-main/log/sem_seg/2026-08-22/SatVideoIRSDT_v1__2026-08-22_08-27-32__F1OHEM-brtd3_raw_apmd_hybrid_rms_motion_detrend_scratch_seed47_E100/checkpoints/latest_model.pth
2026-08-23 01:34:57,065 - Model-rank0 - INFO - Best mIoU_mid: 0.345241
2026-08-23 01:34:57,238 - Model-rank0 - INFO - CUDA memory after evaluation cleanup: allocated=0.017 GiB, reserved=0.449 GiB
2026-08-23 01:34:57,238 - Model-rank0 - INFO - **** Epoch 65/100 ****
2026-08-23 01:34:57,238 - Model-rank0 - INFO - Learning rate:0.000118
2026-08-23 01:43:42,075 - Model-rank0 - INFO - CUDA memory after training cleanup: allocated=0.017 GiB, reserved=0.449 GiB
2026-08-23 01:43:42,075 - Model-rank0 - INFO - Training mean loss: 0.329395
2026-08-23 01:43:42,075 - Model-rank0 - INFO - Training accuracy (IoU) of prediction: 0.606937
2026-08-23 01:43:42,075 - Model-rank0 - INFO - Training pixel precision: 0.826224
2026-08-23 01:43:42,075 - Model-rank0 - INFO - Training pixel recall: 0.695753
2026-08-23 01:43:42,075 - Model-rank0 - INFO - Training pixel F1: 0.755396
2026-08-23 01:43:42,075 - Model-rank0 - INFO - Training loss component tversky: 0.205081
2026-08-23 01:43:42,075 - Model-rank0 - INFO - Training loss component dice: 0.227106
2026-08-23 01:43:42,075 - Model-rank0 - INFO - Training loss component hard_margin: 0.902474
2026-08-23 01:43:42,075 - Model-rank0 - INFO - Training loss component hard_weight: 0.100000
2026-08-23 01:43:42,075 - Model-rank0 - INFO - ---- EPOCH 065 EVALUATION ----
2026-08-23 01:48:57,829 - Model-rank0 - INFO - Eval mean loss: 0.772628
2026-08-23 01:48:57,829 - Model-rank0 - INFO - Eval avg class IoU of prediction: 0.339204
2026-08-23 01:48:57,829 - Model-rank0 - INFO - Eval pixel precision: 0.738339
2026-08-23 01:48:57,829 - Model-rank0 - INFO - Eval pixel recall: 0.385551
2026-08-23 01:48:57,829 - Model-rank0 - INFO - Eval pixel F1: 0.506575
2026-08-23 01:48:57,830 - Model-rank0 - INFO - Early stopping eval_f1=0.506575; best=0.513277 at epoch 56; bad_epochs=9/30.
2026-08-23 01:48:57,861 - Model-rank0 - INFO - Saved recoverable checkpoint at /home/devbox/project/model/sjy/CSIG2026/Deeppro_v2/DeepPro-main/log/sem_seg/2026-08-22/SatVideoIRSDT_v1__2026-08-22_08-27-32__F1OHEM-brtd3_raw_apmd_hybrid_rms_motion_detrend_scratch_seed47_E100/checkpoints/latest_model.pth
2026-08-23 01:48:57,881 - Model-rank0 - INFO - Saved epoch checkpoint at /home/devbox/project/model/sjy/CSIG2026/Deeppro_v2/DeepPro-main/log/sem_seg/2026-08-22/SatVideoIRSDT_v1__2026-08-22_08-27-32__F1OHEM-brtd3_raw_apmd_hybrid_rms_motion_detrend_scratch_seed47_E100/checkpoints/epoch_65_model.pth
2026-08-23 01:48:57,881 - Model-rank0 - INFO - Best mIoU_mid: 0.345241
2026-08-23 01:48:57,991 - Model-rank0 - INFO - CUDA memory after evaluation cleanup: allocated=0.017 GiB, reserved=0.447 GiB
2026-08-23 01:48:57,992 - Model-rank0 - INFO - **** Epoch 66/100 ****
2026-08-23 01:48:57,992 - Model-rank0 - INFO - Learning rate:0.000118
2026-08-23 01:57:44,694 - Model-rank0 - INFO - CUDA memory after training cleanup: allocated=0.017 GiB, reserved=0.449 GiB
2026-08-23 01:57:44,695 - Model-rank0 - INFO - Training mean loss: 0.333466
2026-08-23 01:57:44,695 - Model-rank0 - INFO - Training accuracy (IoU) of prediction: 0.601068
2026-08-23 01:57:44,695 - Model-rank0 - INFO - Training pixel precision: 0.822913
2026-08-23 01:57:44,695 - Model-rank0 - INFO - Training pixel recall: 0.690365
2026-08-23 01:57:44,695 - Model-rank0 - INFO - Training pixel F1: 0.750834
2026-08-23 01:57:44,695 - Model-rank0 - INFO - Training loss component tversky: 0.209118
2026-08-23 01:57:44,695 - Model-rank0 - INFO - Training loss component dice: 0.231938
2026-08-23 01:57:44,695 - Model-rank0 - INFO - Training loss component hard_margin: 0.895571
2026-08-23 01:57:44,695 - Model-rank0 - INFO - Training loss component hard_weight: 0.100000
2026-08-23 01:57:44,695 - Model-rank0 - INFO - ---- EPOCH 066 EVALUATION ----
2026-08-23 02:02:59,149 - Model-rank0 - INFO - Eval mean loss: 0.767039
2026-08-23 02:02:59,150 - Model-rank0 - INFO - Eval avg class IoU of prediction: 0.337974
2026-08-23 02:02:59,150 - Model-rank0 - INFO - Eval pixel precision: 0.735224
2026-08-23 02:02:59,150 - Model-rank0 - INFO - Eval pixel recall: 0.384811
2026-08-23 02:02:59,150 - Model-rank0 - INFO - Eval pixel F1: 0.505202
2026-08-23 02:02:59,150 - Model-rank0 - INFO - Early stopping eval_f1=0.505202; best=0.513277 at epoch 56; bad_epochs=10/30.
2026-08-23 02:02:59,182 - Model-rank0 - INFO - Saved recoverable checkpoint at /home/devbox/project/model/sjy/CSIG2026/Deeppro_v2/DeepPro-main/log/sem_seg/2026-08-22/SatVideoIRSDT_v1__2026-08-22_08-27-32__F1OHEM-brtd3_raw_apmd_hybrid_rms_motion_detrend_scratch_seed47_E100/checkpoints/latest_model.pth
2026-08-23 02:02:59,182 - Model-rank0 - INFO - Best mIoU_mid: 0.345241
2026-08-23 02:02:59,335 - Model-rank0 - INFO - CUDA memory after evaluation cleanup: allocated=0.017 GiB, reserved=0.447 GiB
2026-08-23 02:02:59,335 - Model-rank0 - INFO - **** Epoch 67/100 ****
2026-08-23 02:02:59,335 - Model-rank0 - INFO - Learning rate:0.000118
2026-08-23 02:11:29,012 - Model-rank0 - INFO - CUDA memory after training cleanup: allocated=0.017 GiB, reserved=0.449 GiB
2026-08-23 02:11:29,012 - Model-rank0 - INFO - Training mean loss: 0.329195
2026-08-23 02:11:29,012 - Model-rank0 - INFO - Training accuracy (IoU) of prediction: 0.610306
2026-08-23 02:11:29,012 - Model-rank0 - INFO - Training pixel precision: 0.829853
2026-08-23 02:11:29,012 - Model-rank0 - INFO - Training pixel recall: 0.697598
2026-08-23 02:11:29,012 - Model-rank0 - INFO - Training pixel F1: 0.758000
2026-08-23 02:11:29,012 - Model-rank0 - INFO - Training loss component tversky: 0.205476
2026-08-23 02:11:29,012 - Model-rank0 - INFO - Training loss component dice: 0.227693
2026-08-23 02:11:29,012 - Model-rank0 - INFO - Training loss component hard_margin: 0.895650
2026-08-23 02:11:29,012 - Model-rank0 - INFO - Training loss component hard_weight: 0.100000
2026-08-23 02:11:29,012 - Model-rank0 - INFO - ---- EPOCH 067 EVALUATION ----
2026-08-23 02:16:43,693 - Model-rank0 - INFO - Eval mean loss: 0.772803
2026-08-23 02:16:43,693 - Model-rank0 - INFO - Eval avg class IoU of prediction: 0.343275
2026-08-23 02:16:43,694 - Model-rank0 - INFO - Eval pixel precision: 0.744871
2026-08-23 02:16:43,694 - Model-rank0 - INFO - Eval pixel recall: 0.389013
2026-08-23 02:16:43,694 - Model-rank0 - INFO - Eval pixel F1: 0.511101
2026-08-23 02:16:43,694 - Model-rank0 - INFO - Early stopping eval_f1=0.511101; best=0.513277 at epoch 56; bad_epochs=11/30.
2026-08-23 02:16:43,720 - Model-rank0 - INFO - Saved recoverable checkpoint at /home/devbox/project/model/sjy/CSIG2026/Deeppro_v2/DeepPro-main/log/sem_seg/2026-08-22/SatVideoIRSDT_v1__2026-08-22_08-27-32__F1OHEM-brtd3_raw_apmd_hybrid_rms_motion_detrend_scratch_seed47_E100/checkpoints/latest_model.pth
2026-08-23 02:16:43,720 - Model-rank0 - INFO - Best mIoU_mid: 0.345241
2026-08-23 02:16:43,830 - Model-rank0 - INFO - CUDA memory after evaluation cleanup: allocated=0.017 GiB, reserved=0.447 GiB
2026-08-23 02:16:43,830 - Model-rank0 - INFO - **** Epoch 68/100 ****
2026-08-23 02:16:43,830 - Model-rank0 - INFO - Learning rate:0.000118
2026-08-23 02:25:13,863 - Model-rank0 - INFO - CUDA memory after training cleanup: allocated=0.017 GiB, reserved=0.451 GiB
2026-08-23 02:25:13,863 - Model-rank0 - INFO - Training mean loss: 0.335455
2026-08-23 02:25:13,864 - Model-rank0 - INFO - Training accuracy (IoU) of prediction: 0.615914
2026-08-23 02:25:13,864 - Model-rank0 - INFO - Training pixel precision: 0.826819
2026-08-23 02:25:13,864 - Model-rank0 - INFO - Training pixel recall: 0.707139
2026-08-23 02:25:13,864 - Model-rank0 - INFO - Training pixel F1: 0.762310
2026-08-23 02:25:13,864 - Model-rank0 - INFO - Training loss component tversky: 0.208930
2026-08-23 02:25:13,864 - Model-rank0 - INFO - Training loss component dice: 0.231636
2026-08-23 02:25:13,864 - Model-rank0 - INFO - Training loss component hard_margin: 0.917793
2026-08-23 02:25:13,864 - Model-rank0 - INFO - Training loss component hard_weight: 0.100000
2026-08-23 02:25:13,864 - Model-rank0 - INFO - ---- EPOCH 068 EVALUATION ----
2026-08-23 02:30:27,890 - Model-rank0 - INFO - Eval mean loss: 0.779069
2026-08-23 02:30:27,890 - Model-rank0 - INFO - Eval avg class IoU of prediction: 0.335619
2026-08-23 02:30:27,890 - Model-rank0 - INFO - Eval pixel precision: 0.752028
2026-08-23 02:30:27,890 - Model-rank0 - INFO - Eval pixel recall: 0.377382
2026-08-23 02:30:27,890 - Model-rank0 - INFO - Eval pixel F1: 0.502567
2026-08-23 02:30:27,890 - Model-rank0 - INFO - Early stopping eval_f1=0.502567; best=0.513277 at epoch 56; bad_epochs=12/30.
2026-08-23 02:30:27,918 - Model-rank0 - INFO - Saved recoverable checkpoint at /home/devbox/project/model/sjy/CSIG2026/Deeppro_v2/DeepPro-main/log/sem_seg/2026-08-22/SatVideoIRSDT_v1__2026-08-22_08-27-32__F1OHEM-brtd3_raw_apmd_hybrid_rms_motion_detrend_scratch_seed47_E100/checkpoints/latest_model.pth
2026-08-23 02:30:27,919 - Model-rank0 - INFO - Best mIoU_mid: 0.345241
2026-08-23 02:30:28,015 - Model-rank0 - INFO - CUDA memory after evaluation cleanup: allocated=0.017 GiB, reserved=0.447 GiB
2026-08-23 02:30:28,015 - Model-rank0 - INFO - **** Epoch 69/100 ****
2026-08-23 02:30:28,015 - Model-rank0 - INFO - Learning rate:0.000118
2026-08-23 02:39:08,168 - Model-rank0 - INFO - CUDA memory after training cleanup: allocated=0.017 GiB, reserved=0.453 GiB
2026-08-23 02:39:08,168 - Model-rank0 - INFO - Training mean loss: 0.320460
2026-08-23 02:39:08,168 - Model-rank0 - INFO - Training accuracy (IoU) of prediction: 0.617588
2026-08-23 02:39:08,168 - Model-rank0 - INFO - Training pixel precision: 0.836836
2026-08-23 02:39:08,168 - Model-rank0 - INFO - Training pixel recall: 0.702136
2026-08-23 02:39:08,168 - Model-rank0 - INFO - Training pixel F1: 0.763591
2026-08-23 02:39:08,168 - Model-rank0 - INFO - Training loss component tversky: 0.198733
2026-08-23 02:39:08,168 - Model-rank0 - INFO - Training loss component dice: 0.220349
2026-08-23 02:39:08,168 - Model-rank0 - INFO - Training loss component hard_margin: 0.886742
2026-08-23 02:39:08,168 - Model-rank0 - INFO - Training loss component hard_weight: 0.100000
2026-08-23 02:39:08,168 - Model-rank0 - INFO - ---- EPOCH 069 EVALUATION ----
2026-08-23 02:44:22,467 - Model-rank0 - INFO - Eval mean loss: 0.771780
2026-08-23 02:44:22,467 - Model-rank0 - INFO - Eval avg class IoU of prediction: 0.339117
2026-08-23 02:44:22,467 - Model-rank0 - INFO - Eval pixel precision: 0.729167
2026-08-23 02:44:22,467 - Model-rank0 - INFO - Eval pixel recall: 0.387988
2026-08-23 02:44:22,467 - Model-rank0 - INFO - Eval pixel F1: 0.506479
2026-08-23 02:44:22,467 - Model-rank0 - INFO - Early stopping eval_f1=0.506479; best=0.513277 at epoch 56; bad_epochs=13/30.
2026-08-23 02:44:22,499 - Model-rank0 - INFO - Saved recoverable checkpoint at /home/devbox/project/model/sjy/CSIG2026/Deeppro_v2/DeepPro-main/log/sem_seg/2026-08-22/SatVideoIRSDT_v1__2026-08-22_08-27-32__F1OHEM-brtd3_raw_apmd_hybrid_rms_motion_detrend_scratch_seed47_E100/checkpoints/latest_model.pth
2026-08-23 02:44:22,500 - Model-rank0 - INFO - Best mIoU_mid: 0.345241
2026-08-23 02:44:22,650 - Model-rank0 - INFO - CUDA memory after evaluation cleanup: allocated=0.017 GiB, reserved=0.449 GiB
2026-08-23 02:44:22,651 - Model-rank0 - INFO - **** Epoch 70/100 ****
2026-08-23 02:44:22,651 - Model-rank0 - INFO - Learning rate:0.000118
2026-08-23 02:52:35,448 - Model-rank0 - INFO - CUDA memory after training cleanup: allocated=0.017 GiB, reserved=0.451 GiB
2026-08-23 02:52:35,448 - Model-rank0 - INFO - Training mean loss: 0.331321
2026-08-23 02:52:35,448 - Model-rank0 - INFO - Training accuracy (IoU) of prediction: 0.602392
2026-08-23 02:52:35,448 - Model-rank0 - INFO - Training pixel precision: 0.831034
2026-08-23 02:52:35,448 - Model-rank0 - INFO - Training pixel recall: 0.686470
2026-08-23 02:52:35,448 - Model-rank0 - INFO - Training pixel F1: 0.751866
2026-08-23 02:52:35,448 - Model-rank0 - INFO - Training loss component tversky: 0.206492
2026-08-23 02:52:35,448 - Model-rank0 - INFO - Training loss component dice: 0.229631
2026-08-23 02:52:35,448 - Model-rank0 - INFO - Training loss component hard_margin: 0.903840
2026-08-23 02:52:35,448 - Model-rank0 - INFO - Training loss component hard_weight: 0.100000
2026-08-23 02:52:35,448 - Model-rank0 - INFO - ---- EPOCH 070 EVALUATION ----
2026-08-23 02:57:55,975 - Model-rank0 - INFO - Eval mean loss: 0.775424
2026-08-23 02:57:55,975 - Model-rank0 - INFO - Eval avg class IoU of prediction: 0.335963
2026-08-23 02:57:55,975 - Model-rank0 - INFO - Eval pixel precision: 0.726850
2026-08-23 02:57:55,975 - Model-rank0 - INFO - Eval pixel recall: 0.384509
2026-08-23 02:57:55,975 - Model-rank0 - INFO - Eval pixel F1: 0.502953
2026-08-23 02:57:55,975 - Model-rank0 - INFO - Early stopping eval_f1=0.502953; best=0.513277 at epoch 56; bad_epochs=14/30.
2026-08-23 02:57:56,015 - Model-rank0 - INFO - Saved recoverable checkpoint at /home/devbox/project/model/sjy/CSIG2026/Deeppro_v2/DeepPro-main/log/sem_seg/2026-08-22/SatVideoIRSDT_v1__2026-08-22_08-27-32__F1OHEM-brtd3_raw_apmd_hybrid_rms_motion_detrend_scratch_seed47_E100/checkpoints/latest_model.pth
2026-08-23 02:57:56,036 - Model-rank0 - INFO - Saved epoch checkpoint at /home/devbox/project/model/sjy/CSIG2026/Deeppro_v2/DeepPro-main/log/sem_seg/2026-08-22/SatVideoIRSDT_v1__2026-08-22_08-27-32__F1OHEM-brtd3_raw_apmd_hybrid_rms_motion_detrend_scratch_seed47_E100/checkpoints/epoch_70_model.pth
2026-08-23 02:57:56,036 - Model-rank0 - INFO - Best mIoU_mid: 0.345241
2026-08-23 02:57:56,182 - Model-rank0 - INFO - CUDA memory after evaluation cleanup: allocated=0.017 GiB, reserved=0.447 GiB
2026-08-23 02:57:56,182 - Model-rank0 - INFO - **** Epoch 71/100 ****
2026-08-23 02:57:56,182 - Model-rank0 - INFO - Learning rate:0.000082
2026-08-23 03:07:20,847 - Model-rank0 - INFO - CUDA memory after training cleanup: allocated=0.017 GiB, reserved=0.451 GiB
2026-08-23 03:07:20,847 - Model-rank0 - INFO - Training mean loss: 0.328692
2026-08-23 03:07:20,847 - Model-rank0 - INFO - Training accuracy (IoU) of prediction: 0.609158
2026-08-23 03:07:20,847 - Model-rank0 - INFO - Training pixel precision: 0.826812
2026-08-23 03:07:20,847 - Model-rank0 - INFO - Training pixel recall: 0.698253
2026-08-23 03:07:20,847 - Model-rank0 - INFO - Training pixel F1: 0.757114
2026-08-23 03:07:20,847 - Model-rank0 - INFO - Training loss component tversky: 0.205944
2026-08-23 03:07:20,847 - Model-rank0 - INFO - Training loss component dice: 0.228399
2026-08-23 03:07:20,848 - Model-rank0 - INFO - Training loss component hard_margin: 0.884879
2026-08-23 03:07:20,848 - Model-rank0 - INFO - Training loss component hard_weight: 0.100000
2026-08-23 03:07:20,848 - Model-rank0 - INFO - ---- EPOCH 071 EVALUATION ----
2026-08-23 03:12:35,545 - Model-rank0 - INFO - Eval mean loss: 0.779205
2026-08-23 03:12:35,545 - Model-rank0 - INFO - Eval avg class IoU of prediction: 0.336149
2026-08-23 03:12:35,545 - Model-rank0 - INFO - Eval pixel precision: 0.752807
2026-08-23 03:12:35,545 - Model-rank0 - INFO - Eval pixel recall: 0.377857
2026-08-23 03:12:35,545 - Model-rank0 - INFO - Eval pixel F1: 0.503161
2026-08-23 03:12:35,545 - Model-rank0 - INFO - Early stopping eval_f1=0.503161; best=0.513277 at epoch 56; bad_epochs=15/30.
2026-08-23 03:12:35,569 - Model-rank0 - INFO - Saved recoverable checkpoint at /home/devbox/project/model/sjy/CSIG2026/Deeppro_v2/DeepPro-main/log/sem_seg/2026-08-22/SatVideoIRSDT_v1__2026-08-22_08-27-32__F1OHEM-brtd3_raw_apmd_hybrid_rms_motion_detrend_scratch_seed47_E100/checkpoints/latest_model.pth
2026-08-23 03:12:35,569 - Model-rank0 - INFO - Best mIoU_mid: 0.345241
2026-08-23 03:12:35,709 - Model-rank0 - INFO - CUDA memory after evaluation cleanup: allocated=0.017 GiB, reserved=0.449 GiB
2026-08-23 03:12:35,709 - Model-rank0 - INFO - **** Epoch 72/100 ****
2026-08-23 03:12:35,709 - Model-rank0 - INFO - Learning rate:0.000082
2026-08-23 03:21:14,234 - Model-rank0 - INFO - CUDA memory after training cleanup: allocated=0.017 GiB, reserved=0.449 GiB
2026-08-23 03:21:14,234 - Model-rank0 - INFO - Training mean loss: 0.327681
2026-08-23 03:21:14,234 - Model-rank0 - INFO - Training accuracy (IoU) of prediction: 0.608863
2026-08-23 03:21:14,234 - Model-rank0 - INFO - Training pixel precision: 0.830484
2026-08-23 03:21:14,234 - Model-rank0 - INFO - Training pixel recall: 0.695271
2026-08-23 03:21:14,234 - Model-rank0 - INFO - Training pixel F1: 0.756886
2026-08-23 03:21:14,234 - Model-rank0 - INFO - Training loss component tversky: 0.205077
2026-08-23 03:21:14,234 - Model-rank0 - INFO - Training loss component dice: 0.226981
2026-08-23 03:21:14,234 - Model-rank0 - INFO - Training loss component hard_margin: 0.885570
2026-08-23 03:21:14,234 - Model-rank0 - INFO - Training loss component hard_weight: 0.100000
2026-08-23 03:21:14,234 - Model-rank0 - INFO - ---- EPOCH 072 EVALUATION ----
2026-08-23 03:26:29,099 - Model-rank0 - INFO - Eval mean loss: 0.771382
2026-08-23 03:26:29,099 - Model-rank0 - INFO - Eval avg class IoU of prediction: 0.348376
2026-08-23 03:26:29,099 - Model-rank0 - INFO - Eval pixel precision: 0.746645
2026-08-23 03:26:29,099 - Model-rank0 - INFO - Eval pixel recall: 0.395079
2026-08-23 03:26:29,099 - Model-rank0 - INFO - Eval pixel F1: 0.516734
2026-08-23 03:26:29,099 - Model-rank0 - INFO - Early stopping eval_f1=0.516734; best=0.516734 at epoch 72; bad_epochs=0/30.
2026-08-23 03:26:29,125 - Model-rank0 - INFO - Saved recoverable checkpoint at /home/devbox/project/model/sjy/CSIG2026/Deeppro_v2/DeepPro-main/log/sem_seg/2026-08-22/SatVideoIRSDT_v1__2026-08-22_08-27-32__F1OHEM-brtd3_raw_apmd_hybrid_rms_motion_detrend_scratch_seed47_E100/checkpoints/latest_model.pth
2026-08-23 03:26:29,144 - Model-rank0 - INFO - Saved epoch checkpoint at /home/devbox/project/model/sjy/CSIG2026/Deeppro_v2/DeepPro-main/log/sem_seg/2026-08-22/SatVideoIRSDT_v1__2026-08-22_08-27-32__F1OHEM-brtd3_raw_apmd_hybrid_rms_motion_detrend_scratch_seed47_E100/checkpoints/epoch_72_model.pth
2026-08-23 03:26:29,166 - Model-rank0 - INFO - Saved best checkpoint at /home/devbox/project/model/sjy/CSIG2026/Deeppro_v2/DeepPro-main/log/sem_seg/2026-08-22/SatVideoIRSDT_v1__2026-08-22_08-27-32__F1OHEM-brtd3_raw_apmd_hybrid_rms_motion_detrend_scratch_seed47_E100/checkpoints/best_model.pth
2026-08-23 03:26:29,186 - Model-rank0 - INFO - Saved early-stopping best checkpoint at /home/devbox/project/model/sjy/CSIG2026/Deeppro_v2/DeepPro-main/log/sem_seg/2026-08-22/SatVideoIRSDT_v1__2026-08-22_08-27-32__F1OHEM-brtd3_raw_apmd_hybrid_rms_motion_detrend_scratch_seed47_E100/checkpoints/early_stopping_best_model.pth
2026-08-23 03:26:29,186 - Model-rank0 - INFO - Best mIoU_mid: 0.348376
2026-08-23 03:26:29,295 - Model-rank0 - INFO - CUDA memory after evaluation cleanup: allocated=0.017 GiB, reserved=0.447 GiB
2026-08-23 03:26:29,296 - Model-rank0 - INFO - **** Epoch 73/100 ****
2026-08-23 03:26:29,296 - Model-rank0 - INFO - Learning rate:0.000082
2026-08-23 03:35:05,955 - Model-rank0 - INFO - CUDA memory after training cleanup: allocated=0.017 GiB, reserved=0.449 GiB
2026-08-23 03:35:05,956 - Model-rank0 - INFO - Training mean loss: 0.320224
2026-08-23 03:35:05,956 - Model-rank0 - INFO - Training accuracy (IoU) of prediction: 0.614547
2026-08-23 03:35:05,956 - Model-rank0 - INFO - Training pixel precision: 0.826371
2026-08-23 03:35:05,956 - Model-rank0 - INFO - Training pixel recall: 0.705664
2026-08-23 03:35:05,956 - Model-rank0 - INFO - Training pixel F1: 0.761262
2026-08-23 03:35:05,956 - Model-rank0 - INFO - Training loss component tversky: 0.200953
2026-08-23 03:35:05,956 - Model-rank0 - INFO - Training loss component dice: 0.222667
2026-08-23 03:35:05,956 - Model-rank0 - INFO - Training loss component hard_margin: 0.858706
2026-08-23 03:35:05,956 - Model-rank0 - INFO - Training loss component hard_weight: 0.100000
2026-08-23 03:35:05,956 - Model-rank0 - INFO - ---- EPOCH 073 EVALUATION ----
2026-08-23 03:40:20,020 - Model-rank0 - INFO - Eval mean loss: 0.771032
2026-08-23 03:40:20,020 - Model-rank0 - INFO - Eval avg class IoU of prediction: 0.338474
2026-08-23 03:40:20,020 - Model-rank0 - INFO - Eval pixel precision: 0.746256
2026-08-23 03:40:20,020 - Model-rank0 - INFO - Eval pixel recall: 0.382495
2026-08-23 03:40:20,020 - Model-rank0 - INFO - Eval pixel F1: 0.505761
2026-08-23 03:40:20,020 - Model-rank0 - INFO - Early stopping eval_f1=0.505761; best=0.516734 at epoch 72; bad_epochs=1/30.
2026-08-23 03:40:20,050 - Model-rank0 - INFO - Saved recoverable checkpoint at /home/devbox/project/model/sjy/CSIG2026/Deeppro_v2/DeepPro-main/log/sem_seg/2026-08-22/SatVideoIRSDT_v1__2026-08-22_08-27-32__F1OHEM-brtd3_raw_apmd_hybrid_rms_motion_detrend_scratch_seed47_E100/checkpoints/latest_model.pth
2026-08-23 03:40:20,050 - Model-rank0 - INFO - Best mIoU_mid: 0.348376
2026-08-23 03:40:20,209 - Model-rank0 - INFO - CUDA memory after evaluation cleanup: allocated=0.017 GiB, reserved=0.447 GiB
2026-08-23 03:40:20,210 - Model-rank0 - INFO - **** Epoch 74/100 ****
2026-08-23 03:40:20,210 - Model-rank0 - INFO - Learning rate:0.000082
2026-08-23 03:48:52,538 - Model-rank0 - INFO - CUDA memory after training cleanup: allocated=0.017 GiB, reserved=0.451 GiB
2026-08-23 03:48:52,538 - Model-rank0 - INFO - Training mean loss: 0.326093
2026-08-23 03:48:52,538 - Model-rank0 - INFO - Training accuracy (IoU) of prediction: 0.612022
2026-08-23 03:48:52,538 - Model-rank0 - INFO - Training pixel precision: 0.824489
2026-08-23 03:48:52,538 - Model-rank0 - INFO - Training pixel recall: 0.703702
2026-08-23 03:48:52,538 - Model-rank0 - INFO - Training pixel F1: 0.759322
2026-08-23 03:48:52,538 - Model-rank0 - INFO - Training loss component tversky: 0.203247
2026-08-23 03:48:52,538 - Model-rank0 - INFO - Training loss component dice: 0.226021
2026-08-23 03:48:52,538 - Model-rank0 - INFO - Training loss component hard_margin: 0.889436
2026-08-23 03:48:52,538 - Model-rank0 - INFO - Training loss component hard_weight: 0.100000
2026-08-23 03:48:52,538 - Model-rank0 - INFO - ---- EPOCH 074 EVALUATION ----
2026-08-23 03:54:10,217 - Model-rank0 - INFO - Eval mean loss: 0.775539
2026-08-23 03:54:10,217 - Model-rank0 - INFO - Eval avg class IoU of prediction: 0.341807
2026-08-23 03:54:10,217 - Model-rank0 - INFO - Eval pixel precision: 0.747840
2026-08-23 03:54:10,217 - Model-rank0 - INFO - Eval pixel recall: 0.386332
2026-08-23 03:54:10,217 - Model-rank0 - INFO - Eval pixel F1: 0.509473
2026-08-23 03:54:10,217 - Model-rank0 - INFO - Early stopping eval_f1=0.509473; best=0.516734 at epoch 72; bad_epochs=2/30.
2026-08-23 03:54:10,242 - Model-rank0 - INFO - Saved recoverable checkpoint at /home/devbox/project/model/sjy/CSIG2026/Deeppro_v2/DeepPro-main/log/sem_seg/2026-08-22/SatVideoIRSDT_v1__2026-08-22_08-27-32__F1OHEM-brtd3_raw_apmd_hybrid_rms_motion_detrend_scratch_seed47_E100/checkpoints/latest_model.pth
2026-08-23 03:54:10,242 - Model-rank0 - INFO - Best mIoU_mid: 0.348376
2026-08-23 03:54:10,389 - Model-rank0 - INFO - CUDA memory after evaluation cleanup: allocated=0.017 GiB, reserved=0.447 GiB
2026-08-23 03:54:10,389 - Model-rank0 - INFO - **** Epoch 75/100 ****
2026-08-23 03:54:10,389 - Model-rank0 - INFO - Learning rate:0.000082
2026-08-23 04:02:29,433 - Model-rank0 - INFO - CUDA memory after training cleanup: allocated=0.017 GiB, reserved=0.449 GiB
2026-08-23 04:02:29,433 - Model-rank0 - INFO - Training mean loss: 0.324634
2026-08-23 04:02:29,433 - Model-rank0 - INFO - Training accuracy (IoU) of prediction: 0.611989
2026-08-23 04:02:29,433 - Model-rank0 - INFO - Training pixel precision: 0.828852
2026-08-23 04:02:29,433 - Model-rank0 - INFO - Training pixel recall: 0.700512
2026-08-23 04:02:29,433 - Model-rank0 - INFO - Training pixel F1: 0.759297
2026-08-23 04:02:29,433 - Model-rank0 - INFO - Training loss component tversky: 0.202886
2026-08-23 04:02:29,434 - Model-rank0 - INFO - Training loss component dice: 0.224830
2026-08-23 04:02:29,434 - Model-rank0 - INFO - Training loss component hard_margin: 0.880242
2026-08-23 04:02:29,434 - Model-rank0 - INFO - Training loss component hard_weight: 0.100000
2026-08-23 04:02:29,434 - Model-rank0 - INFO - ---- EPOCH 075 EVALUATION ----
2026-08-23 04:07:42,854 - Model-rank0 - INFO - Eval mean loss: 0.767313
2026-08-23 04:07:42,854 - Model-rank0 - INFO - Eval avg class IoU of prediction: 0.345661
2026-08-23 04:07:42,854 - Model-rank0 - INFO - Eval pixel precision: 0.735056
2026-08-23 04:07:42,854 - Model-rank0 - INFO - Eval pixel recall: 0.394856
2026-08-23 04:07:42,854 - Model-rank0 - INFO - Eval pixel F1: 0.513742
2026-08-23 04:07:42,854 - Model-rank0 - INFO - Early stopping eval_f1=0.513742; best=0.516734 at epoch 72; bad_epochs=3/30.
2026-08-23 04:07:42,880 - Model-rank0 - INFO - Saved recoverable checkpoint at /home/devbox/project/model/sjy/CSIG2026/Deeppro_v2/DeepPro-main/log/sem_seg/2026-08-22/SatVideoIRSDT_v1__2026-08-22_08-27-32__F1OHEM-brtd3_raw_apmd_hybrid_rms_motion_detrend_scratch_seed47_E100/checkpoints/latest_model.pth
2026-08-23 04:07:42,900 - Model-rank0 - INFO - Saved epoch checkpoint at /home/devbox/project/model/sjy/CSIG2026/Deeppro_v2/DeepPro-main/log/sem_seg/2026-08-22/SatVideoIRSDT_v1__2026-08-22_08-27-32__F1OHEM-brtd3_raw_apmd_hybrid_rms_motion_detrend_scratch_seed47_E100/checkpoints/epoch_75_model.pth
2026-08-23 04:07:42,900 - Model-rank0 - INFO - Best mIoU_mid: 0.348376
2026-08-23 04:07:43,039 - Model-rank0 - INFO - CUDA memory after evaluation cleanup: allocated=0.017 GiB, reserved=0.449 GiB
2026-08-23 04:07:43,039 - Model-rank0 - INFO - **** Epoch 76/100 ****
2026-08-23 04:07:43,039 - Model-rank0 - INFO - Learning rate:0.000082
2026-08-23 04:16:00,861 - Model-rank0 - INFO - CUDA memory after training cleanup: allocated=0.017 GiB, reserved=0.451 GiB
2026-08-23 04:16:00,861 - Model-rank0 - INFO - Training mean loss: 0.326005
2026-08-23 04:16:00,861 - Model-rank0 - INFO - Training accuracy (IoU) of prediction: 0.622758
2026-08-23 04:16:00,861 - Model-rank0 - INFO - Training pixel precision: 0.832333
2026-08-23 04:16:00,861 - Model-rank0 - INFO - Training pixel recall: 0.712089
2026-08-23 04:16:00,861 - Model-rank0 - INFO - Training pixel F1: 0.767530
2026-08-23 04:16:00,862 - Model-rank0 - INFO - Training loss component tversky: 0.203649
2026-08-23 04:16:00,862 - Model-rank0 - INFO - Training loss component dice: 0.225989
2026-08-23 04:16:00,862 - Model-rank0 - INFO - Training loss component hard_margin: 0.884572
2026-08-23 04:16:00,862 - Model-rank0 - INFO - Training loss component hard_weight: 0.100000
2026-08-23 04:16:00,862 - Model-rank0 - INFO - ---- EPOCH 076 EVALUATION ----
2026-08-23 04:21:17,068 - Model-rank0 - INFO - Eval mean loss: 0.774284
2026-08-23 04:21:17,068 - Model-rank0 - INFO - Eval avg class IoU of prediction: 0.343592
2026-08-23 04:21:17,068 - Model-rank0 - INFO - Eval pixel precision: 0.758290
2026-08-23 04:21:17,068 - Model-rank0 - INFO - Eval pixel recall: 0.385852
2026-08-23 04:21:17,068 - Model-rank0 - INFO - Eval pixel F1: 0.511453
2026-08-23 04:21:17,068 - Model-rank0 - INFO - Early stopping eval_f1=0.511453; best=0.516734 at epoch 72; bad_epochs=4/30.
2026-08-23 04:21:17,097 - Model-rank0 - INFO - Saved recoverable checkpoint at /home/devbox/project/model/sjy/CSIG2026/Deeppro_v2/DeepPro-main/log/sem_seg/2026-08-22/SatVideoIRSDT_v1__2026-08-22_08-27-32__F1OHEM-brtd3_raw_apmd_hybrid_rms_motion_detrend_scratch_seed47_E100/checkpoints/latest_model.pth
2026-08-23 04:21:17,097 - Model-rank0 - INFO - Best mIoU_mid: 0.348376
2026-08-23 04:21:17,197 - Model-rank0 - INFO - CUDA memory after evaluation cleanup: allocated=0.017 GiB, reserved=0.449 GiB
2026-08-23 04:21:17,197 - Model-rank0 - INFO - **** Epoch 77/100 ****
2026-08-23 04:21:17,197 - Model-rank0 - INFO - Learning rate:0.000082
2026-08-23 04:29:35,259 - Model-rank0 - INFO - CUDA memory after training cleanup: allocated=0.017 GiB, reserved=0.453 GiB
2026-08-23 04:29:35,259 - Model-rank0 - INFO - Training mean loss: 0.325401
2026-08-23 04:29:35,259 - Model-rank0 - INFO - Training accuracy (IoU) of prediction: 0.604562
2026-08-23 04:29:35,259 - Model-rank0 - INFO - Training pixel precision: 0.828983
2026-08-23 04:29:35,259 - Model-rank0 - INFO - Training pixel recall: 0.690707
2026-08-23 04:29:35,259 - Model-rank0 - INFO - Training pixel F1: 0.753554
2026-08-23 04:29:35,259 - Model-rank0 - INFO - Training loss component tversky: 0.203855
2026-08-23 04:29:35,259 - Model-rank0 - INFO - Training loss component dice: 0.225355
2026-08-23 04:29:35,259 - Model-rank0 - INFO - Training loss component hard_margin: 0.877425
2026-08-23 04:29:35,259 - Model-rank0 - INFO - Training loss component hard_weight: 0.100000
2026-08-23 04:29:35,259 - Model-rank0 - INFO - ---- EPOCH 077 EVALUATION ----
2026-08-23 04:34:52,423 - Model-rank0 - INFO - Eval mean loss: 0.764207
2026-08-23 04:34:52,423 - Model-rank0 - INFO - Eval avg class IoU of prediction: 0.347470
2026-08-23 04:34:52,423 - Model-rank0 - INFO - Eval pixel precision: 0.746880
2026-08-23 04:34:52,423 - Model-rank0 - INFO - Eval pixel recall: 0.393849
2026-08-23 04:34:52,423 - Model-rank0 - INFO - Eval pixel F1: 0.515737
2026-08-23 04:34:52,423 - Model-rank0 - INFO - Early stopping eval_f1=0.515737; best=0.516734 at epoch 72; bad_epochs=5/30.
2026-08-23 04:34:52,458 - Model-rank0 - INFO - Saved recoverable checkpoint at /home/devbox/project/model/sjy/CSIG2026/Deeppro_v2/DeepPro-main/log/sem_seg/2026-08-22/SatVideoIRSDT_v1__2026-08-22_08-27-32__F1OHEM-brtd3_raw_apmd_hybrid_rms_motion_detrend_scratch_seed47_E100/checkpoints/latest_model.pth
2026-08-23 04:34:52,458 - Model-rank0 - INFO - Best mIoU_mid: 0.348376
2026-08-23 04:34:52,559 - Model-rank0 - INFO - CUDA memory after evaluation cleanup: allocated=0.017 GiB, reserved=0.451 GiB
2026-08-23 04:34:52,559 - Model-rank0 - INFO - **** Epoch 78/100 ****
2026-08-23 04:34:52,559 - Model-rank0 - INFO - Learning rate:0.000082
2026-08-23 04:43:10,647 - Model-rank0 - INFO - CUDA memory after training cleanup: allocated=0.017 GiB, reserved=0.451 GiB
2026-08-23 04:43:10,647 - Model-rank0 - INFO - Training mean loss: 0.327065
2026-08-23 04:43:10,647 - Model-rank0 - INFO - Training accuracy (IoU) of prediction: 0.602289
2026-08-23 04:43:10,647 - Model-rank0 - INFO - Training pixel precision: 0.825399
2026-08-23 04:43:10,648 - Model-rank0 - INFO - Training pixel recall: 0.690228
2026-08-23 04:43:10,648 - Model-rank0 - INFO - Training pixel F1: 0.751786
2026-08-23 04:43:10,648 - Model-rank0 - INFO - Training loss component tversky: 0.206002
2026-08-23 04:43:10,648 - Model-rank0 - INFO - Training loss component dice: 0.227879
2026-08-23 04:43:10,648 - Model-rank0 - INFO - Training loss component hard_margin: 0.868818
2026-08-23 04:43:10,648 - Model-rank0 - INFO - Training loss component hard_weight: 0.100000
2026-08-23 04:43:10,648 - Model-rank0 - INFO - ---- EPOCH 078 EVALUATION ----
2026-08-23 04:48:27,511 - Model-rank0 - INFO - Eval mean loss: 0.764587
2026-08-23 04:48:27,512 - Model-rank0 - INFO - Eval avg class IoU of prediction: 0.351380
2026-08-23 04:48:27,512 - Model-rank0 - INFO - Eval pixel precision: 0.742879
2026-08-23 04:48:27,512 - Model-rank0 - INFO - Eval pixel recall: 0.400031
2026-08-23 04:48:27,512 - Model-rank0 - INFO - Eval pixel F1: 0.520032
2026-08-23 04:48:27,512 - Model-rank0 - INFO - Early stopping eval_f1=0.520032; best=0.520032 at epoch 78; bad_epochs=0/30.
2026-08-23 04:48:27,543 - Model-rank0 - INFO - Saved recoverable checkpoint at /home/devbox/project/model/sjy/CSIG2026/Deeppro_v2/DeepPro-main/log/sem_seg/2026-08-22/SatVideoIRSDT_v1__2026-08-22_08-27-32__F1OHEM-brtd3_raw_apmd_hybrid_rms_motion_detrend_scratch_seed47_E100/checkpoints/latest_model.pth
2026-08-23 04:48:27,563 - Model-rank0 - INFO - Saved epoch checkpoint at /home/devbox/project/model/sjy/CSIG2026/Deeppro_v2/DeepPro-main/log/sem_seg/2026-08-22/SatVideoIRSDT_v1__2026-08-22_08-27-32__F1OHEM-brtd3_raw_apmd_hybrid_rms_motion_detrend_scratch_seed47_E100/checkpoints/epoch_78_model.pth
2026-08-23 04:48:27,583 - Model-rank0 - INFO - Saved best checkpoint at /home/devbox/project/model/sjy/CSIG2026/Deeppro_v2/DeepPro-main/log/sem_seg/2026-08-22/SatVideoIRSDT_v1__2026-08-22_08-27-32__F1OHEM-brtd3_raw_apmd_hybrid_rms_motion_detrend_scratch_seed47_E100/checkpoints/best_model.pth
2026-08-23 04:48:27,603 - Model-rank0 - INFO - Saved early-stopping best checkpoint at /home/devbox/project/model/sjy/CSIG2026/Deeppro_v2/DeepPro-main/log/sem_seg/2026-08-22/SatVideoIRSDT_v1__2026-08-22_08-27-32__F1OHEM-brtd3_raw_apmd_hybrid_rms_motion_detrend_scratch_seed47_E100/checkpoints/early_stopping_best_model.pth
2026-08-23 04:48:27,603 - Model-rank0 - INFO - Best mIoU_mid: 0.351380
2026-08-23 04:48:27,713 - Model-rank0 - INFO - CUDA memory after evaluation cleanup: allocated=0.017 GiB, reserved=0.449 GiB
2026-08-23 04:48:27,713 - Model-rank0 - INFO - **** Epoch 79/100 ****
2026-08-23 04:48:27,713 - Model-rank0 - INFO - Learning rate:0.000082
2026-08-23 04:56:52,831 - Model-rank0 - INFO - CUDA memory after training cleanup: allocated=0.017 GiB, reserved=0.449 GiB
2026-08-23 04:56:52,832 - Model-rank0 - INFO - Training mean loss: 0.315042
2026-08-23 04:56:52,832 - Model-rank0 - INFO - Training accuracy (IoU) of prediction: 0.608383
2026-08-23 04:56:52,832 - Model-rank0 - INFO - Training pixel precision: 0.827254
2026-08-23 04:56:52,832 - Model-rank0 - INFO - Training pixel recall: 0.696922
2026-08-23 04:56:52,832 - Model-rank0 - INFO - Training pixel F1: 0.756515
2026-08-23 04:56:52,832 - Model-rank0 - INFO - Training loss component tversky: 0.198003
2026-08-23 04:56:52,832 - Model-rank0 - INFO - Training loss component dice: 0.218996
2026-08-23 04:56:52,832 - Model-rank0 - INFO - Training loss component hard_margin: 0.841894
2026-08-23 04:56:52,832 - Model-rank0 - INFO - Training loss component hard_weight: 0.100000
2026-08-23 04:56:52,832 - Model-rank0 - INFO - ---- EPOCH 079 EVALUATION ----
2026-08-23 05:02:08,886 - Model-rank0 - INFO - Eval mean loss: 0.763934
2026-08-23 05:02:08,887 - Model-rank0 - INFO - Eval avg class IoU of prediction: 0.347134
2026-08-23 05:02:08,887 - Model-rank0 - INFO - Eval pixel precision: 0.738932
2026-08-23 05:02:08,887 - Model-rank0 - INFO - Eval pixel recall: 0.395659
2026-08-23 05:02:08,887 - Model-rank0 - INFO - Eval pixel F1: 0.515367
2026-08-23 05:02:08,887 - Model-rank0 - INFO - Early stopping eval_f1=0.515367; best=0.520032 at epoch 78; bad_epochs=1/30.
2026-08-23 05:02:08,921 - Model-rank0 - INFO - Saved recoverable checkpoint at /home/devbox/project/model/sjy/CSIG2026/Deeppro_v2/DeepPro-main/log/sem_seg/2026-08-22/SatVideoIRSDT_v1__2026-08-22_08-27-32__F1OHEM-brtd3_raw_apmd_hybrid_rms_motion_detrend_scratch_seed47_E100/checkpoints/latest_model.pth
2026-08-23 05:02:08,921 - Model-rank0 - INFO - Best mIoU_mid: 0.351380
2026-08-23 05:02:09,074 - Model-rank0 - INFO - CUDA memory after evaluation cleanup: allocated=0.017 GiB, reserved=0.447 GiB
2026-08-23 05:02:09,074 - Model-rank0 - INFO - **** Epoch 80/100 ****
2026-08-23 05:02:09,074 - Model-rank0 - INFO - Learning rate:0.000082
2026-08-23 05:10:07,469 - Model-rank0 - INFO - CUDA memory after training cleanup: allocated=0.017 GiB, reserved=0.449 GiB
2026-08-23 05:10:07,469 - Model-rank0 - INFO - Training mean loss: 0.319485
2026-08-23 05:10:07,469 - Model-rank0 - INFO - Training accuracy (IoU) of prediction: 0.631798
2026-08-23 05:10:07,469 - Model-rank0 - INFO - Training pixel precision: 0.831426
2026-08-23 05:10:07,469 - Model-rank0 - INFO - Training pixel recall: 0.724621
2026-08-23 05:10:07,469 - Model-rank0 - INFO - Training pixel F1: 0.774358
2026-08-23 05:10:07,469 - Model-rank0 - INFO - Training loss component tversky: 0.200143
2026-08-23 05:10:07,469 - Model-rank0 - INFO - Training loss component dice: 0.221572
2026-08-23 05:10:07,469 - Model-rank0 - INFO - Training loss component hard_margin: 0.861057
2026-08-23 05:10:07,469 - Model-rank0 - INFO - Training loss component hard_weight: 0.100000
2026-08-23 05:10:07,469 - Model-rank0 - INFO - ---- EPOCH 080 EVALUATION ----
2026-08-23 05:15:22,621 - Model-rank0 - INFO - Eval mean loss: 0.781343
2026-08-23 05:15:22,621 - Model-rank0 - INFO - Eval avg class IoU of prediction: 0.333841
2026-08-23 05:15:22,621 - Model-rank0 - INFO - Eval pixel precision: 0.753004
2026-08-23 05:15:22,621 - Model-rank0 - INFO - Eval pixel recall: 0.374894
2026-08-23 05:15:22,621 - Model-rank0 - INFO - Eval pixel F1: 0.500571
2026-08-23 05:15:22,621 - Model-rank0 - INFO - Early stopping eval_f1=0.500571; best=0.520032 at epoch 78; bad_epochs=2/30.
2026-08-23 05:15:22,652 - Model-rank0 - INFO - Saved recoverable checkpoint at /home/devbox/project/model/sjy/CSIG2026/Deeppro_v2/DeepPro-main/log/sem_seg/2026-08-22/SatVideoIRSDT_v1__2026-08-22_08-27-32__F1OHEM-brtd3_raw_apmd_hybrid_rms_motion_detrend_scratch_seed47_E100/checkpoints/latest_model.pth
2026-08-23 05:15:22,673 - Model-rank0 - INFO - Saved epoch checkpoint at /home/devbox/project/model/sjy/CSIG2026/Deeppro_v2/DeepPro-main/log/sem_seg/2026-08-22/SatVideoIRSDT_v1__2026-08-22_08-27-32__F1OHEM-brtd3_raw_apmd_hybrid_rms_motion_detrend_scratch_seed47_E100/checkpoints/epoch_80_model.pth
2026-08-23 05:15:22,673 - Model-rank0 - INFO - Best mIoU_mid: 0.351380
2026-08-23 05:15:22,772 - Model-rank0 - INFO - CUDA memory after evaluation cleanup: allocated=0.017 GiB, reserved=0.447 GiB
2026-08-23 05:15:22,772 - Model-rank0 - INFO - **** Epoch 81/100 ****
2026-08-23 05:15:22,772 - Model-rank0 - INFO - Learning rate:0.000058
2026-08-23 05:23:14,128 - Model-rank0 - INFO - CUDA memory after training cleanup: allocated=0.017 GiB, reserved=0.451 GiB
2026-08-23 05:23:14,128 - Model-rank0 - INFO - Training mean loss: 0.326055
2026-08-23 05:23:14,129 - Model-rank0 - INFO - Training accuracy (IoU) of prediction: 0.614321
2026-08-23 05:23:14,129 - Model-rank0 - INFO - Training pixel precision: 0.828932
2026-08-23 05:23:14,129 - Model-rank0 - INFO - Training pixel recall: 0.703511
2026-08-23 05:23:14,129 - Model-rank0 - INFO - Training pixel F1: 0.761089
2026-08-23 05:23:14,129 - Model-rank0 - INFO - Training loss component tversky: 0.204028
2026-08-23 05:23:14,129 - Model-rank0 - INFO - Training loss component dice: 0.225980
2026-08-23 05:23:14,129 - Model-rank0 - INFO - Training loss component hard_margin: 0.881300
2026-08-23 05:23:14,129 - Model-rank0 - INFO - Training loss component hard_weight: 0.100000
2026-08-23 05:23:14,129 - Model-rank0 - INFO - ---- EPOCH 081 EVALUATION ----
2026-08-23 05:28:29,764 - Model-rank0 - INFO - Eval mean loss: 0.769472
2026-08-23 05:28:29,764 - Model-rank0 - INFO - Eval avg class IoU of prediction: 0.340883
2026-08-23 05:28:29,764 - Model-rank0 - INFO - Eval pixel precision: 0.761853
2026-08-23 05:28:29,764 - Model-rank0 - INFO - Eval pixel recall: 0.381538
2026-08-23 05:28:29,764 - Model-rank0 - INFO - Eval pixel F1: 0.508445
2026-08-23 05:28:29,764 - Model-rank0 - INFO - Early stopping eval_f1=0.508445; best=0.520032 at epoch 78; bad_epochs=3/30.
2026-08-23 05:28:29,792 - Model-rank0 - INFO - Saved recoverable checkpoint at /home/devbox/project/model/sjy/CSIG2026/Deeppro_v2/DeepPro-main/log/sem_seg/2026-08-22/SatVideoIRSDT_v1__2026-08-22_08-27-32__F1OHEM-brtd3_raw_apmd_hybrid_rms_motion_detrend_scratch_seed47_E100/checkpoints/latest_model.pth
2026-08-23 05:28:29,792 - Model-rank0 - INFO - Best mIoU_mid: 0.351380
2026-08-23 05:28:29,936 - Model-rank0 - INFO - CUDA memory after evaluation cleanup: allocated=0.017 GiB, reserved=0.447 GiB
2026-08-23 05:28:29,936 - Model-rank0 - INFO - **** Epoch 82/100 ****
2026-08-23 05:28:29,936 - Model-rank0 - INFO - Learning rate:0.000058
2026-08-23 05:36:45,207 - Model-rank0 - INFO - CUDA memory after training cleanup: allocated=0.017 GiB, reserved=0.449 GiB
2026-08-23 05:36:45,207 - Model-rank0 - INFO - Training mean loss: 0.315058
2026-08-23 05:36:45,207 - Model-rank0 - INFO - Training accuracy (IoU) of prediction: 0.620541
2026-08-23 05:36:45,207 - Model-rank0 - INFO - Training pixel precision: 0.831592
2026-08-23 05:36:45,208 - Model-rank0 - INFO - Training pixel recall: 0.709731
2026-08-23 05:36:45,208 - Model-rank0 - INFO - Training pixel F1: 0.765844
2026-08-23 05:36:45,208 - Model-rank0 - INFO - Training loss component tversky: 0.198100
2026-08-23 05:36:45,208 - Model-rank0 - INFO - Training loss component dice: 0.219523
2026-08-23 05:36:45,208 - Model-rank0 - INFO - Training loss component hard_margin: 0.840302
2026-08-23 05:36:45,208 - Model-rank0 - INFO - Training loss component hard_weight: 0.100000
2026-08-23 05:36:45,208 - Model-rank0 - INFO - ---- EPOCH 082 EVALUATION ----
2026-08-23 05:42:03,218 - Model-rank0 - INFO - Eval mean loss: 0.765986
2026-08-23 05:42:03,218 - Model-rank0 - INFO - Eval avg class IoU of prediction: 0.345593
2026-08-23 05:42:03,218 - Model-rank0 - INFO - Eval pixel precision: 0.743541
2026-08-23 05:42:03,218 - Model-rank0 - INFO - Eval pixel recall: 0.392362
2026-08-23 05:42:03,218 - Model-rank0 - INFO - Eval pixel F1: 0.513666
2026-08-23 05:42:03,218 - Model-rank0 - INFO - Early stopping eval_f1=0.513666; best=0.520032 at epoch 78; bad_epochs=4/30.
2026-08-23 05:42:03,245 - Model-rank0 - INFO - Saved recoverable checkpoint at /home/devbox/project/model/sjy/CSIG2026/Deeppro_v2/DeepPro-main/log/sem_seg/2026-08-22/SatVideoIRSDT_v1__2026-08-22_08-27-32__F1OHEM-brtd3_raw_apmd_hybrid_rms_motion_detrend_scratch_seed47_E100/checkpoints/latest_model.pth
2026-08-23 05:42:03,245 - Model-rank0 - INFO - Best mIoU_mid: 0.351380
2026-08-23 05:42:03,353 - Model-rank0 - INFO - CUDA memory after evaluation cleanup: allocated=0.017 GiB, reserved=0.447 GiB
2026-08-23 05:42:03,353 - Model-rank0 - INFO - **** Epoch 83/100 ****
2026-08-23 05:42:03,353 - Model-rank0 - INFO - Learning rate:0.000058
2026-08-23 05:50:14,334 - Model-rank0 - INFO - CUDA memory after training cleanup: allocated=0.017 GiB, reserved=0.449 GiB
2026-08-23 05:50:14,334 - Model-rank0 - INFO - Training mean loss: 0.319290
2026-08-23 05:50:14,334 - Model-rank0 - INFO - Training accuracy (IoU) of prediction: 0.618919
2026-08-23 05:50:14,334 - Model-rank0 - INFO - Training pixel precision: 0.829999
2026-08-23 05:50:14,334 - Model-rank0 - INFO - Training pixel recall: 0.708768
2026-08-23 05:50:14,334 - Model-rank0 - INFO - Training pixel F1: 0.764608
2026-08-23 05:50:14,334 - Model-rank0 - INFO - Training loss component tversky: 0.200460
2026-08-23 05:50:14,334 - Model-rank0 - INFO - Training loss component dice: 0.221825
2026-08-23 05:50:14,334 - Model-rank0 - INFO - Training loss component hard_margin: 0.855560
2026-08-23 05:50:14,334 - Model-rank0 - INFO - Training loss component hard_weight: 0.100000
2026-08-23 05:50:14,335 - Model-rank0 - INFO - ---- EPOCH 083 EVALUATION ----
2026-08-23 05:55:30,500 - Model-rank0 - INFO - Eval mean loss: 0.766500
2026-08-23 05:55:30,500 - Model-rank0 - INFO - Eval avg class IoU of prediction: 0.347370
2026-08-23 05:55:30,500 - Model-rank0 - INFO - Eval pixel precision: 0.740736
2026-08-23 05:55:30,500 - Model-rank0 - INFO - Eval pixel recall: 0.395449
2026-08-23 05:55:30,500 - Model-rank0 - INFO - Eval pixel F1: 0.515626
2026-08-23 05:55:30,500 - Model-rank0 - INFO - Early stopping eval_f1=0.515626; best=0.520032 at epoch 78; bad_epochs=5/30.
2026-08-23 05:55:30,529 - Model-rank0 - INFO - Saved recoverable checkpoint at /home/devbox/project/model/sjy/CSIG2026/Deeppro_v2/DeepPro-main/log/sem_seg/2026-08-22/SatVideoIRSDT_v1__2026-08-22_08-27-32__F1OHEM-brtd3_raw_apmd_hybrid_rms_motion_detrend_scratch_seed47_E100/checkpoints/latest_model.pth
2026-08-23 05:55:30,530 - Model-rank0 - INFO - Best mIoU_mid: 0.351380
2026-08-23 05:55:30,644 - Model-rank0 - INFO - CUDA memory after evaluation cleanup: allocated=0.017 GiB, reserved=0.447 GiB
2026-08-23 05:55:30,644 - Model-rank0 - INFO - **** Epoch 84/100 ****
2026-08-23 05:55:30,644 - Model-rank0 - INFO - Learning rate:0.000058
2026-08-23 06:03:28,941 - Model-rank0 - INFO - CUDA memory after training cleanup: allocated=0.017 GiB, reserved=0.449 GiB
2026-08-23 06:03:28,941 - Model-rank0 - INFO - Training mean loss: 0.327789
2026-08-23 06:03:28,941 - Model-rank0 - INFO - Training accuracy (IoU) of prediction: 0.610188
2026-08-23 06:03:28,941 - Model-rank0 - INFO - Training pixel precision: 0.832158
2026-08-23 06:03:28,941 - Model-rank0 - INFO - Training pixel recall: 0.695824
2026-08-23 06:03:28,942 - Model-rank0 - INFO - Training pixel F1: 0.757909
2026-08-23 06:03:28,942 - Model-rank0 - INFO - Training loss component tversky: 0.204479
2026-08-23 06:03:28,942 - Model-rank0 - INFO - Training loss component dice: 0.226567
2026-08-23 06:03:28,942 - Model-rank0 - INFO - Training loss component hard_margin: 0.893248
2026-08-23 06:03:28,942 - Model-rank0 - INFO - Training loss component hard_weight: 0.100000
2026-08-23 06:03:28,942 - Model-rank0 - INFO - ---- EPOCH 084 EVALUATION ----
2026-08-23 06:08:45,823 - Model-rank0 - INFO - Eval mean loss: 0.769487
2026-08-23 06:08:45,823 - Model-rank0 - INFO - Eval avg class IoU of prediction: 0.343131
2026-08-23 06:08:45,824 - Model-rank0 - INFO - Eval pixel precision: 0.754990
2026-08-23 06:08:45,824 - Model-rank0 - INFO - Eval pixel recall: 0.386128
2026-08-23 06:08:45,824 - Model-rank0 - INFO - Eval pixel F1: 0.510942
2026-08-23 06:08:45,824 - Model-rank0 - INFO - Early stopping eval_f1=0.510942; best=0.520032 at epoch 78; bad_epochs=6/30.
2026-08-23 06:08:45,853 - Model-rank0 - INFO - Saved recoverable checkpoint at /home/devbox/project/model/sjy/CSIG2026/Deeppro_v2/DeepPro-main/log/sem_seg/2026-08-22/SatVideoIRSDT_v1__2026-08-22_08-27-32__F1OHEM-brtd3_raw_apmd_hybrid_rms_motion_detrend_scratch_seed47_E100/checkpoints/latest_model.pth
2026-08-23 06:08:45,853 - Model-rank0 - INFO - Best mIoU_mid: 0.351380
2026-08-23 06:08:45,994 - Model-rank0 - INFO - CUDA memory after evaluation cleanup: allocated=0.017 GiB, reserved=0.447 GiB
2026-08-23 06:08:45,994 - Model-rank0 - INFO - **** Epoch 85/100 ****
2026-08-23 06:08:45,994 - Model-rank0 - INFO - Learning rate:0.000058
2026-08-23 06:16:57,445 - Model-rank0 - INFO - CUDA memory after training cleanup: allocated=0.017 GiB, reserved=0.451 GiB
2026-08-23 06:16:57,445 - Model-rank0 - INFO - Training mean loss: 0.316936
2026-08-23 06:16:57,445 - Model-rank0 - INFO - Training accuracy (IoU) of prediction: 0.612071
2026-08-23 06:16:57,445 - Model-rank0 - INFO - Training pixel precision: 0.830743
2026-08-23 06:16:57,445 - Model-rank0 - INFO - Training pixel recall: 0.699274
2026-08-23 06:16:57,445 - Model-rank0 - INFO - Training pixel F1: 0.759360
2026-08-23 06:16:57,445 - Model-rank0 - INFO - Training loss component tversky: 0.199397
2026-08-23 06:16:57,445 - Model-rank0 - INFO - Training loss component dice: 0.220900
2026-08-23 06:16:57,446 - Model-rank0 - INFO - Training loss component hard_margin: 0.844045
2026-08-23 06:16:57,446 - Model-rank0 - INFO - Training loss component hard_weight: 0.100000
2026-08-23 06:16:57,446 - Model-rank0 - INFO - ---- EPOCH 085 EVALUATION ----
2026-08-23 06:22:16,348 - Model-rank0 - INFO - Eval mean loss: 0.771547
2026-08-23 06:22:16,349 - Model-rank0 - INFO - Eval avg class IoU of prediction: 0.339295
2026-08-23 06:22:16,349 - Model-rank0 - INFO - Eval pixel precision: 0.750428
2026-08-23 06:22:16,349 - Model-rank0 - INFO - Eval pixel recall: 0.382451
2026-08-23 06:22:16,349 - Model-rank0 - INFO - Eval pixel F1: 0.506677
2026-08-23 06:22:16,349 - Model-rank0 - INFO - Early stopping eval_f1=0.506677; best=0.520032 at epoch 78; bad_epochs=7/30.
2026-08-23 06:22:16,380 - Model-rank0 - INFO - Saved recoverable checkpoint at /home/devbox/project/model/sjy/CSIG2026/Deeppro_v2/DeepPro-main/log/sem_seg/2026-08-22/SatVideoIRSDT_v1__2026-08-22_08-27-32__F1OHEM-brtd3_raw_apmd_hybrid_rms_motion_detrend_scratch_seed47_E100/checkpoints/latest_model.pth
2026-08-23 06:22:16,401 - Model-rank0 - INFO - Saved epoch checkpoint at /home/devbox/project/model/sjy/CSIG2026/Deeppro_v2/DeepPro-main/log/sem_seg/2026-08-22/SatVideoIRSDT_v1__2026-08-22_08-27-32__F1OHEM-brtd3_raw_apmd_hybrid_rms_motion_detrend_scratch_seed47_E100/checkpoints/epoch_85_model.pth
2026-08-23 06:22:16,401 - Model-rank0 - INFO - Best mIoU_mid: 0.351380
2026-08-23 06:22:16,547 - Model-rank0 - INFO - CUDA memory after evaluation cleanup: allocated=0.017 GiB, reserved=0.447 GiB
2026-08-23 06:22:16,547 - Model-rank0 - INFO - **** Epoch 86/100 ****
2026-08-23 06:22:16,547 - Model-rank0 - INFO - Learning rate:0.000058
2026-08-23 06:30:07,134 - Model-rank0 - INFO - CUDA memory after training cleanup: allocated=0.017 GiB, reserved=0.453 GiB
2026-08-23 06:30:07,135 - Model-rank0 - INFO - Training mean loss: 0.324713
2026-08-23 06:30:07,135 - Model-rank0 - INFO - Training accuracy (IoU) of prediction: 0.619238
2026-08-23 06:30:07,135 - Model-rank0 - INFO - Training pixel precision: 0.837224
2026-08-23 06:30:07,135 - Model-rank0 - INFO - Training pixel recall: 0.703995
2026-08-23 06:30:07,135 - Model-rank0 - INFO - Training pixel F1: 0.764851
2026-08-23 06:30:07,135 - Model-rank0 - INFO - Training loss component tversky: 0.203099
2026-08-23 06:30:07,135 - Model-rank0 - INFO - Training loss component dice: 0.224667
2026-08-23 06:30:07,135 - Model-rank0 - INFO - Training loss component hard_margin: 0.879137
2026-08-23 06:30:07,135 - Model-rank0 - INFO - Training loss component hard_weight: 0.100000
2026-08-23 06:30:07,135 - Model-rank0 - INFO - ---- EPOCH 086 EVALUATION ----
2026-08-23 06:35:26,338 - Model-rank0 - INFO - Eval mean loss: 0.761323
2026-08-23 06:35:26,338 - Model-rank0 - INFO - Eval avg class IoU of prediction: 0.349904
2026-08-23 06:35:26,338 - Model-rank0 - INFO - Eval pixel precision: 0.735699
2026-08-23 06:35:26,338 - Model-rank0 - INFO - Eval pixel recall: 0.400212
2026-08-23 06:35:26,338 - Model-rank0 - INFO - Eval pixel F1: 0.518413
2026-08-23 06:35:26,338 - Model-rank0 - INFO - Early stopping eval_f1=0.518413; best=0.520032 at epoch 78; bad_epochs=8/30.
2026-08-23 06:35:26,369 - Model-rank0 - INFO - Saved recoverable checkpoint at /home/devbox/project/model/sjy/CSIG2026/Deeppro_v2/DeepPro-main/log/sem_seg/2026-08-22/SatVideoIRSDT_v1__2026-08-22_08-27-32__F1OHEM-brtd3_raw_apmd_hybrid_rms_motion_detrend_scratch_seed47_E100/checkpoints/latest_model.pth
2026-08-23 06:35:26,369 - Model-rank0 - INFO - Best mIoU_mid: 0.351380
2026-08-23 06:35:26,511 - Model-rank0 - INFO - CUDA memory after evaluation cleanup: allocated=0.017 GiB, reserved=0.449 GiB
2026-08-23 06:35:26,511 - Model-rank0 - INFO - **** Epoch 87/100 ****
2026-08-23 06:35:26,511 - Model-rank0 - INFO - Learning rate:0.000058
2026-08-23 06:43:15,334 - Model-rank0 - INFO - CUDA memory after training cleanup: allocated=0.017 GiB, reserved=0.449 GiB
2026-08-23 06:43:15,335 - Model-rank0 - INFO - Training mean loss: 0.325234
2026-08-23 06:43:15,335 - Model-rank0 - INFO - Training accuracy (IoU) of prediction: 0.625733
2026-08-23 06:43:15,335 - Model-rank0 - INFO - Training pixel precision: 0.838191
2026-08-23 06:43:15,335 - Model-rank0 - INFO - Training pixel recall: 0.711703
2026-08-23 06:43:15,335 - Model-rank0 - INFO - Training pixel F1: 0.769786
2026-08-23 06:43:15,336 - Model-rank0 - INFO - Training loss component tversky: 0.204136
2026-08-23 06:43:15,336 - Model-rank0 - INFO - Training loss component dice: 0.226045
2026-08-23 06:43:15,336 - Model-rank0 - INFO - Training loss component hard_margin: 0.871916
2026-08-23 06:43:15,336 - Model-rank0 - INFO - Training loss component hard_weight: 0.100000
2026-08-23 06:43:15,336 - Model-rank0 - INFO - ---- EPOCH 087 EVALUATION ----
2026-08-23 06:48:34,937 - Model-rank0 - INFO - Eval mean loss: 0.763075
2026-08-23 06:48:34,937 - Model-rank0 - INFO - Eval avg class IoU of prediction: 0.346838
2026-08-23 06:48:34,937 - Model-rank0 - INFO - Eval pixel precision: 0.733824
2026-08-23 06:48:34,937 - Model-rank0 - INFO - Eval pixel recall: 0.396752
2026-08-23 06:48:34,937 - Model-rank0 - INFO - Eval pixel F1: 0.515040
2026-08-23 06:48:34,937 - Model-rank0 - INFO - Early stopping eval_f1=0.515040; best=0.520032 at epoch 78; bad_epochs=9/30.
2026-08-23 06:48:34,967 - Model-rank0 - INFO - Saved recoverable checkpoint at /home/devbox/project/model/sjy/CSIG2026/Deeppro_v2/DeepPro-main/log/sem_seg/2026-08-22/SatVideoIRSDT_v1__2026-08-22_08-27-32__F1OHEM-brtd3_raw_apmd_hybrid_rms_motion_detrend_scratch_seed47_E100/checkpoints/latest_model.pth
2026-08-23 06:48:34,967 - Model-rank0 - INFO - Best mIoU_mid: 0.351380
2026-08-23 06:48:35,095 - Model-rank0 - INFO - CUDA memory after evaluation cleanup: allocated=0.017 GiB, reserved=0.447 GiB
2026-08-23 06:48:35,095 - Model-rank0 - INFO - **** Epoch 88/100 ****
2026-08-23 06:48:35,095 - Model-rank0 - INFO - Learning rate:0.000058
2026-08-23 06:56:36,397 - Model-rank0 - INFO - CUDA memory after training cleanup: allocated=0.017 GiB, reserved=0.453 GiB
2026-08-23 06:56:36,398 - Model-rank0 - INFO - Training mean loss: 0.326310
2026-08-23 06:56:36,398 - Model-rank0 - INFO - Training accuracy (IoU) of prediction: 0.602203
2026-08-23 06:56:36,398 - Model-rank0 - INFO - Training pixel precision: 0.826178
2026-08-23 06:56:36,398 - Model-rank0 - INFO - Training pixel recall: 0.689571
2026-08-23 06:56:36,398 - Model-rank0 - INFO - Training pixel F1: 0.751719
2026-08-23 06:56:36,398 - Model-rank0 - INFO - Training loss component tversky: 0.204759
2026-08-23 06:56:36,398 - Model-rank0 - INFO - Training loss component dice: 0.226742
2026-08-23 06:56:36,398 - Model-rank0 - INFO - Training loss component hard_margin: 0.875402
2026-08-23 06:56:36,398 - Model-rank0 - INFO - Training loss component hard_weight: 0.100000
2026-08-23 06:56:36,398 - Model-rank0 - INFO - ---- EPOCH 088 EVALUATION ----
2026-08-23 07:01:55,626 - Model-rank0 - INFO - Eval mean loss: 0.759324
2026-08-23 07:01:55,626 - Model-rank0 - INFO - Eval avg class IoU of prediction: 0.346940
2026-08-23 07:01:55,626 - Model-rank0 - INFO - Eval pixel precision: 0.732715
2026-08-23 07:01:55,626 - Model-rank0 - INFO - Eval pixel recall: 0.397211
2026-08-23 07:01:55,626 - Model-rank0 - INFO - Eval pixel F1: 0.515153
2026-08-23 07:01:55,626 - Model-rank0 - INFO - Early stopping eval_f1=0.515153; best=0.520032 at epoch 78; bad_epochs=10/30.
2026-08-23 07:01:55,654 - Model-rank0 - INFO - Saved recoverable checkpoint at /home/devbox/project/model/sjy/CSIG2026/Deeppro_v2/DeepPro-main/log/sem_seg/2026-08-22/SatVideoIRSDT_v1__2026-08-22_08-27-32__F1OHEM-brtd3_raw_apmd_hybrid_rms_motion_detrend_scratch_seed47_E100/checkpoints/latest_model.pth
2026-08-23 07:01:55,654 - Model-rank0 - INFO - Best mIoU_mid: 0.351380
2026-08-23 07:01:55,774 - Model-rank0 - INFO - CUDA memory after evaluation cleanup: allocated=0.017 GiB, reserved=0.453 GiB
2026-08-23 07:01:55,775 - Model-rank0 - INFO - **** Epoch 89/100 ****
2026-08-23 07:01:55,775 - Model-rank0 - INFO - Learning rate:0.000058
2026-08-23 07:09:55,354 - Model-rank0 - INFO - CUDA memory after training cleanup: allocated=0.017 GiB, reserved=0.451 GiB
2026-08-23 07:09:55,355 - Model-rank0 - INFO - Training mean loss: 0.320955
2026-08-23 07:09:55,355 - Model-rank0 - INFO - Training accuracy (IoU) of prediction: 0.622572
2026-08-23 07:09:55,355 - Model-rank0 - INFO - Training pixel precision: 0.831018
2026-08-23 07:09:55,355 - Model-rank0 - INFO - Training pixel recall: 0.712810
2026-08-23 07:09:55,355 - Model-rank0 - INFO - Training pixel F1: 0.767389
2026-08-23 07:09:55,355 - Model-rank0 - INFO - Training loss component tversky: 0.201567
2026-08-23 07:09:55,355 - Model-rank0 - INFO - Training loss component dice: 0.223267
2026-08-23 07:09:55,355 - Model-rank0 - INFO - Training loss component hard_margin: 0.858983
2026-08-23 07:09:55,355 - Model-rank0 - INFO - Training loss component hard_weight: 0.100000
2026-08-23 07:09:55,355 - Model-rank0 - INFO - ---- EPOCH 089 EVALUATION ----
2026-08-23 07:15:14,544 - Model-rank0 - INFO - Eval mean loss: 0.767905
2026-08-23 07:15:14,544 - Model-rank0 - INFO - Eval avg class IoU of prediction: 0.344286
2026-08-23 07:15:14,544 - Model-rank0 - INFO - Eval pixel precision: 0.740062
2026-08-23 07:15:14,544 - Model-rank0 - INFO - Eval pixel recall: 0.391646
2026-08-23 07:15:14,545 - Model-rank0 - INFO - Eval pixel F1: 0.512221
2026-08-23 07:15:14,545 - Model-rank0 - INFO - Early stopping eval_f1=0.512221; best=0.520032 at epoch 78; bad_epochs=11/30.
2026-08-23 07:15:14,573 - Model-rank0 - INFO - Saved recoverable checkpoint at /home/devbox/project/model/sjy/CSIG2026/Deeppro_v2/DeepPro-main/log/sem_seg/2026-08-22/SatVideoIRSDT_v1__2026-08-22_08-27-32__F1OHEM-brtd3_raw_apmd_hybrid_rms_motion_detrend_scratch_seed47_E100/checkpoints/latest_model.pth
2026-08-23 07:15:14,573 - Model-rank0 - INFO - Best mIoU_mid: 0.351380
2026-08-23 07:15:14,685 - Model-rank0 - INFO - CUDA memory after evaluation cleanup: allocated=0.017 GiB, reserved=0.447 GiB
2026-08-23 07:15:14,685 - Model-rank0 - INFO - **** Epoch 90/100 ****
2026-08-23 07:15:14,685 - Model-rank0 - INFO - Learning rate:0.000058
2026-08-23 07:23:28,087 - Model-rank0 - INFO - CUDA memory after training cleanup: allocated=0.017 GiB, reserved=0.447 GiB
2026-08-23 07:23:28,088 - Model-rank0 - INFO - Training mean loss: 0.321847
2026-08-23 07:23:28,088 - Model-rank0 - INFO - Training accuracy (IoU) of prediction: 0.626397
2026-08-23 07:23:28,088 - Model-rank0 - INFO - Training pixel precision: 0.835145
2026-08-23 07:23:28,088 - Model-rank0 - INFO - Training pixel recall: 0.714779
2026-08-23 07:23:28,088 - Model-rank0 - INFO - Training pixel F1: 0.770288
2026-08-23 07:23:28,088 - Model-rank0 - INFO - Training loss component tversky: 0.200747
2026-08-23 07:23:28,088 - Model-rank0 - INFO - Training loss component dice: 0.222497
2026-08-23 07:23:28,088 - Model-rank0 - INFO - Training loss component hard_margin: 0.877252
2026-08-23 07:23:28,088 - Model-rank0 - INFO - Training loss component hard_weight: 0.100000
2026-08-23 07:23:28,088 - Model-rank0 - INFO - ---- EPOCH 090 EVALUATION ----
2026-08-23 07:28:47,254 - Model-rank0 - INFO - Eval mean loss: 0.768267
2026-08-23 07:28:47,255 - Model-rank0 - INFO - Eval avg class IoU of prediction: 0.340868
2026-08-23 07:28:47,255 - Model-rank0 - INFO - Eval pixel precision: 0.728653
2026-08-23 07:28:47,255 - Model-rank0 - INFO - Eval pixel recall: 0.390428
2026-08-23 07:28:47,255 - Model-rank0 - INFO - Eval pixel F1: 0.508429
2026-08-23 07:28:47,255 - Model-rank0 - INFO - Early stopping eval_f1=0.508429; best=0.520032 at epoch 78; bad_epochs=12/30.
2026-08-23 07:28:47,283 - Model-rank0 - INFO - Saved recoverable checkpoint at /home/devbox/project/model/sjy/CSIG2026/Deeppro_v2/DeepPro-main/log/sem_seg/2026-08-22/SatVideoIRSDT_v1__2026-08-22_08-27-32__F1OHEM-brtd3_raw_apmd_hybrid_rms_motion_detrend_scratch_seed47_E100/checkpoints/latest_model.pth
2026-08-23 07:28:47,302 - Model-rank0 - INFO - Saved epoch checkpoint at /home/devbox/project/model/sjy/CSIG2026/Deeppro_v2/DeepPro-main/log/sem_seg/2026-08-22/SatVideoIRSDT_v1__2026-08-22_08-27-32__F1OHEM-brtd3_raw_apmd_hybrid_rms_motion_detrend_scratch_seed47_E100/checkpoints/epoch_90_model.pth
2026-08-23 07:28:47,302 - Model-rank0 - INFO - Best mIoU_mid: 0.351380
2026-08-23 07:28:47,462 - Model-rank0 - INFO - CUDA memory after evaluation cleanup: allocated=0.017 GiB, reserved=0.447 GiB
2026-08-23 07:28:47,462 - Model-rank0 - INFO - **** Epoch 91/100 ****
2026-08-23 07:28:47,462 - Model-rank0 - INFO - Learning rate:0.000040
2026-08-23 07:36:46,994 - Model-rank0 - INFO - CUDA memory after training cleanup: allocated=0.017 GiB, reserved=0.449 GiB
2026-08-23 07:36:46,994 - Model-rank0 - INFO - Training mean loss: 0.319371
2026-08-23 07:36:46,994 - Model-rank0 - INFO - Training accuracy (IoU) of prediction: 0.616506
2026-08-23 07:36:46,994 - Model-rank0 - INFO - Training pixel precision: 0.835216
2026-08-23 07:36:46,994 - Model-rank0 - INFO - Training pixel recall: 0.701878
2026-08-23 07:36:46,994 - Model-rank0 - INFO - Training pixel F1: 0.762764
2026-08-23 07:36:46,994 - Model-rank0 - INFO - Training loss component tversky: 0.199242
2026-08-23 07:36:46,995 - Model-rank0 - INFO - Training loss component dice: 0.221152
2026-08-23 07:36:46,995 - Model-rank0 - INFO - Training loss component hard_margin: 0.869561
2026-08-23 07:36:46,995 - Model-rank0 - INFO - Training loss component hard_weight: 0.100000
2026-08-23 07:36:46,995 - Model-rank0 - INFO - ---- EPOCH 091 EVALUATION ----
2026-08-23 07:42:08,016 - Model-rank0 - INFO - Eval mean loss: 0.764176
2026-08-23 07:42:08,016 - Model-rank0 - INFO - Eval avg class IoU of prediction: 0.345038
2026-08-23 07:42:08,016 - Model-rank0 - INFO - Eval pixel precision: 0.741650
2026-08-23 07:42:08,016 - Model-rank0 - INFO - Eval pixel recall: 0.392174
2026-08-23 07:42:08,016 - Model-rank0 - INFO - Eval pixel F1: 0.513053
2026-08-23 07:42:08,016 - Model-rank0 - INFO - Early stopping eval_f1=0.513053; best=0.520032 at epoch 78; bad_epochs=13/30.
2026-08-23 07:42:08,045 - Model-rank0 - INFO - Saved recoverable checkpoint at /home/devbox/project/model/sjy/CSIG2026/Deeppro_v2/DeepPro-main/log/sem_seg/2026-08-22/SatVideoIRSDT_v1__2026-08-22_08-27-32__F1OHEM-brtd3_raw_apmd_hybrid_rms_motion_detrend_scratch_seed47_E100/checkpoints/latest_model.pth
2026-08-23 07:42:08,046 - Model-rank0 - INFO - Best mIoU_mid: 0.351380
2026-08-23 07:42:08,216 - Model-rank0 - INFO - CUDA memory after evaluation cleanup: allocated=0.017 GiB, reserved=0.447 GiB
2026-08-23 07:42:08,216 - Model-rank0 - INFO - **** Epoch 92/100 ****
2026-08-23 07:42:08,216 - Model-rank0 - INFO - Learning rate:0.000040
2026-08-23 07:50:15,480 - Model-rank0 - INFO - CUDA memory after training cleanup: allocated=0.017 GiB, reserved=0.449 GiB
2026-08-23 07:50:15,480 - Model-rank0 - INFO - Training mean loss: 0.318899
2026-08-23 07:50:15,480 - Model-rank0 - INFO - Training accuracy (IoU) of prediction: 0.607605
2026-08-23 07:50:15,480 - Model-rank0 - INFO - Training pixel precision: 0.835634
2026-08-23 07:50:15,480 - Model-rank0 - INFO - Training pixel recall: 0.690080
2026-08-23 07:50:15,480 - Model-rank0 - INFO - Training pixel F1: 0.755914
2026-08-23 07:50:15,480 - Model-rank0 - INFO - Training loss component tversky: 0.201030
2026-08-23 07:50:15,480 - Model-rank0 - INFO - Training loss component dice: 0.221872
2026-08-23 07:50:15,480 - Model-rank0 - INFO - Training loss component hard_margin: 0.845881
2026-08-23 07:50:15,480 - Model-rank0 - INFO - Training loss component hard_weight: 0.100000
2026-08-23 07:50:15,480 - Model-rank0 - INFO - ---- EPOCH 092 EVALUATION ----
2026-08-23 07:55:35,394 - Model-rank0 - INFO - Eval mean loss: 0.763558
2026-08-23 07:55:35,394 - Model-rank0 - INFO - Eval avg class IoU of prediction: 0.343678
2026-08-23 07:55:35,394 - Model-rank0 - INFO - Eval pixel precision: 0.722075
2026-08-23 07:55:35,394 - Model-rank0 - INFO - Eval pixel recall: 0.396071
2026-08-23 07:55:35,394 - Model-rank0 - INFO - Eval pixel F1: 0.511548
2026-08-23 07:55:35,394 - Model-rank0 - INFO - Early stopping eval_f1=0.511548; best=0.520032 at epoch 78; bad_epochs=14/30.
2026-08-23 07:55:35,423 - Model-rank0 - INFO - Saved recoverable checkpoint at /home/devbox/project/model/sjy/CSIG2026/Deeppro_v2/DeepPro-main/log/sem_seg/2026-08-22/SatVideoIRSDT_v1__2026-08-22_08-27-32__F1OHEM-brtd3_raw_apmd_hybrid_rms_motion_detrend_scratch_seed47_E100/checkpoints/latest_model.pth
2026-08-23 07:55:35,423 - Model-rank0 - INFO - Best mIoU_mid: 0.351380
2026-08-23 07:55:35,527 - Model-rank0 - INFO - CUDA memory after evaluation cleanup: allocated=0.017 GiB, reserved=0.447 GiB
2026-08-23 07:55:35,527 - Model-rank0 - INFO - **** Epoch 93/100 ****
2026-08-23 07:55:35,527 - Model-rank0 - INFO - Learning rate:0.000040
2026-08-23 08:03:42,984 - Model-rank0 - INFO - CUDA memory after training cleanup: allocated=0.017 GiB, reserved=0.449 GiB
2026-08-23 08:03:42,984 - Model-rank0 - INFO - Training mean loss: 0.313777
2026-08-23 08:03:42,985 - Model-rank0 - INFO - Training accuracy (IoU) of prediction: 0.625814
2026-08-23 08:03:42,985 - Model-rank0 - INFO - Training pixel precision: 0.832804
2026-08-23 08:03:42,985 - Model-rank0 - INFO - Training pixel recall: 0.715739
2026-08-23 08:03:42,985 - Model-rank0 - INFO - Training pixel F1: 0.769847
2026-08-23 08:03:42,985 - Model-rank0 - INFO - Training loss component tversky: 0.197084
2026-08-23 08:03:42,985 - Model-rank0 - INFO - Training loss component dice: 0.218199
2026-08-23 08:03:42,985 - Model-rank0 - INFO - Training loss component hard_margin: 0.839630
2026-08-23 08:03:42,985 - Model-rank0 - INFO - Training loss component hard_weight: 0.100000
2026-08-23 08:03:42,985 - Model-rank0 - INFO - ---- EPOCH 093 EVALUATION ----
2026-08-23 08:09:01,828 - Model-rank0 - INFO - Eval mean loss: 0.764955
2026-08-23 08:09:01,828 - Model-rank0 - INFO - Eval avg class IoU of prediction: 0.343836
2026-08-23 08:09:01,828 - Model-rank0 - INFO - Eval pixel precision: 0.741317
2026-08-23 08:09:01,828 - Model-rank0 - INFO - Eval pixel recall: 0.390715
2026-08-23 08:09:01,828 - Model-rank0 - INFO - Eval pixel F1: 0.511724
2026-08-23 08:09:01,828 - Model-rank0 - INFO - Early stopping eval_f1=0.511724; best=0.520032 at epoch 78; bad_epochs=15/30.
2026-08-23 08:09:01,863 - Model-rank0 - INFO - Saved recoverable checkpoint at /home/devbox/project/model/sjy/CSIG2026/Deeppro_v2/DeepPro-main/log/sem_seg/2026-08-22/SatVideoIRSDT_v1__2026-08-22_08-27-32__F1OHEM-brtd3_raw_apmd_hybrid_rms_motion_detrend_scratch_seed47_E100/checkpoints/latest_model.pth
2026-08-23 08:09:01,863 - Model-rank0 - INFO - Best mIoU_mid: 0.351380
2026-08-23 08:09:01,970 - Model-rank0 - INFO - CUDA memory after evaluation cleanup: allocated=0.017 GiB, reserved=0.447 GiB
2026-08-23 08:09:01,970 - Model-rank0 - INFO - **** Epoch 94/100 ****
2026-08-23 08:09:01,970 - Model-rank0 - INFO - Learning rate:0.000040
2026-08-23 08:17:12,705 - Model-rank0 - INFO - CUDA memory after training cleanup: allocated=0.017 GiB, reserved=0.451 GiB
2026-08-23 08:17:12,705 - Model-rank0 - INFO - Training mean loss: 0.313106
2026-08-23 08:17:12,705 - Model-rank0 - INFO - Training accuracy (IoU) of prediction: 0.630396
2026-08-23 08:17:12,705 - Model-rank0 - INFO - Training pixel precision: 0.836137
2026-08-23 08:17:12,706 - Model-rank0 - INFO - Training pixel recall: 0.719255
2026-08-23 08:17:12,706 - Model-rank0 - INFO - Training pixel F1: 0.773304
2026-08-23 08:17:12,706 - Model-rank0 - INFO - Training loss component tversky: 0.197370
2026-08-23 08:17:12,706 - Model-rank0 - INFO - Training loss component dice: 0.218534
2026-08-23 08:17:12,706 - Model-rank0 - INFO - Training loss component hard_margin: 0.829563
2026-08-23 08:17:12,706 - Model-rank0 - INFO - Training loss component hard_weight: 0.100000
2026-08-23 08:17:12,706 - Model-rank0 - INFO - ---- EPOCH 094 EVALUATION ----
2026-08-23 08:22:31,493 - Model-rank0 - INFO - Eval mean loss: 0.766022
2026-08-23 08:22:31,493 - Model-rank0 - INFO - Eval avg class IoU of prediction: 0.341187
2026-08-23 08:22:31,493 - Model-rank0 - INFO - Eval pixel precision: 0.739718
2026-08-23 08:22:31,493 - Model-rank0 - INFO - Eval pixel recall: 0.387735
2026-08-23 08:22:31,494 - Model-rank0 - INFO - Eval pixel F1: 0.508783
2026-08-23 08:22:31,494 - Model-rank0 - INFO - Early stopping eval_f1=0.508783; best=0.520032 at epoch 78; bad_epochs=16/30.
2026-08-23 08:22:31,523 - Model-rank0 - INFO - Saved recoverable checkpoint at /home/devbox/project/model/sjy/CSIG2026/Deeppro_v2/DeepPro-main/log/sem_seg/2026-08-22/SatVideoIRSDT_v1__2026-08-22_08-27-32__F1OHEM-brtd3_raw_apmd_hybrid_rms_motion_detrend_scratch_seed47_E100/checkpoints/latest_model.pth
2026-08-23 08:22:31,523 - Model-rank0 - INFO - Best mIoU_mid: 0.351380
2026-08-23 08:22:31,646 - Model-rank0 - INFO - CUDA memory after evaluation cleanup: allocated=0.017 GiB, reserved=0.449 GiB
2026-08-23 08:22:31,646 - Model-rank0 - INFO - **** Epoch 95/100 ****
2026-08-23 08:22:31,646 - Model-rank0 - INFO - Learning rate:0.000040
2026-08-23 08:30:24,241 - Model-rank0 - INFO - CUDA memory after training cleanup: allocated=0.017 GiB, reserved=0.451 GiB
2026-08-23 08:30:24,241 - Model-rank0 - INFO - Training mean loss: 0.323725
2026-08-23 08:30:24,241 - Model-rank0 - INFO - Training accuracy (IoU) of prediction: 0.620172
2026-08-23 08:30:24,241 - Model-rank0 - INFO - Training pixel precision: 0.834675
2026-08-23 08:30:24,241 - Model-rank0 - INFO - Training pixel recall: 0.707021
2026-08-23 08:30:24,241 - Model-rank0 - INFO - Training pixel F1: 0.765563
2026-08-23 08:30:24,241 - Model-rank0 - INFO - Training loss component tversky: 0.201896
2026-08-23 08:30:24,241 - Model-rank0 - INFO - Training loss component dice: 0.223952
2026-08-23 08:30:24,241 - Model-rank0 - INFO - Training loss component hard_margin: 0.882355
2026-08-23 08:30:24,241 - Model-rank0 - INFO - Training loss component hard_weight: 0.100000
2026-08-23 08:30:24,242 - Model-rank0 - INFO - ---- EPOCH 095 EVALUATION ----
2026-08-23 08:35:44,145 - Model-rank0 - INFO - Eval mean loss: 0.771252
2026-08-23 08:35:44,146 - Model-rank0 - INFO - Eval avg class IoU of prediction: 0.342748
2026-08-23 08:35:44,146 - Model-rank0 - INFO - Eval pixel precision: 0.726202
2026-08-23 08:35:44,146 - Model-rank0 - INFO - Eval pixel recall: 0.393613
2026-08-23 08:35:44,146 - Model-rank0 - INFO - Eval pixel F1: 0.510517
2026-08-23 08:35:44,146 - Model-rank0 - INFO - Early stopping eval_f1=0.510517; best=0.520032 at epoch 78; bad_epochs=17/30.
2026-08-23 08:35:44,183 - Model-rank0 - INFO - Saved recoverable checkpoint at /home/devbox/project/model/sjy/CSIG2026/Deeppro_v2/DeepPro-main/log/sem_seg/2026-08-22/SatVideoIRSDT_v1__2026-08-22_08-27-32__F1OHEM-brtd3_raw_apmd_hybrid_rms_motion_detrend_scratch_seed47_E100/checkpoints/latest_model.pth
2026-08-23 08:35:44,204 - Model-rank0 - INFO - Saved epoch checkpoint at /home/devbox/project/model/sjy/CSIG2026/Deeppro_v2/DeepPro-main/log/sem_seg/2026-08-22/SatVideoIRSDT_v1__2026-08-22_08-27-32__F1OHEM-brtd3_raw_apmd_hybrid_rms_motion_detrend_scratch_seed47_E100/checkpoints/epoch_95_model.pth
2026-08-23 08:35:44,205 - Model-rank0 - INFO - Best mIoU_mid: 0.351380
2026-08-23 08:35:44,342 - Model-rank0 - INFO - CUDA memory after evaluation cleanup: allocated=0.017 GiB, reserved=0.447 GiB
2026-08-23 08:35:44,342 - Model-rank0 - INFO - **** Epoch 96/100 ****
2026-08-23 08:35:44,342 - Model-rank0 - INFO - Learning rate:0.000040
2026-08-23 08:43:56,192 - Model-rank0 - INFO - CUDA memory after training cleanup: allocated=0.017 GiB, reserved=0.451 GiB
2026-08-23 08:43:56,193 - Model-rank0 - INFO - Training mean loss: 0.316745
2026-08-23 08:43:56,193 - Model-rank0 - INFO - Training accuracy (IoU) of prediction: 0.617757
2026-08-23 08:43:56,193 - Model-rank0 - INFO - Training pixel precision: 0.835387
2026-08-23 08:43:56,193 - Model-rank0 - INFO - Training pixel recall: 0.703379
2026-08-23 08:43:56,193 - Model-rank0 - INFO - Training pixel F1: 0.763721
2026-08-23 08:43:56,193 - Model-rank0 - INFO - Training loss component tversky: 0.199001
2026-08-23 08:43:56,193 - Model-rank0 - INFO - Training loss component dice: 0.219824
2026-08-23 08:43:56,193 - Model-rank0 - INFO - Training loss component hard_margin: 0.847707
2026-08-23 08:43:56,193 - Model-rank0 - INFO - Training loss component hard_weight: 0.100000
2026-08-23 08:43:56,193 - Model-rank0 - INFO - ---- EPOCH 096 EVALUATION ----
2026-08-23 08:49:14,840 - Model-rank0 - INFO - Eval mean loss: 0.765273
2026-08-23 08:49:14,840 - Model-rank0 - INFO - Eval avg class IoU of prediction: 0.346874
2026-08-23 08:49:14,841 - Model-rank0 - INFO - Eval pixel precision: 0.742952
2026-08-23 08:49:14,841 - Model-rank0 - INFO - Eval pixel recall: 0.394180
2026-08-23 08:49:14,841 - Model-rank0 - INFO - Eval pixel F1: 0.515080
2026-08-23 08:49:14,841 - Model-rank0 - INFO - Early stopping eval_f1=0.515080; best=0.520032 at epoch 78; bad_epochs=18/30.
2026-08-23 08:49:14,875 - Model-rank0 - INFO - Saved recoverable checkpoint at /home/devbox/project/model/sjy/CSIG2026/Deeppro_v2/DeepPro-main/log/sem_seg/2026-08-22/SatVideoIRSDT_v1__2026-08-22_08-27-32__F1OHEM-brtd3_raw_apmd_hybrid_rms_motion_detrend_scratch_seed47_E100/checkpoints/latest_model.pth
2026-08-23 08:49:14,876 - Model-rank0 - INFO - Best mIoU_mid: 0.351380
2026-08-23 08:49:14,973 - Model-rank0 - INFO - CUDA memory after evaluation cleanup: allocated=0.017 GiB, reserved=0.451 GiB
2026-08-23 08:49:14,973 - Model-rank0 - INFO - **** Epoch 97/100 ****
2026-08-23 08:49:14,973 - Model-rank0 - INFO - Learning rate:0.000040
2026-08-23 08:57:06,851 - Model-rank0 - INFO - CUDA memory after training cleanup: allocated=0.017 GiB, reserved=0.451 GiB
2026-08-23 08:57:06,851 - Model-rank0 - INFO - Training mean loss: 0.322387
2026-08-23 08:57:06,851 - Model-rank0 - INFO - Training accuracy (IoU) of prediction: 0.626642
2026-08-23 08:57:06,851 - Model-rank0 - INFO - Training pixel precision: 0.834617
2026-08-23 08:57:06,851 - Model-rank0 - INFO - Training pixel recall: 0.715485
2026-08-23 08:57:06,851 - Model-rank0 - INFO - Training pixel F1: 0.770473
2026-08-23 08:57:06,851 - Model-rank0 - INFO - Training loss component tversky: 0.202248
2026-08-23 08:57:06,852 - Model-rank0 - INFO - Training loss component dice: 0.223154
2026-08-23 08:57:06,852 - Model-rank0 - INFO - Training loss component hard_margin: 0.866654
2026-08-23 08:57:06,852 - Model-rank0 - INFO - Training loss component hard_weight: 0.100000
2026-08-23 08:57:06,852 - Model-rank0 - INFO - ---- EPOCH 097 EVALUATION ----
2026-08-23 09:02:23,764 - Model-rank0 - INFO - Eval mean loss: 0.765533
2026-08-23 09:02:23,765 - Model-rank0 - INFO - Eval avg class IoU of prediction: 0.342371
2026-08-23 09:02:23,765 - Model-rank0 - INFO - Eval pixel precision: 0.732868
2026-08-23 09:02:23,765 - Model-rank0 - INFO - Eval pixel recall: 0.391189
2026-08-23 09:02:23,765 - Model-rank0 - INFO - Eval pixel F1: 0.510099
2026-08-23 09:02:23,765 - Model-rank0 - INFO - Early stopping eval_f1=0.510099; best=0.520032 at epoch 78; bad_epochs=19/30.
2026-08-23 09:02:23,796 - Model-rank0 - INFO - Saved recoverable checkpoint at /home/devbox/project/model/sjy/CSIG2026/Deeppro_v2/DeepPro-main/log/sem_seg/2026-08-22/SatVideoIRSDT_v1__2026-08-22_08-27-32__F1OHEM-brtd3_raw_apmd_hybrid_rms_motion_detrend_scratch_seed47_E100/checkpoints/latest_model.pth
2026-08-23 09:02:23,796 - Model-rank0 - INFO - Best mIoU_mid: 0.351380
2026-08-23 09:02:23,946 - Model-rank0 - INFO - CUDA memory after evaluation cleanup: allocated=0.017 GiB, reserved=0.449 GiB
2026-08-23 09:02:23,946 - Model-rank0 - INFO - **** Epoch 98/100 ****
2026-08-23 09:02:23,946 - Model-rank0 - INFO - Learning rate:0.000040
2026-08-23 09:10:24,902 - Model-rank0 - INFO - CUDA memory after training cleanup: allocated=0.017 GiB, reserved=0.451 GiB
2026-08-23 09:10:24,902 - Model-rank0 - INFO - Training mean loss: 0.317428
2026-08-23 09:10:24,902 - Model-rank0 - INFO - Training accuracy (IoU) of prediction: 0.624158
2026-08-23 09:10:24,902 - Model-rank0 - INFO - Training pixel precision: 0.834169
2026-08-23 09:10:24,902 - Model-rank0 - INFO - Training pixel recall: 0.712576
2026-08-23 09:10:24,902 - Model-rank0 - INFO - Training pixel F1: 0.768593
2026-08-23 09:10:24,902 - Model-rank0 - INFO - Training loss component tversky: 0.199711
2026-08-23 09:10:24,902 - Model-rank0 - INFO - Training loss component dice: 0.220899
2026-08-23 09:10:24,902 - Model-rank0 - INFO - Training loss component hard_margin: 0.845826
2026-08-23 09:10:24,902 - Model-rank0 - INFO - Training loss component hard_weight: 0.100000
2026-08-23 09:10:24,902 - Model-rank0 - INFO - ---- EPOCH 098 EVALUATION ----
2026-08-23 09:15:39,439 - Model-rank0 - INFO - Eval mean loss: 0.768954
2026-08-23 09:15:39,439 - Model-rank0 - INFO - Eval avg class IoU of prediction: 0.343715
2026-08-23 09:15:39,439 - Model-rank0 - INFO - Eval pixel precision: 0.727832
2026-08-23 09:15:39,439 - Model-rank0 - INFO - Eval pixel recall: 0.394409
2026-08-23 09:15:39,439 - Model-rank0 - INFO - Eval pixel F1: 0.511590
2026-08-23 09:15:39,439 - Model-rank0 - INFO - Early stopping eval_f1=0.511590; best=0.520032 at epoch 78; bad_epochs=20/30.
2026-08-23 09:15:39,465 - Model-rank0 - INFO - Saved recoverable checkpoint at /home/devbox/project/model/sjy/CSIG2026/Deeppro_v2/DeepPro-main/log/sem_seg/2026-08-22/SatVideoIRSDT_v1__2026-08-22_08-27-32__F1OHEM-brtd3_raw_apmd_hybrid_rms_motion_detrend_scratch_seed47_E100/checkpoints/latest_model.pth
2026-08-23 09:15:39,465 - Model-rank0 - INFO - Best mIoU_mid: 0.351380
2026-08-23 09:15:39,567 - Model-rank0 - INFO - CUDA memory after evaluation cleanup: allocated=0.017 GiB, reserved=0.447 GiB
2026-08-23 09:15:39,568 - Model-rank0 - INFO - **** Epoch 99/100 ****
2026-08-23 09:15:39,568 - Model-rank0 - INFO - Learning rate:0.000040
2026-08-23 09:23:40,698 - Model-rank0 - INFO - CUDA memory after training cleanup: allocated=0.017 GiB, reserved=0.451 GiB
2026-08-23 09:23:40,698 - Model-rank0 - INFO - Training mean loss: 0.314507
2026-08-23 09:23:40,698 - Model-rank0 - INFO - Training accuracy (IoU) of prediction: 0.635133
2026-08-23 09:23:40,698 - Model-rank0 - INFO - Training pixel precision: 0.841598
2026-08-23 09:23:40,698 - Model-rank0 - INFO - Training pixel recall: 0.721367
2026-08-23 09:23:40,698 - Model-rank0 - INFO - Training pixel F1: 0.776858
2026-08-23 09:23:40,698 - Model-rank0 - INFO - Training loss component tversky: 0.196489
2026-08-23 09:23:40,698 - Model-rank0 - INFO - Training loss component dice: 0.217706
2026-08-23 09:23:40,698 - Model-rank0 - INFO - Training loss component hard_margin: 0.853628
2026-08-23 09:23:40,698 - Model-rank0 - INFO - Training loss component hard_weight: 0.100000
2026-08-23 09:23:40,698 - Model-rank0 - INFO - ---- EPOCH 099 EVALUATION ----
2026-08-23 09:28:55,365 - Model-rank0 - INFO - Eval mean loss: 0.770925
2026-08-23 09:28:55,365 - Model-rank0 - INFO - Eval avg class IoU of prediction: 0.342289
2026-08-23 09:28:55,365 - Model-rank0 - INFO - Eval pixel precision: 0.722575
2026-08-23 09:28:55,365 - Model-rank0 - INFO - Eval pixel recall: 0.394078
2026-08-23 09:28:55,365 - Model-rank0 - INFO - Eval pixel F1: 0.510008
2026-08-23 09:28:55,365 - Model-rank0 - INFO - Early stopping eval_f1=0.510008; best=0.520032 at epoch 78; bad_epochs=21/30.
2026-08-23 09:28:55,394 - Model-rank0 - INFO - Saved recoverable checkpoint at /home/devbox/project/model/sjy/CSIG2026/Deeppro_v2/DeepPro-main/log/sem_seg/2026-08-22/SatVideoIRSDT_v1__2026-08-22_08-27-32__F1OHEM-brtd3_raw_apmd_hybrid_rms_motion_detrend_scratch_seed47_E100/checkpoints/latest_model.pth
2026-08-23 09:28:55,394 - Model-rank0 - INFO - Best mIoU_mid: 0.351380
2026-08-23 09:28:55,496 - Model-rank0 - INFO - CUDA memory after evaluation cleanup: allocated=0.017 GiB, reserved=0.447 GiB
2026-08-23 09:28:55,496 - Model-rank0 - INFO - **** Epoch 100/100 ****
2026-08-23 09:28:55,496 - Model-rank0 - INFO - Learning rate:0.000040
2026-08-23 09:37:06,325 - Model-rank0 - INFO - CUDA memory after training cleanup: allocated=0.017 GiB, reserved=0.449 GiB
2026-08-23 09:37:06,325 - Model-rank0 - INFO - Training mean loss: 0.316436
2026-08-23 09:37:06,325 - Model-rank0 - INFO - Training accuracy (IoU) of prediction: 0.629528
2026-08-23 09:37:06,325 - Model-rank0 - INFO - Training pixel precision: 0.832580
2026-08-23 09:37:06,325 - Model-rank0 - INFO - Training pixel recall: 0.720770
2026-08-23 09:37:06,325 - Model-rank0 - INFO - Training pixel F1: 0.772651
2026-08-23 09:37:06,325 - Model-rank0 - INFO - Training loss component tversky: 0.198049
2026-08-23 09:37:06,325 - Model-rank0 - INFO - Training loss component dice: 0.218817
2026-08-23 09:37:06,325 - Model-rank0 - INFO - Training loss component hard_margin: 0.855638
2026-08-23 09:37:06,326 - Model-rank0 - INFO - Training loss component hard_weight: 0.100000
2026-08-23 09:37:06,326 - Model-rank0 - INFO - ---- EPOCH 100 EVALUATION ----
2026-08-23 09:42:23,654 - Model-rank0 - INFO - Eval mean loss: 0.773087
2026-08-23 09:42:23,654 - Model-rank0 - INFO - Eval avg class IoU of prediction: 0.342058
2026-08-23 09:42:23,654 - Model-rank0 - INFO - Eval pixel precision: 0.750076
2026-08-23 09:42:23,654 - Model-rank0 - INFO - Eval pixel recall: 0.386059
2026-08-23 09:42:23,654 - Model-rank0 - INFO - Eval pixel F1: 0.509752
2026-08-23 09:42:23,654 - Model-rank0 - INFO - Early stopping eval_f1=0.509752; best=0.520032 at epoch 78; bad_epochs=22/30.
2026-08-23 09:42:23,692 - Model-rank0 - INFO - Saved recoverable checkpoint at /home/devbox/project/model/sjy/CSIG2026/Deeppro_v2/DeepPro-main/log/sem_seg/2026-08-22/SatVideoIRSDT_v1__2026-08-22_08-27-32__F1OHEM-brtd3_raw_apmd_hybrid_rms_motion_detrend_scratch_seed47_E100/checkpoints/latest_model.pth
2026-08-23 09:42:23,713 - Model-rank0 - INFO - Saved epoch checkpoint at /home/devbox/project/model/sjy/CSIG2026/Deeppro_v2/DeepPro-main/log/sem_seg/2026-08-22/SatVideoIRSDT_v1__2026-08-22_08-27-32__F1OHEM-brtd3_raw_apmd_hybrid_rms_motion_detrend_scratch_seed47_E100/checkpoints/epoch_100_model.pth
2026-08-23 09:42:23,713 - Model-rank0 - INFO - Best mIoU_mid: 0.351380
2026-08-23 09:42:23,824 - Model-rank0 - INFO - CUDA memory after evaluation cleanup: allocated=0.017 GiB, reserved=0.447 GiB
2026-08-23 09:42:24,025 - Model-rank0 - INFO - CUDA memory after training shutdown: allocated=0.016 GiB, reserved=0.443 GiB
