2026-08-22 08:27:41,866 - Model-rank0 - INFO - PARAMETER ...
2026-08-22 08:27:41,866 - Model-rank0 - INFO - Namespace(base_ckpt='', base_lr_mult=5.0, batch_size=20, bce_weight=0.5, brtd_adaptive_tdc=1, brtd_use_background=1, brtd_use_gate=1, brtd_zero_init=1, datapath='/home/devbox/project/model/sjy/CSIG2026/datasets/SatVideoIRSDT_v1', dataset='SatVideoIRSDT_v1', decay_rate=0.0001, deterministic=0, early_stopping_metric='eval_f1', early_stopping_min_delta=0.0001, early_stopping_patience=30, early_stopping_start_epoch=15, epoch=100, eval_chunk_rows=64, focal_alpha=0.75, focal_gamma=2.0, freeze_pretrained=1, gpu='1', gpu_num=1, hard_focal_weight=0.25, hard_negative_topk=4096, learning_rate=0.001, log_dir='2026-08-22/SatVideoIRSDT_v1__2026-08-22_08-27-32__F1OHEM-brtd3_raw_apmd_hybrid_rms_scratch_seed47_E100', loss='f1_calibrated_ohem', loss_eps=1.0, lr_decay=0.7, mask_padded_frames=1, model='DeepPro-Plus_BRTD3', optimizer='Adam', patch_size=128, prefetch_factor=2, resume='never', resume_checkpoint=None, run_test_after_train=0, sample_rate=0.04, savepath='/home/devbox/project/model/sjy/CSIG2026/Deeppro_v2/DeepPro-main/log', seed=47, seqlen=40, sls_eps=1e-06, sls_location_weight=1.0, sls_warmup_epochs=5, spatial_ckpt='', st_ckpt='', stc_center_weight=0.1, stc_temporal_weight=0.05, stc_warmup_epochs=5, step_size=10, structure_bottleneck_channels=8, structure_max_shift=4.0, structure_variant='raw_apmd_hybrid_rms', swanlab_group='f1_hybrid_rms_init_ablation_seed47_2026-08-22_08-27-32', swanlab_id=None, swanlab_mode='offline', swanlab_project='CSIG2026-DeepPro', swanlab_resume='never', swanlab_workspace=None, tda_dilation=3, tda_mean_contrast=0.0, tda_mean_size=0.0, tda_weight=0.2, threshold_eval=0.5, train_workers=4, tversky_fn_weight=0.4, tversky_fp_weight=0.6, tversky_gamma=1.33, use_swanlab=0, val_workers=2)
2026-08-22 08:27:41,867 - Model-rank0 - INFO - start loading training data ...
2026-08-22 08:27:45,548 - Model-rank0 - INFO - start loading validation data ...
2026-08-22 08:27:46,771 - Model-rank0 - INFO - The number of training data is: 3850
2026-08-22 08:27:46,771 - Model-rank0 - INFO - The number of test data is: 255 sequences
2026-08-22 08:27:46,771 - Model-rank0 - INFO - DDP world_size=1, global_batch=20, per_rank_batch=20; DataLoader workers per rank=4, validation=2
2026-08-22 08:27:46,811 - Model-rank0 - INFO - Initialized DeepPro-Plus_BRTD3 from random weights; no base checkpoint loaded.
2026-08-22 08:27:48,548 - Model-rank0 - INFO - Loss: f1_calibrated_ohem - Tversky+Dice+自适应困难负样本Margin，面向F1与低虚警
2026-08-22 08:27:48,548 - Model-rank0 - INFO - Optimizer groups: 64 backbone tensors at 5.000x LR; 15 BRTD tensors at 1.000x LR.
2026-08-22 08:27:49,355 - Model-rank0 - INFO - Starting a new experiment from scratch.
2026-08-22 08:27:49,355 - Model-rank0 - INFO - Early stopping enabled: metric=eval_f1 mode=max patience=30 min_delta=0.00010000 start_epoch=15.
2026-08-22 08:27:49,464 - Model-rank0 - INFO - CUDA memory after checkpoint loading: allocated=0.000 GiB, reserved=0.002 GiB
2026-08-22 08:27:49,464 - Model-rank0 - INFO - **** Epoch 1/100 ****
2026-08-22 08:27:49,464 - Model-rank0 - INFO - Learning rate:0.001000
2026-08-22 08:38:56,667 - Model-rank0 - INFO - CUDA memory after training cleanup: allocated=0.017 GiB, reserved=0.449 GiB
2026-08-22 08:38:56,667 - Model-rank0 - INFO - Training mean loss: 1.018385
2026-08-22 08:38:56,668 - Model-rank0 - INFO - Training accuracy (IoU) of prediction: 0.003831
2026-08-22 08:38:56,668 - Model-rank0 - INFO - Training pixel precision: 0.003844
2026-08-22 08:38:56,668 - Model-rank0 - INFO - Training pixel recall: 0.525546
2026-08-22 08:38:56,668 - Model-rank0 - INFO - Training pixel F1: 0.007633
2026-08-22 08:38:56,668 - Model-rank0 - INFO - Training loss component tversky: 0.884118
2026-08-22 08:38:56,668 - Model-rank0 - INFO - Training loss component dice: 0.895108
2026-08-22 08:38:56,668 - Model-rank0 - INFO - Training loss component hard_margin: 7.511109
2026-08-22 08:38:56,668 - Model-rank0 - INFO - Training loss component hard_weight: 0.000000
2026-08-22 08:38:56,668 - Model-rank0 - INFO - ---- EPOCH 001 EVALUATION ----
2026-08-22 08:45:52,143 - Model-rank0 - INFO - Eval mean loss: 0.957902
2026-08-22 08:45:52,143 - Model-rank0 - INFO - Eval avg class IoU of prediction: 0.000193
2026-08-22 08:45:52,143 - Model-rank0 - INFO - Eval pixel precision: 0.000193
2026-08-22 08:45:52,143 - Model-rank0 - INFO - Eval pixel recall: 0.565505
2026-08-22 08:45:52,143 - Model-rank0 - INFO - Eval pixel F1: 0.000386
2026-08-22 08:45:52,143 - Model-rank0 - INFO - Early stopping eval_f1=0.000386; best=0.000386 at epoch 1; bad_epochs=0/30.
2026-08-22 08:45:52,168 - Model-rank0 - INFO - Saved recoverable checkpoint at /home/devbox/project/model/sjy/CSIG2026/Deeppro_v2/DeepPro-main/log/sem_seg/2026-08-22/SatVideoIRSDT_v1__2026-08-22_08-27-32__F1OHEM-brtd3_raw_apmd_hybrid_rms_scratch_seed47_E100/checkpoints/latest_model.pth
2026-08-22 08:45:52,187 - Model-rank0 - INFO - Saved epoch checkpoint at /home/devbox/project/model/sjy/CSIG2026/Deeppro_v2/DeepPro-main/log/sem_seg/2026-08-22/SatVideoIRSDT_v1__2026-08-22_08-27-32__F1OHEM-brtd3_raw_apmd_hybrid_rms_scratch_seed47_E100/checkpoints/epoch_1_model.pth
2026-08-22 08:45:52,208 - Model-rank0 - INFO - Saved best checkpoint at /home/devbox/project/model/sjy/CSIG2026/Deeppro_v2/DeepPro-main/log/sem_seg/2026-08-22/SatVideoIRSDT_v1__2026-08-22_08-27-32__F1OHEM-brtd3_raw_apmd_hybrid_rms_scratch_seed47_E100/checkpoints/best_model.pth
2026-08-22 08:45:52,227 - Model-rank0 - INFO - Saved early-stopping best checkpoint at /home/devbox/project/model/sjy/CSIG2026/Deeppro_v2/DeepPro-main/log/sem_seg/2026-08-22/SatVideoIRSDT_v1__2026-08-22_08-27-32__F1OHEM-brtd3_raw_apmd_hybrid_rms_scratch_seed47_E100/checkpoints/early_stopping_best_model.pth
2026-08-22 08:45:52,228 - Model-rank0 - INFO - Best mIoU_mid: 0.000193
2026-08-22 08:45:52,349 - Model-rank0 - INFO - CUDA memory after evaluation cleanup: allocated=0.017 GiB, reserved=0.447 GiB
2026-08-22 08:45:52,349 - Model-rank0 - INFO - **** Epoch 2/100 ****
2026-08-22 08:45:52,349 - Model-rank0 - INFO - Learning rate:0.001000
2026-08-22 08:57:19,723 - Model-rank0 - INFO - CUDA memory after training cleanup: allocated=0.017 GiB, reserved=0.449 GiB
2026-08-22 08:57:19,723 - Model-rank0 - INFO - Training mean loss: 0.720240
2026-08-22 08:57:19,723 - Model-rank0 - INFO - Training accuracy (IoU) of prediction: 0.017737
2026-08-22 08:57:19,724 - Model-rank0 - INFO - Training pixel precision: 0.018224
2026-08-22 08:57:19,724 - Model-rank0 - INFO - Training pixel recall: 0.399031
2026-08-22 08:57:19,724 - Model-rank0 - INFO - Training pixel F1: 0.034857
2026-08-22 08:57:19,724 - Model-rank0 - INFO - Training loss component tversky: 0.622522
2026-08-22 08:57:19,724 - Model-rank0 - INFO - Training loss component dice: 0.651452
2026-08-22 08:57:19,724 - Model-rank0 - INFO - Training loss component hard_margin: 8.382912
2026-08-22 08:57:19,724 - Model-rank0 - INFO - Training loss component hard_weight: 0.000000
2026-08-22 08:57:19,724 - Model-rank0 - INFO - ---- EPOCH 002 EVALUATION ----
2026-08-22 09:02:14,509 - Model-rank0 - INFO - Eval mean loss: 0.853715
2026-08-22 09:02:14,510 - Model-rank0 - INFO - Eval avg class IoU of prediction: 0.000144
2026-08-22 09:02:14,510 - Model-rank0 - INFO - Eval pixel precision: 0.000144
2026-08-22 09:02:14,510 - Model-rank0 - INFO - Eval pixel recall: 0.517527
2026-08-22 09:02:14,510 - Model-rank0 - INFO - Eval pixel F1: 0.000288
2026-08-22 09:02:14,510 - Model-rank0 - INFO - Early stopping eval_f1=0.000288; best=0.000386 at epoch 1; bad_epochs=0/30.
2026-08-22 09:02:14,540 - Model-rank0 - INFO - Saved recoverable checkpoint at /home/devbox/project/model/sjy/CSIG2026/Deeppro_v2/DeepPro-main/log/sem_seg/2026-08-22/SatVideoIRSDT_v1__2026-08-22_08-27-32__F1OHEM-brtd3_raw_apmd_hybrid_rms_scratch_seed47_E100/checkpoints/latest_model.pth
2026-08-22 09:02:14,540 - Model-rank0 - INFO - Best mIoU_mid: 0.000193
2026-08-22 09:02:14,651 - Model-rank0 - INFO - CUDA memory after evaluation cleanup: allocated=0.017 GiB, reserved=0.449 GiB
2026-08-22 09:02:14,651 - Model-rank0 - INFO - **** Epoch 3/100 ****
2026-08-22 09:02:14,652 - Model-rank0 - INFO - Learning rate:0.001000
2026-08-22 09:13:49,767 - Model-rank0 - INFO - CUDA memory after training cleanup: allocated=0.017 GiB, reserved=0.449 GiB
2026-08-22 09:13:49,767 - Model-rank0 - INFO - Training mean loss: 0.625110
2026-08-22 09:13:49,767 - Model-rank0 - INFO - Training accuracy (IoU) of prediction: 0.028380
2026-08-22 09:13:49,767 - Model-rank0 - INFO - Training pixel precision: 0.029654
2026-08-22 09:13:49,768 - Model-rank0 - INFO - Training pixel recall: 0.397820
2026-08-22 09:13:49,768 - Model-rank0 - INFO - Training pixel F1: 0.055194
2026-08-22 09:13:49,768 - Model-rank0 - INFO - Training loss component tversky: 0.539527
2026-08-22 09:13:49,768 - Model-rank0 - INFO - Training loss component dice: 0.570554
2026-08-22 09:13:49,768 - Model-rank0 - INFO - Training loss component hard_margin: 8.114581
2026-08-22 09:13:49,768 - Model-rank0 - INFO - Training loss component hard_weight: 0.000000
2026-08-22 09:13:49,768 - Model-rank0 - INFO - ---- EPOCH 003 EVALUATION ----
2026-08-22 09:18:44,073 - Model-rank0 - INFO - Eval mean loss: 0.851287
2026-08-22 09:18:44,074 - Model-rank0 - INFO - Eval avg class IoU of prediction: 0.000749
2026-08-22 09:18:44,074 - Model-rank0 - INFO - Eval pixel precision: 0.000750
2026-08-22 09:18:44,074 - Model-rank0 - INFO - Eval pixel recall: 0.344342
2026-08-22 09:18:44,074 - Model-rank0 - INFO - Eval pixel F1: 0.001498
2026-08-22 09:18:44,074 - Model-rank0 - INFO - Early stopping eval_f1=0.001498; best=0.001498 at epoch 3; bad_epochs=0/30.
2026-08-22 09:18:44,112 - Model-rank0 - INFO - Saved recoverable checkpoint at /home/devbox/project/model/sjy/CSIG2026/Deeppro_v2/DeepPro-main/log/sem_seg/2026-08-22/SatVideoIRSDT_v1__2026-08-22_08-27-32__F1OHEM-brtd3_raw_apmd_hybrid_rms_scratch_seed47_E100/checkpoints/latest_model.pth
2026-08-22 09:18:44,134 - Model-rank0 - INFO - Saved epoch checkpoint at /home/devbox/project/model/sjy/CSIG2026/Deeppro_v2/DeepPro-main/log/sem_seg/2026-08-22/SatVideoIRSDT_v1__2026-08-22_08-27-32__F1OHEM-brtd3_raw_apmd_hybrid_rms_scratch_seed47_E100/checkpoints/epoch_3_model.pth
2026-08-22 09:18:44,155 - Model-rank0 - INFO - Saved best checkpoint at /home/devbox/project/model/sjy/CSIG2026/Deeppro_v2/DeepPro-main/log/sem_seg/2026-08-22/SatVideoIRSDT_v1__2026-08-22_08-27-32__F1OHEM-brtd3_raw_apmd_hybrid_rms_scratch_seed47_E100/checkpoints/best_model.pth
2026-08-22 09:18:44,177 - Model-rank0 - INFO - Saved early-stopping best checkpoint at /home/devbox/project/model/sjy/CSIG2026/Deeppro_v2/DeepPro-main/log/sem_seg/2026-08-22/SatVideoIRSDT_v1__2026-08-22_08-27-32__F1OHEM-brtd3_raw_apmd_hybrid_rms_scratch_seed47_E100/checkpoints/early_stopping_best_model.pth
2026-08-22 09:18:44,178 - Model-rank0 - INFO - Best mIoU_mid: 0.000749
2026-08-22 09:18:44,363 - Model-rank0 - INFO - CUDA memory after evaluation cleanup: allocated=0.017 GiB, reserved=0.449 GiB
2026-08-22 09:18:44,363 - Model-rank0 - INFO - **** Epoch 4/100 ****
2026-08-22 09:18:44,363 - Model-rank0 - INFO - Learning rate:0.001000
2026-08-22 09:30:02,126 - Model-rank0 - INFO - CUDA memory after training cleanup: allocated=0.017 GiB, reserved=0.449 GiB
2026-08-22 09:30:02,126 - Model-rank0 - INFO - Training mean loss: 0.598511
2026-08-22 09:30:02,127 - Model-rank0 - INFO - Training accuracy (IoU) of prediction: 0.045392
2026-08-22 09:30:02,127 - Model-rank0 - INFO - Training pixel precision: 0.048787
2026-08-22 09:30:02,127 - Model-rank0 - INFO - Training pixel recall: 0.394742
2026-08-22 09:30:02,127 - Model-rank0 - INFO - Training pixel F1: 0.086841
2026-08-22 09:30:02,127 - Model-rank0 - INFO - Training loss component tversky: 0.516435
2026-08-22 09:30:02,127 - Model-rank0 - INFO - Training loss component dice: 0.547173
2026-08-22 09:30:02,127 - Model-rank0 - INFO - Training loss component hard_margin: 7.619646
2026-08-22 09:30:02,127 - Model-rank0 - INFO - Training loss component hard_weight: 0.000000
2026-08-22 09:30:02,127 - Model-rank0 - INFO - ---- EPOCH 004 EVALUATION ----
2026-08-22 09:35:05,215 - Model-rank0 - INFO - Eval mean loss: 0.792638
2026-08-22 09:35:05,215 - Model-rank0 - INFO - Eval avg class IoU of prediction: 0.002000
2026-08-22 09:35:05,215 - Model-rank0 - INFO - Eval pixel precision: 0.002008
2026-08-22 09:35:05,215 - Model-rank0 - INFO - Eval pixel recall: 0.348757
2026-08-22 09:35:05,215 - Model-rank0 - INFO - Eval pixel F1: 0.003992
2026-08-22 09:35:05,215 - Model-rank0 - INFO - Early stopping eval_f1=0.003992; best=0.003992 at epoch 4; bad_epochs=0/30.
2026-08-22 09:35:05,243 - Model-rank0 - INFO - Saved recoverable checkpoint at /home/devbox/project/model/sjy/CSIG2026/Deeppro_v2/DeepPro-main/log/sem_seg/2026-08-22/SatVideoIRSDT_v1__2026-08-22_08-27-32__F1OHEM-brtd3_raw_apmd_hybrid_rms_scratch_seed47_E100/checkpoints/latest_model.pth
2026-08-22 09:35:05,262 - Model-rank0 - INFO - Saved epoch checkpoint at /home/devbox/project/model/sjy/CSIG2026/Deeppro_v2/DeepPro-main/log/sem_seg/2026-08-22/SatVideoIRSDT_v1__2026-08-22_08-27-32__F1OHEM-brtd3_raw_apmd_hybrid_rms_scratch_seed47_E100/checkpoints/epoch_4_model.pth
2026-08-22 09:35:05,283 - Model-rank0 - INFO - Saved best checkpoint at /home/devbox/project/model/sjy/CSIG2026/Deeppro_v2/DeepPro-main/log/sem_seg/2026-08-22/SatVideoIRSDT_v1__2026-08-22_08-27-32__F1OHEM-brtd3_raw_apmd_hybrid_rms_scratch_seed47_E100/checkpoints/best_model.pth
2026-08-22 09:35:05,303 - Model-rank0 - INFO - Saved early-stopping best checkpoint at /home/devbox/project/model/sjy/CSIG2026/Deeppro_v2/DeepPro-main/log/sem_seg/2026-08-22/SatVideoIRSDT_v1__2026-08-22_08-27-32__F1OHEM-brtd3_raw_apmd_hybrid_rms_scratch_seed47_E100/checkpoints/early_stopping_best_model.pth
2026-08-22 09:35:05,303 - Model-rank0 - INFO - Best mIoU_mid: 0.002000
2026-08-22 09:35:05,447 - Model-rank0 - INFO - CUDA memory after evaluation cleanup: allocated=0.017 GiB, reserved=0.447 GiB
2026-08-22 09:35:05,448 - Model-rank0 - INFO - **** Epoch 5/100 ****
2026-08-22 09:35:05,448 - Model-rank0 - INFO - Learning rate:0.001000
2026-08-22 09:46:01,230 - Model-rank0 - INFO - CUDA memory after training cleanup: allocated=0.017 GiB, reserved=0.451 GiB
2026-08-22 09:46:01,230 - Model-rank0 - INFO - Training mean loss: 0.545992
2026-08-22 09:46:01,230 - Model-rank0 - INFO - Training accuracy (IoU) of prediction: 0.060664
2026-08-22 09:46:01,230 - Model-rank0 - INFO - Training pixel precision: 0.066863
2026-08-22 09:46:01,230 - Model-rank0 - INFO - Training pixel recall: 0.395545
2026-08-22 09:46:01,230 - Model-rank0 - INFO - Training pixel F1: 0.114389
2026-08-22 09:46:01,230 - Model-rank0 - INFO - Training loss component tversky: 0.470507
2026-08-22 09:46:01,230 - Model-rank0 - INFO - Training loss component dice: 0.503229
2026-08-22 09:46:01,230 - Model-rank0 - INFO - Training loss component hard_margin: 6.557591
2026-08-22 09:46:01,230 - Model-rank0 - INFO - Training loss component hard_weight: 0.000000
2026-08-22 09:46:01,230 - Model-rank0 - INFO - ---- EPOCH 005 EVALUATION ----
2026-08-22 09:51:10,860 - Model-rank0 - INFO - Eval mean loss: 0.716136
2026-08-22 09:51:10,861 - Model-rank0 - INFO - Eval avg class IoU of prediction: 0.007300
2026-08-22 09:51:10,861 - Model-rank0 - INFO - Eval pixel precision: 0.007419
2026-08-22 09:51:10,861 - Model-rank0 - INFO - Eval pixel recall: 0.312447
2026-08-22 09:51:10,861 - Model-rank0 - INFO - Eval pixel F1: 0.014495
2026-08-22 09:51:10,861 - Model-rank0 - INFO - Early stopping eval_f1=0.014495; best=0.014495 at epoch 5; bad_epochs=0/30.
2026-08-22 09:51:10,901 - Model-rank0 - INFO - Saved recoverable checkpoint at /home/devbox/project/model/sjy/CSIG2026/Deeppro_v2/DeepPro-main/log/sem_seg/2026-08-22/SatVideoIRSDT_v1__2026-08-22_08-27-32__F1OHEM-brtd3_raw_apmd_hybrid_rms_scratch_seed47_E100/checkpoints/latest_model.pth
2026-08-22 09:51:10,923 - Model-rank0 - INFO - Saved epoch checkpoint at /home/devbox/project/model/sjy/CSIG2026/Deeppro_v2/DeepPro-main/log/sem_seg/2026-08-22/SatVideoIRSDT_v1__2026-08-22_08-27-32__F1OHEM-brtd3_raw_apmd_hybrid_rms_scratch_seed47_E100/checkpoints/epoch_5_model.pth
2026-08-22 09:51:10,945 - Model-rank0 - INFO - Saved best checkpoint at /home/devbox/project/model/sjy/CSIG2026/Deeppro_v2/DeepPro-main/log/sem_seg/2026-08-22/SatVideoIRSDT_v1__2026-08-22_08-27-32__F1OHEM-brtd3_raw_apmd_hybrid_rms_scratch_seed47_E100/checkpoints/best_model.pth
2026-08-22 09:51:10,966 - Model-rank0 - INFO - Saved early-stopping best checkpoint at /home/devbox/project/model/sjy/CSIG2026/Deeppro_v2/DeepPro-main/log/sem_seg/2026-08-22/SatVideoIRSDT_v1__2026-08-22_08-27-32__F1OHEM-brtd3_raw_apmd_hybrid_rms_scratch_seed47_E100/checkpoints/early_stopping_best_model.pth
2026-08-22 09:51:10,967 - Model-rank0 - INFO - Best mIoU_mid: 0.007300
2026-08-22 09:51:11,135 - Model-rank0 - INFO - CUDA memory after evaluation cleanup: allocated=0.017 GiB, reserved=0.447 GiB
2026-08-22 09:51:11,136 - Model-rank0 - INFO - **** Epoch 6/100 ****
2026-08-22 09:51:11,136 - Model-rank0 - INFO - Learning rate:0.001000
2026-08-22 10:02:02,084 - Model-rank0 - INFO - CUDA memory after training cleanup: allocated=0.017 GiB, reserved=0.449 GiB
2026-08-22 10:02:02,085 - Model-rank0 - INFO - Training mean loss: 0.522314
2026-08-22 10:02:02,085 - Model-rank0 - INFO - Training accuracy (IoU) of prediction: 0.292031
2026-08-22 10:02:02,085 - Model-rank0 - INFO - Training pixel precision: 0.704657
2026-08-22 10:02:02,085 - Model-rank0 - INFO - Training pixel recall: 0.332760
2026-08-22 10:02:02,085 - Model-rank0 - INFO - Training pixel F1: 0.452049
2026-08-22 10:02:02,085 - Model-rank0 - INFO - Training loss component tversky: 0.426464
2026-08-22 10:02:02,085 - Model-rank0 - INFO - Training loss component dice: 0.460716
2026-08-22 10:02:02,085 - Model-rank0 - INFO - Training loss component hard_margin: 2.674218
2026-08-22 10:02:02,085 - Model-rank0 - INFO - Training loss component hard_weight: 0.010000
2026-08-22 10:02:02,085 - Model-rank0 - INFO - ---- EPOCH 006 EVALUATION ----
2026-08-22 10:07:07,652 - Model-rank0 - INFO - Eval mean loss: 0.724360
2026-08-22 10:07:07,652 - Model-rank0 - INFO - Eval avg class IoU of prediction: 0.205860
2026-08-22 10:07:07,652 - Model-rank0 - INFO - Eval pixel precision: 0.454249
2026-08-22 10:07:07,652 - Model-rank0 - INFO - Eval pixel recall: 0.273505
2026-08-22 10:07:07,652 - Model-rank0 - INFO - Eval pixel F1: 0.341433
2026-08-22 10:07:07,652 - Model-rank0 - INFO - Early stopping eval_f1=0.341433; best=0.341433 at epoch 6; bad_epochs=0/30.
2026-08-22 10:07:07,681 - Model-rank0 - INFO - Saved recoverable checkpoint at /home/devbox/project/model/sjy/CSIG2026/Deeppro_v2/DeepPro-main/log/sem_seg/2026-08-22/SatVideoIRSDT_v1__2026-08-22_08-27-32__F1OHEM-brtd3_raw_apmd_hybrid_rms_scratch_seed47_E100/checkpoints/latest_model.pth
2026-08-22 10:07:07,702 - Model-rank0 - INFO - Saved epoch checkpoint at /home/devbox/project/model/sjy/CSIG2026/Deeppro_v2/DeepPro-main/log/sem_seg/2026-08-22/SatVideoIRSDT_v1__2026-08-22_08-27-32__F1OHEM-brtd3_raw_apmd_hybrid_rms_scratch_seed47_E100/checkpoints/epoch_6_model.pth
2026-08-22 10:07:07,723 - Model-rank0 - INFO - Saved best checkpoint at /home/devbox/project/model/sjy/CSIG2026/Deeppro_v2/DeepPro-main/log/sem_seg/2026-08-22/SatVideoIRSDT_v1__2026-08-22_08-27-32__F1OHEM-brtd3_raw_apmd_hybrid_rms_scratch_seed47_E100/checkpoints/best_model.pth
2026-08-22 10:07:07,745 - Model-rank0 - INFO - Saved early-stopping best checkpoint at /home/devbox/project/model/sjy/CSIG2026/Deeppro_v2/DeepPro-main/log/sem_seg/2026-08-22/SatVideoIRSDT_v1__2026-08-22_08-27-32__F1OHEM-brtd3_raw_apmd_hybrid_rms_scratch_seed47_E100/checkpoints/early_stopping_best_model.pth
2026-08-22 10:07:07,745 - Model-rank0 - INFO - Best mIoU_mid: 0.205860
2026-08-22 10:07:07,858 - Model-rank0 - INFO - CUDA memory after evaluation cleanup: allocated=0.017 GiB, reserved=0.447 GiB
2026-08-22 10:07:07,858 - Model-rank0 - INFO - **** Epoch 7/100 ****
2026-08-22 10:07:07,858 - Model-rank0 - INFO - Learning rate:0.001000
2026-08-22 10:18:01,594 - Model-rank0 - INFO - CUDA memory after training cleanup: allocated=0.017 GiB, reserved=0.449 GiB
2026-08-22 10:18:01,594 - Model-rank0 - INFO - Training mean loss: 0.527884
2026-08-22 10:18:01,594 - Model-rank0 - INFO - Training accuracy (IoU) of prediction: 0.335035
2026-08-22 10:18:01,594 - Model-rank0 - INFO - Training pixel precision: 0.754978
2026-08-22 10:18:01,594 - Model-rank0 - INFO - Training pixel recall: 0.375908
2026-08-22 10:18:01,594 - Model-rank0 - INFO - Training pixel F1: 0.501912
2026-08-22 10:18:01,594 - Model-rank0 - INFO - Training loss component tversky: 0.416957
2026-08-22 10:18:01,594 - Model-rank0 - INFO - Training loss component dice: 0.450759
2026-08-22 10:18:01,594 - Model-rank0 - INFO - Training loss component hard_margin: 2.165639
2026-08-22 10:18:01,594 - Model-rank0 - INFO - Training loss component hard_weight: 0.020000
2026-08-22 10:18:01,595 - Model-rank0 - INFO - ---- EPOCH 007 EVALUATION ----
2026-08-22 10:23:10,024 - Model-rank0 - INFO - Eval mean loss: 0.726226
2026-08-22 10:23:10,024 - Model-rank0 - INFO - Eval avg class IoU of prediction: 0.252856
2026-08-22 10:23:10,024 - Model-rank0 - INFO - Eval pixel precision: 0.621832
2026-08-22 10:23:10,024 - Model-rank0 - INFO - Eval pixel recall: 0.298804
2026-08-22 10:23:10,024 - Model-rank0 - INFO - Eval pixel F1: 0.403647
2026-08-22 10:23:10,024 - Model-rank0 - INFO - Early stopping eval_f1=0.403647; best=0.403647 at epoch 7; bad_epochs=0/30.
2026-08-22 10:23:10,055 - Model-rank0 - INFO - Saved recoverable checkpoint at /home/devbox/project/model/sjy/CSIG2026/Deeppro_v2/DeepPro-main/log/sem_seg/2026-08-22/SatVideoIRSDT_v1__2026-08-22_08-27-32__F1OHEM-brtd3_raw_apmd_hybrid_rms_scratch_seed47_E100/checkpoints/latest_model.pth
2026-08-22 10:23:10,077 - Model-rank0 - INFO - Saved epoch checkpoint at /home/devbox/project/model/sjy/CSIG2026/Deeppro_v2/DeepPro-main/log/sem_seg/2026-08-22/SatVideoIRSDT_v1__2026-08-22_08-27-32__F1OHEM-brtd3_raw_apmd_hybrid_rms_scratch_seed47_E100/checkpoints/epoch_7_model.pth
2026-08-22 10:23:10,099 - Model-rank0 - INFO - Saved best checkpoint at /home/devbox/project/model/sjy/CSIG2026/Deeppro_v2/DeepPro-main/log/sem_seg/2026-08-22/SatVideoIRSDT_v1__2026-08-22_08-27-32__F1OHEM-brtd3_raw_apmd_hybrid_rms_scratch_seed47_E100/checkpoints/best_model.pth
2026-08-22 10:23:10,120 - Model-rank0 - INFO - Saved early-stopping best checkpoint at /home/devbox/project/model/sjy/CSIG2026/Deeppro_v2/DeepPro-main/log/sem_seg/2026-08-22/SatVideoIRSDT_v1__2026-08-22_08-27-32__F1OHEM-brtd3_raw_apmd_hybrid_rms_scratch_seed47_E100/checkpoints/early_stopping_best_model.pth
2026-08-22 10:23:10,121 - Model-rank0 - INFO - Best mIoU_mid: 0.252856
2026-08-22 10:23:10,250 - Model-rank0 - INFO - CUDA memory after evaluation cleanup: allocated=0.017 GiB, reserved=0.447 GiB
2026-08-22 10:23:10,250 - Model-rank0 - INFO - **** Epoch 8/100 ****
2026-08-22 10:23:10,251 - Model-rank0 - INFO - Learning rate:0.001000
2026-08-22 10:34:08,392 - Model-rank0 - INFO - CUDA memory after training cleanup: allocated=0.017 GiB, reserved=0.451 GiB
2026-08-22 10:34:08,392 - Model-rank0 - INFO - Training mean loss: 0.527598
2026-08-22 10:34:08,392 - Model-rank0 - INFO - Training accuracy (IoU) of prediction: 0.358049
2026-08-22 10:34:08,392 - Model-rank0 - INFO - Training pixel precision: 0.756107
2026-08-22 10:34:08,392 - Model-rank0 - INFO - Training pixel recall: 0.404801
2026-08-22 10:34:08,392 - Model-rank0 - INFO - Training pixel F1: 0.527299
2026-08-22 10:34:08,392 - Model-rank0 - INFO - Training loss component tversky: 0.405150
2026-08-22 10:34:08,392 - Model-rank0 - INFO - Training loss component dice: 0.436865
2026-08-22 10:34:08,392 - Model-rank0 - INFO - Training loss component hard_margin: 1.897277
2026-08-22 10:34:08,392 - Model-rank0 - INFO - Training loss component hard_weight: 0.030000
2026-08-22 10:34:08,392 - Model-rank0 - INFO - ---- EPOCH 008 EVALUATION ----
2026-08-22 10:39:17,877 - Model-rank0 - INFO - Eval mean loss: 0.784730
2026-08-22 10:39:17,877 - Model-rank0 - INFO - Eval avg class IoU of prediction: 0.223143
2026-08-22 10:39:17,878 - Model-rank0 - INFO - Eval pixel precision: 0.476041
2026-08-22 10:39:17,878 - Model-rank0 - INFO - Eval pixel recall: 0.295791
2026-08-22 10:39:17,878 - Model-rank0 - INFO - Eval pixel F1: 0.364868
2026-08-22 10:39:17,878 - Model-rank0 - INFO - Early stopping eval_f1=0.364868; best=0.403647 at epoch 7; bad_epochs=0/30.
2026-08-22 10:39:17,913 - Model-rank0 - INFO - Saved recoverable checkpoint at /home/devbox/project/model/sjy/CSIG2026/Deeppro_v2/DeepPro-main/log/sem_seg/2026-08-22/SatVideoIRSDT_v1__2026-08-22_08-27-32__F1OHEM-brtd3_raw_apmd_hybrid_rms_scratch_seed47_E100/checkpoints/latest_model.pth
2026-08-22 10:39:17,913 - Model-rank0 - INFO - Best mIoU_mid: 0.252856
2026-08-22 10:39:18,019 - Model-rank0 - INFO - CUDA memory after evaluation cleanup: allocated=0.017 GiB, reserved=0.447 GiB
2026-08-22 10:39:18,019 - Model-rank0 - INFO - **** Epoch 9/100 ****
2026-08-22 10:39:18,019 - Model-rank0 - INFO - Learning rate:0.001000
2026-08-22 10:50:29,817 - Model-rank0 - INFO - CUDA memory after training cleanup: allocated=0.017 GiB, reserved=0.449 GiB
2026-08-22 10:50:29,817 - Model-rank0 - INFO - Training mean loss: 0.537688
2026-08-22 10:50:29,817 - Model-rank0 - INFO - Training accuracy (IoU) of prediction: 0.353804
2026-08-22 10:50:29,817 - Model-rank0 - INFO - Training pixel precision: 0.770111
2026-08-22 10:50:29,817 - Model-rank0 - INFO - Training pixel recall: 0.395584
2026-08-22 10:50:29,817 - Model-rank0 - INFO - Training pixel F1: 0.522681
2026-08-22 10:50:29,817 - Model-rank0 - INFO - Training loss component tversky: 0.402764
2026-08-22 10:50:29,817 - Model-rank0 - INFO - Training loss component dice: 0.434235
2026-08-22 10:50:29,817 - Model-rank0 - INFO - Training loss component hard_margin: 1.744707
2026-08-22 10:50:29,817 - Model-rank0 - INFO - Training loss component hard_weight: 0.040000
2026-08-22 10:50:29,817 - Model-rank0 - INFO - ---- EPOCH 009 EVALUATION ----
2026-08-22 10:55:40,041 - Model-rank0 - INFO - Eval mean loss: 0.764245
2026-08-22 10:55:40,041 - Model-rank0 - INFO - Eval avg class IoU of prediction: 0.266590
2026-08-22 10:55:40,041 - Model-rank0 - INFO - Eval pixel precision: 0.552095
2026-08-22 10:55:40,041 - Model-rank0 - INFO - Eval pixel recall: 0.340160
2026-08-22 10:55:40,041 - Model-rank0 - INFO - Eval pixel F1: 0.420957
2026-08-22 10:55:40,041 - Model-rank0 - INFO - Early stopping eval_f1=0.420957; best=0.420957 at epoch 9; bad_epochs=0/30.
2026-08-22 10:55:40,078 - Model-rank0 - INFO - Saved recoverable checkpoint at /home/devbox/project/model/sjy/CSIG2026/Deeppro_v2/DeepPro-main/log/sem_seg/2026-08-22/SatVideoIRSDT_v1__2026-08-22_08-27-32__F1OHEM-brtd3_raw_apmd_hybrid_rms_scratch_seed47_E100/checkpoints/latest_model.pth
2026-08-22 10:55:40,100 - Model-rank0 - INFO - Saved epoch checkpoint at /home/devbox/project/model/sjy/CSIG2026/Deeppro_v2/DeepPro-main/log/sem_seg/2026-08-22/SatVideoIRSDT_v1__2026-08-22_08-27-32__F1OHEM-brtd3_raw_apmd_hybrid_rms_scratch_seed47_E100/checkpoints/epoch_9_model.pth
2026-08-22 10:55:40,120 - Model-rank0 - INFO - Saved best checkpoint at /home/devbox/project/model/sjy/CSIG2026/Deeppro_v2/DeepPro-main/log/sem_seg/2026-08-22/SatVideoIRSDT_v1__2026-08-22_08-27-32__F1OHEM-brtd3_raw_apmd_hybrid_rms_scratch_seed47_E100/checkpoints/best_model.pth
2026-08-22 10:55:40,140 - Model-rank0 - INFO - Saved early-stopping best checkpoint at /home/devbox/project/model/sjy/CSIG2026/Deeppro_v2/DeepPro-main/log/sem_seg/2026-08-22/SatVideoIRSDT_v1__2026-08-22_08-27-32__F1OHEM-brtd3_raw_apmd_hybrid_rms_scratch_seed47_E100/checkpoints/early_stopping_best_model.pth
2026-08-22 10:55:40,140 - Model-rank0 - INFO - Best mIoU_mid: 0.266590
2026-08-22 10:55:40,273 - Model-rank0 - INFO - CUDA memory after evaluation cleanup: allocated=0.017 GiB, reserved=0.447 GiB
2026-08-22 10:55:40,273 - Model-rank0 - INFO - **** Epoch 10/100 ****
2026-08-22 10:55:40,273 - Model-rank0 - INFO - Learning rate:0.001000
2026-08-22 11:06:23,358 - Model-rank0 - INFO - CUDA memory after training cleanup: allocated=0.017 GiB, reserved=0.451 GiB
2026-08-22 11:06:23,359 - Model-rank0 - INFO - Training mean loss: 0.541387
2026-08-22 11:06:23,359 - Model-rank0 - INFO - Training accuracy (IoU) of prediction: 0.363613
2026-08-22 11:06:23,359 - Model-rank0 - INFO - Training pixel precision: 0.759477
2026-08-22 11:06:23,359 - Model-rank0 - INFO - Training pixel recall: 0.410934
2026-08-22 11:06:23,359 - Model-rank0 - INFO - Training pixel F1: 0.533308
2026-08-22 11:06:23,359 - Model-rank0 - INFO - Training loss component tversky: 0.396574
2026-08-22 11:06:23,359 - Model-rank0 - INFO - Training loss component dice: 0.427167
2026-08-22 11:06:23,359 - Model-rank0 - INFO - Training loss component hard_margin: 1.614755
2026-08-22 11:06:23,359 - Model-rank0 - INFO - Training loss component hard_weight: 0.050000
2026-08-22 11:06:23,359 - Model-rank0 - INFO - ---- EPOCH 010 EVALUATION ----
2026-08-22 11:11:35,403 - Model-rank0 - INFO - Eval mean loss: 0.782919
2026-08-22 11:11:35,404 - Model-rank0 - INFO - Eval avg class IoU of prediction: 0.289979
2026-08-22 11:11:35,404 - Model-rank0 - INFO - Eval pixel precision: 0.754278
2026-08-22 11:11:35,404 - Model-rank0 - INFO - Eval pixel recall: 0.320231
2026-08-22 11:11:35,404 - Model-rank0 - INFO - Eval pixel F1: 0.449588
2026-08-22 11:11:35,404 - Model-rank0 - INFO - Early stopping eval_f1=0.449588; best=0.449588 at epoch 10; bad_epochs=0/30.
2026-08-22 11:11:35,429 - Model-rank0 - INFO - Saved recoverable checkpoint at /home/devbox/project/model/sjy/CSIG2026/Deeppro_v2/DeepPro-main/log/sem_seg/2026-08-22/SatVideoIRSDT_v1__2026-08-22_08-27-32__F1OHEM-brtd3_raw_apmd_hybrid_rms_scratch_seed47_E100/checkpoints/latest_model.pth
2026-08-22 11:11:35,448 - Model-rank0 - INFO - Saved epoch checkpoint at /home/devbox/project/model/sjy/CSIG2026/Deeppro_v2/DeepPro-main/log/sem_seg/2026-08-22/SatVideoIRSDT_v1__2026-08-22_08-27-32__F1OHEM-brtd3_raw_apmd_hybrid_rms_scratch_seed47_E100/checkpoints/epoch_10_model.pth
2026-08-22 11:11:35,468 - Model-rank0 - INFO - Saved best checkpoint at /home/devbox/project/model/sjy/CSIG2026/Deeppro_v2/DeepPro-main/log/sem_seg/2026-08-22/SatVideoIRSDT_v1__2026-08-22_08-27-32__F1OHEM-brtd3_raw_apmd_hybrid_rms_scratch_seed47_E100/checkpoints/best_model.pth
2026-08-22 11:11:35,487 - Model-rank0 - INFO - Saved early-stopping best checkpoint at /home/devbox/project/model/sjy/CSIG2026/Deeppro_v2/DeepPro-main/log/sem_seg/2026-08-22/SatVideoIRSDT_v1__2026-08-22_08-27-32__F1OHEM-brtd3_raw_apmd_hybrid_rms_scratch_seed47_E100/checkpoints/early_stopping_best_model.pth
2026-08-22 11:11:35,487 - Model-rank0 - INFO - Best mIoU_mid: 0.289979
2026-08-22 11:11:35,596 - Model-rank0 - INFO - CUDA memory after evaluation cleanup: allocated=0.017 GiB, reserved=0.449 GiB
2026-08-22 11:11:35,596 - Model-rank0 - INFO - **** Epoch 11/100 ****
2026-08-22 11:11:35,596 - Model-rank0 - INFO - Learning rate:0.000700
2026-08-22 11:22:26,846 - Model-rank0 - INFO - CUDA memory after training cleanup: allocated=0.017 GiB, reserved=0.451 GiB
2026-08-22 11:22:26,847 - Model-rank0 - INFO - Training mean loss: 0.526885
2026-08-22 11:22:26,847 - Model-rank0 - INFO - Training accuracy (IoU) of prediction: 0.387955
2026-08-22 11:22:26,847 - Model-rank0 - INFO - Training pixel precision: 0.773084
2026-08-22 11:22:26,847 - Model-rank0 - INFO - Training pixel recall: 0.437810
2026-08-22 11:22:26,847 - Model-rank0 - INFO - Training pixel F1: 0.559031
2026-08-22 11:22:26,847 - Model-rank0 - INFO - Training loss component tversky: 0.374950
2026-08-22 11:22:26,847 - Model-rank0 - INFO - Training loss component dice: 0.404286
2026-08-22 11:22:26,847 - Model-rank0 - INFO - Training loss component hard_margin: 1.521535
2026-08-22 11:22:26,847 - Model-rank0 - INFO - Training loss component hard_weight: 0.060000
2026-08-22 11:22:26,847 - Model-rank0 - INFO - ---- EPOCH 011 EVALUATION ----
2026-08-22 11:27:40,630 - Model-rank0 - INFO - Eval mean loss: 0.803893
2026-08-22 11:27:40,630 - Model-rank0 - INFO - Eval avg class IoU of prediction: 0.274924
2026-08-22 11:27:40,630 - Model-rank0 - INFO - Eval pixel precision: 0.598068
2026-08-22 11:27:40,630 - Model-rank0 - INFO - Eval pixel recall: 0.337232
2026-08-22 11:27:40,630 - Model-rank0 - INFO - Eval pixel F1: 0.431279
2026-08-22 11:27:40,630 - Model-rank0 - INFO - Early stopping eval_f1=0.431279; best=0.449588 at epoch 10; bad_epochs=0/30.
2026-08-22 11:27:40,659 - Model-rank0 - INFO - Saved recoverable checkpoint at /home/devbox/project/model/sjy/CSIG2026/Deeppro_v2/DeepPro-main/log/sem_seg/2026-08-22/SatVideoIRSDT_v1__2026-08-22_08-27-32__F1OHEM-brtd3_raw_apmd_hybrid_rms_scratch_seed47_E100/checkpoints/latest_model.pth
2026-08-22 11:27:40,659 - Model-rank0 - INFO - Best mIoU_mid: 0.289979
2026-08-22 11:27:40,773 - Model-rank0 - INFO - CUDA memory after evaluation cleanup: allocated=0.017 GiB, reserved=0.447 GiB
2026-08-22 11:27:40,773 - Model-rank0 - INFO - **** Epoch 12/100 ****
2026-08-22 11:27:40,773 - Model-rank0 - INFO - Learning rate:0.000700
2026-08-22 11:37:56,431 - Model-rank0 - INFO - CUDA memory after training cleanup: allocated=0.017 GiB, reserved=0.451 GiB
2026-08-22 11:37:56,431 - Model-rank0 - INFO - Training mean loss: 0.543237
2026-08-22 11:37:56,431 - Model-rank0 - INFO - Training accuracy (IoU) of prediction: 0.381917
2026-08-22 11:37:56,432 - Model-rank0 - INFO - Training pixel precision: 0.771684
2026-08-22 11:37:56,432 - Model-rank0 - INFO - Training pixel recall: 0.430570
2026-08-22 11:37:56,432 - Model-rank0 - INFO - Training pixel F1: 0.552735
2026-08-22 11:37:56,432 - Model-rank0 - INFO - Training loss component tversky: 0.375815
2026-08-22 11:37:56,432 - Model-rank0 - INFO - Training loss component dice: 0.405982
2026-08-22 11:37:56,432 - Model-rank0 - INFO - Training loss component hard_margin: 1.521783
2026-08-22 11:37:56,432 - Model-rank0 - INFO - Training loss component hard_weight: 0.070000
2026-08-22 11:37:56,432 - Model-rank0 - INFO - ---- EPOCH 012 EVALUATION ----
2026-08-22 11:43:09,269 - Model-rank0 - INFO - Eval mean loss: 0.797898
2026-08-22 11:43:09,269 - Model-rank0 - INFO - Eval avg class IoU of prediction: 0.301640
2026-08-22 11:43:09,269 - Model-rank0 - INFO - Eval pixel precision: 0.732622
2026-08-22 11:43:09,269 - Model-rank0 - INFO - Eval pixel recall: 0.338955
2026-08-22 11:43:09,269 - Model-rank0 - INFO - Eval pixel F1: 0.463477
2026-08-22 11:43:09,270 - Model-rank0 - INFO - Early stopping eval_f1=0.463477; best=0.463477 at epoch 12; bad_epochs=0/30.
2026-08-22 11:43:09,297 - Model-rank0 - INFO - Saved recoverable checkpoint at /home/devbox/project/model/sjy/CSIG2026/Deeppro_v2/DeepPro-main/log/sem_seg/2026-08-22/SatVideoIRSDT_v1__2026-08-22_08-27-32__F1OHEM-brtd3_raw_apmd_hybrid_rms_scratch_seed47_E100/checkpoints/latest_model.pth
2026-08-22 11:43:09,317 - Model-rank0 - INFO - Saved epoch checkpoint at /home/devbox/project/model/sjy/CSIG2026/Deeppro_v2/DeepPro-main/log/sem_seg/2026-08-22/SatVideoIRSDT_v1__2026-08-22_08-27-32__F1OHEM-brtd3_raw_apmd_hybrid_rms_scratch_seed47_E100/checkpoints/epoch_12_model.pth
2026-08-22 11:43:09,338 - Model-rank0 - INFO - Saved best checkpoint at /home/devbox/project/model/sjy/CSIG2026/Deeppro_v2/DeepPro-main/log/sem_seg/2026-08-22/SatVideoIRSDT_v1__2026-08-22_08-27-32__F1OHEM-brtd3_raw_apmd_hybrid_rms_scratch_seed47_E100/checkpoints/best_model.pth
2026-08-22 11:43:09,358 - Model-rank0 - INFO - Saved early-stopping best checkpoint at /home/devbox/project/model/sjy/CSIG2026/Deeppro_v2/DeepPro-main/log/sem_seg/2026-08-22/SatVideoIRSDT_v1__2026-08-22_08-27-32__F1OHEM-brtd3_raw_apmd_hybrid_rms_scratch_seed47_E100/checkpoints/early_stopping_best_model.pth
2026-08-22 11:43:09,358 - Model-rank0 - INFO - Best mIoU_mid: 0.301640
2026-08-22 11:43:09,478 - Model-rank0 - INFO - CUDA memory after evaluation cleanup: allocated=0.017 GiB, reserved=0.449 GiB
2026-08-22 11:43:09,478 - Model-rank0 - INFO - **** Epoch 13/100 ****
2026-08-22 11:43:09,478 - Model-rank0 - INFO - Learning rate:0.000700
2026-08-22 11:53:25,957 - Model-rank0 - INFO - CUDA memory after training cleanup: allocated=0.017 GiB, reserved=0.451 GiB
2026-08-22 11:53:25,957 - Model-rank0 - INFO - Training mean loss: 0.541821
2026-08-22 11:53:25,958 - Model-rank0 - INFO - Training accuracy (IoU) of prediction: 0.380974
2026-08-22 11:53:25,958 - Model-rank0 - INFO - Training pixel precision: 0.762612
2026-08-22 11:53:25,958 - Model-rank0 - INFO - Training pixel recall: 0.432233
2026-08-22 11:53:25,958 - Model-rank0 - INFO - Training pixel F1: 0.551747
2026-08-22 11:53:25,958 - Model-rank0 - INFO - Training loss component tversky: 0.365421
2026-08-22 11:53:25,958 - Model-rank0 - INFO - Training loss component dice: 0.394832
2026-08-22 11:53:25,958 - Model-rank0 - INFO - Training loss component hard_margin: 1.464698
2026-08-22 11:53:25,958 - Model-rank0 - INFO - Training loss component hard_weight: 0.080000
2026-08-22 11:53:25,958 - Model-rank0 - INFO - ---- EPOCH 013 EVALUATION ----
2026-08-22 11:58:42,295 - Model-rank0 - INFO - Eval mean loss: 0.822259
2026-08-22 11:58:42,295 - Model-rank0 - INFO - Eval avg class IoU of prediction: 0.299379
2026-08-22 11:58:42,295 - Model-rank0 - INFO - Eval pixel precision: 0.726304
2026-08-22 11:58:42,295 - Model-rank0 - INFO - Eval pixel recall: 0.337448
2026-08-22 11:58:42,295 - Model-rank0 - INFO - Eval pixel F1: 0.460803
2026-08-22 11:58:42,295 - Model-rank0 - INFO - Early stopping eval_f1=0.460803; best=0.463477 at epoch 12; bad_epochs=0/30.
2026-08-22 11:58:42,326 - Model-rank0 - INFO - Saved recoverable checkpoint at /home/devbox/project/model/sjy/CSIG2026/Deeppro_v2/DeepPro-main/log/sem_seg/2026-08-22/SatVideoIRSDT_v1__2026-08-22_08-27-32__F1OHEM-brtd3_raw_apmd_hybrid_rms_scratch_seed47_E100/checkpoints/latest_model.pth
2026-08-22 11:58:42,326 - Model-rank0 - INFO - Best mIoU_mid: 0.301640
2026-08-22 11:58:42,464 - Model-rank0 - INFO - CUDA memory after evaluation cleanup: allocated=0.017 GiB, reserved=0.447 GiB
2026-08-22 11:58:42,464 - Model-rank0 - INFO - **** Epoch 14/100 ****
2026-08-22 11:58:42,464 - Model-rank0 - INFO - Learning rate:0.000700
2026-08-22 12:08:12,653 - Model-rank0 - INFO - CUDA memory after training cleanup: allocated=0.017 GiB, reserved=0.451 GiB
2026-08-22 12:08:12,653 - Model-rank0 - INFO - Training mean loss: 0.531219
2026-08-22 12:08:12,653 - Model-rank0 - INFO - Training accuracy (IoU) of prediction: 0.402871
2026-08-22 12:08:12,653 - Model-rank0 - INFO - Training pixel precision: 0.772327
2026-08-22 12:08:12,653 - Model-rank0 - INFO - Training pixel recall: 0.457165
2026-08-22 12:08:12,653 - Model-rank0 - INFO - Training pixel F1: 0.574353
2026-08-22 12:08:12,653 - Model-rank0 - INFO - Training loss component tversky: 0.348041
2026-08-22 12:08:12,653 - Model-rank0 - INFO - Training loss component dice: 0.378324
2026-08-22 12:08:12,653 - Model-rank0 - INFO - Training loss component hard_margin: 1.404776
2026-08-22 12:08:12,653 - Model-rank0 - INFO - Training loss component hard_weight: 0.090000
2026-08-22 12:08:12,653 - Model-rank0 - INFO - ---- EPOCH 014 EVALUATION ----
2026-08-22 12:13:32,834 - Model-rank0 - INFO - Eval mean loss: 0.851465
2026-08-22 12:13:32,834 - Model-rank0 - INFO - Eval avg class IoU of prediction: 0.304044
2026-08-22 12:13:32,835 - Model-rank0 - INFO - Eval pixel precision: 0.761636
2026-08-22 12:13:32,835 - Model-rank0 - INFO - Eval pixel recall: 0.336017
2026-08-22 12:13:32,835 - Model-rank0 - INFO - Eval pixel F1: 0.466309
2026-08-22 12:13:32,835 - Model-rank0 - INFO - Early stopping eval_f1=0.466309; best=0.466309 at epoch 14; bad_epochs=0/30.
2026-08-22 12:13:32,875 - Model-rank0 - INFO - Saved recoverable checkpoint at /home/devbox/project/model/sjy/CSIG2026/Deeppro_v2/DeepPro-main/log/sem_seg/2026-08-22/SatVideoIRSDT_v1__2026-08-22_08-27-32__F1OHEM-brtd3_raw_apmd_hybrid_rms_scratch_seed47_E100/checkpoints/latest_model.pth
2026-08-22 12:13:32,899 - Model-rank0 - INFO - Saved epoch checkpoint at /home/devbox/project/model/sjy/CSIG2026/Deeppro_v2/DeepPro-main/log/sem_seg/2026-08-22/SatVideoIRSDT_v1__2026-08-22_08-27-32__F1OHEM-brtd3_raw_apmd_hybrid_rms_scratch_seed47_E100/checkpoints/epoch_14_model.pth
2026-08-22 12:13:32,922 - Model-rank0 - INFO - Saved best checkpoint at /home/devbox/project/model/sjy/CSIG2026/Deeppro_v2/DeepPro-main/log/sem_seg/2026-08-22/SatVideoIRSDT_v1__2026-08-22_08-27-32__F1OHEM-brtd3_raw_apmd_hybrid_rms_scratch_seed47_E100/checkpoints/best_model.pth
2026-08-22 12:13:32,944 - Model-rank0 - INFO - Saved early-stopping best checkpoint at /home/devbox/project/model/sjy/CSIG2026/Deeppro_v2/DeepPro-main/log/sem_seg/2026-08-22/SatVideoIRSDT_v1__2026-08-22_08-27-32__F1OHEM-brtd3_raw_apmd_hybrid_rms_scratch_seed47_E100/checkpoints/early_stopping_best_model.pth
2026-08-22 12:13:32,944 - Model-rank0 - INFO - Best mIoU_mid: 0.304044
2026-08-22 12:13:33,093 - Model-rank0 - INFO - CUDA memory after evaluation cleanup: allocated=0.017 GiB, reserved=0.447 GiB
2026-08-22 12:13:33,093 - Model-rank0 - INFO - **** Epoch 15/100 ****
2026-08-22 12:13:33,093 - Model-rank0 - INFO - Learning rate:0.000700
2026-08-22 12:23:03,929 - Model-rank0 - INFO - CUDA memory after training cleanup: allocated=0.017 GiB, reserved=0.449 GiB
2026-08-22 12:23:03,929 - Model-rank0 - INFO - Training mean loss: 0.520915
2026-08-22 12:23:03,929 - Model-rank0 - INFO - Training accuracy (IoU) of prediction: 0.406403
2026-08-22 12:23:03,929 - Model-rank0 - INFO - Training pixel precision: 0.768554
2026-08-22 12:23:03,929 - Model-rank0 - INFO - Training pixel recall: 0.463077
2026-08-22 12:23:03,929 - Model-rank0 - INFO - Training pixel F1: 0.577932
2026-08-22 12:23:03,929 - Model-rank0 - INFO - Training loss component tversky: 0.332099
2026-08-22 12:23:03,929 - Model-rank0 - INFO - Training loss component dice: 0.363163
2026-08-22 12:23:03,929 - Model-rank0 - INFO - Training loss component hard_margin: 1.343418
2026-08-22 12:23:03,929 - Model-rank0 - INFO - Training loss component hard_weight: 0.100000
2026-08-22 12:23:03,929 - Model-rank0 - INFO - ---- EPOCH 015 EVALUATION ----
2026-08-22 12:29:14,894 - Model-rank0 - INFO - Eval mean loss: 0.848924
2026-08-22 12:29:14,894 - Model-rank0 - INFO - Eval avg class IoU of prediction: 0.311140
2026-08-22 12:29:14,894 - Model-rank0 - INFO - Eval pixel precision: 0.770550
2026-08-22 12:29:14,894 - Model-rank0 - INFO - Eval pixel recall: 0.342910
2026-08-22 12:29:14,894 - Model-rank0 - INFO - Eval pixel F1: 0.474610
2026-08-22 12:29:14,894 - Model-rank0 - INFO - Early stopping eval_f1=0.474610; best=0.474610 at epoch 15; bad_epochs=0/30.
2026-08-22 12:29:14,928 - Model-rank0 - INFO - Saved recoverable checkpoint at /home/devbox/project/model/sjy/CSIG2026/Deeppro_v2/DeepPro-main/log/sem_seg/2026-08-22/SatVideoIRSDT_v1__2026-08-22_08-27-32__F1OHEM-brtd3_raw_apmd_hybrid_rms_scratch_seed47_E100/checkpoints/latest_model.pth
2026-08-22 12:29:14,955 - Model-rank0 - INFO - Saved epoch checkpoint at /home/devbox/project/model/sjy/CSIG2026/Deeppro_v2/DeepPro-main/log/sem_seg/2026-08-22/SatVideoIRSDT_v1__2026-08-22_08-27-32__F1OHEM-brtd3_raw_apmd_hybrid_rms_scratch_seed47_E100/checkpoints/epoch_15_model.pth
2026-08-22 12:29:14,985 - Model-rank0 - INFO - Saved best checkpoint at /home/devbox/project/model/sjy/CSIG2026/Deeppro_v2/DeepPro-main/log/sem_seg/2026-08-22/SatVideoIRSDT_v1__2026-08-22_08-27-32__F1OHEM-brtd3_raw_apmd_hybrid_rms_scratch_seed47_E100/checkpoints/best_model.pth
2026-08-22 12:29:15,011 - Model-rank0 - INFO - Saved early-stopping best checkpoint at /home/devbox/project/model/sjy/CSIG2026/Deeppro_v2/DeepPro-main/log/sem_seg/2026-08-22/SatVideoIRSDT_v1__2026-08-22_08-27-32__F1OHEM-brtd3_raw_apmd_hybrid_rms_scratch_seed47_E100/checkpoints/early_stopping_best_model.pth
2026-08-22 12:29:15,012 - Model-rank0 - INFO - Best mIoU_mid: 0.311140
2026-08-22 12:29:15,235 - Model-rank0 - INFO - CUDA memory after evaluation cleanup: allocated=0.017 GiB, reserved=0.447 GiB
2026-08-22 12:29:15,235 - Model-rank0 - INFO - **** Epoch 16/100 ****
2026-08-22 12:29:15,236 - Model-rank0 - INFO - Learning rate:0.000700
2026-08-22 12:38:09,545 - Model-rank0 - INFO - CUDA memory after training cleanup: allocated=0.017 GiB, reserved=0.449 GiB
2026-08-22 12:38:09,545 - Model-rank0 - INFO - Training mean loss: 0.493775
2026-08-22 12:38:09,545 - Model-rank0 - INFO - Training accuracy (IoU) of prediction: 0.400161
2026-08-22 12:38:09,545 - Model-rank0 - INFO - Training pixel precision: 0.768160
2026-08-22 12:38:09,545 - Model-rank0 - INFO - Training pixel recall: 0.455128
2026-08-22 12:38:09,545 - Model-rank0 - INFO - Training pixel F1: 0.571593
2026-08-22 12:38:09,545 - Model-rank0 - INFO - Training loss component tversky: 0.310509
2026-08-22 12:38:09,545 - Model-rank0 - INFO - Training loss component dice: 0.342011
2026-08-22 12:38:09,545 - Model-rank0 - INFO - Training loss component hard_margin: 1.319645
2026-08-22 12:38:09,545 - Model-rank0 - INFO - Training loss component hard_weight: 0.100000
2026-08-22 12:38:09,545 - Model-rank0 - INFO - ---- EPOCH 016 EVALUATION ----
2026-08-22 12:43:30,847 - Model-rank0 - INFO - Eval mean loss: 0.863154
2026-08-22 12:43:30,847 - Model-rank0 - INFO - Eval avg class IoU of prediction: 0.289549
2026-08-22 12:43:30,847 - Model-rank0 - INFO - Eval pixel precision: 0.635201
2026-08-22 12:43:30,847 - Model-rank0 - INFO - Eval pixel recall: 0.347301
2026-08-22 12:43:30,847 - Model-rank0 - INFO - Eval pixel F1: 0.449070
2026-08-22 12:43:30,847 - Model-rank0 - INFO - Early stopping eval_f1=0.449070; best=0.474610 at epoch 15; bad_epochs=1/30.
2026-08-22 12:43:30,884 - Model-rank0 - INFO - Saved recoverable checkpoint at /home/devbox/project/model/sjy/CSIG2026/Deeppro_v2/DeepPro-main/log/sem_seg/2026-08-22/SatVideoIRSDT_v1__2026-08-22_08-27-32__F1OHEM-brtd3_raw_apmd_hybrid_rms_scratch_seed47_E100/checkpoints/latest_model.pth
2026-08-22 12:43:30,884 - Model-rank0 - INFO - Best mIoU_mid: 0.311140
2026-08-22 12:43:31,013 - Model-rank0 - INFO - CUDA memory after evaluation cleanup: allocated=0.017 GiB, reserved=0.447 GiB
2026-08-22 12:43:31,013 - Model-rank0 - INFO - **** Epoch 17/100 ****
2026-08-22 12:43:31,014 - Model-rank0 - INFO - Learning rate:0.000700
2026-08-22 12:52:44,166 - Model-rank0 - INFO - CUDA memory after training cleanup: allocated=0.017 GiB, reserved=0.449 GiB
2026-08-22 12:52:44,166 - Model-rank0 - INFO - Training mean loss: 0.466668
2026-08-22 12:52:44,166 - Model-rank0 - INFO - Training accuracy (IoU) of prediction: 0.411716
2026-08-22 12:52:44,166 - Model-rank0 - INFO - Training pixel precision: 0.734037
2026-08-22 12:52:44,166 - Model-rank0 - INFO - Training pixel recall: 0.483903
2026-08-22 12:52:44,166 - Model-rank0 - INFO - Training pixel F1: 0.583285
2026-08-22 12:52:44,167 - Model-rank0 - INFO - Training loss component tversky: 0.291313
2026-08-22 12:52:44,167 - Model-rank0 - INFO - Training loss component dice: 0.321422
2026-08-22 12:52:44,167 - Model-rank0 - INFO - Training loss component hard_margin: 1.271410
2026-08-22 12:52:44,167 - Model-rank0 - INFO - Training loss component hard_weight: 0.100000
2026-08-22 12:52:44,167 - Model-rank0 - INFO - ---- EPOCH 017 EVALUATION ----
2026-08-22 12:57:50,501 - Model-rank0 - INFO - Eval mean loss: 0.850583
2026-08-22 12:57:50,501 - Model-rank0 - INFO - Eval avg class IoU of prediction: 0.299294
2026-08-22 12:57:50,501 - Model-rank0 - INFO - Eval pixel precision: 0.763806
2026-08-22 12:57:50,501 - Model-rank0 - INFO - Eval pixel recall: 0.329819
2026-08-22 12:57:50,501 - Model-rank0 - INFO - Eval pixel F1: 0.460702
2026-08-22 12:57:50,501 - Model-rank0 - INFO - Early stopping eval_f1=0.460702; best=0.474610 at epoch 15; bad_epochs=2/30.
2026-08-22 12:57:50,549 - Model-rank0 - INFO - Saved recoverable checkpoint at /home/devbox/project/model/sjy/CSIG2026/Deeppro_v2/DeepPro-main/log/sem_seg/2026-08-22/SatVideoIRSDT_v1__2026-08-22_08-27-32__F1OHEM-brtd3_raw_apmd_hybrid_rms_scratch_seed47_E100/checkpoints/latest_model.pth
2026-08-22 12:57:50,549 - Model-rank0 - INFO - Best mIoU_mid: 0.311140
2026-08-22 12:57:50,698 - Model-rank0 - INFO - CUDA memory after evaluation cleanup: allocated=0.017 GiB, reserved=0.447 GiB
2026-08-22 12:57:50,699 - Model-rank0 - INFO - **** Epoch 18/100 ****
2026-08-22 12:57:50,699 - Model-rank0 - INFO - Learning rate:0.000700
2026-08-22 13:07:26,995 - Model-rank0 - INFO - CUDA memory after training cleanup: allocated=0.017 GiB, reserved=0.451 GiB
2026-08-22 13:07:26,996 - Model-rank0 - INFO - Training mean loss: 0.439495
2026-08-22 13:07:26,996 - Model-rank0 - INFO - Training accuracy (IoU) of prediction: 0.456961
2026-08-22 13:07:26,996 - Model-rank0 - INFO - Training pixel precision: 0.753361
2026-08-22 13:07:26,996 - Model-rank0 - INFO - Training pixel recall: 0.537350
2026-08-22 13:07:26,996 - Model-rank0 - INFO - Training pixel F1: 0.627280
2026-08-22 13:07:26,996 - Model-rank0 - INFO - Training loss component tversky: 0.271648
2026-08-22 13:07:26,996 - Model-rank0 - INFO - Training loss component dice: 0.300975
2026-08-22 13:07:26,996 - Model-rank0 - INFO - Training loss component hard_margin: 1.226998
2026-08-22 13:07:26,996 - Model-rank0 - INFO - Training loss component hard_weight: 0.100000
2026-08-22 13:07:26,996 - Model-rank0 - INFO - ---- EPOCH 018 EVALUATION ----
2026-08-22 13:12:32,113 - Model-rank0 - INFO - Eval mean loss: 0.819691
2026-08-22 13:12:32,113 - Model-rank0 - INFO - Eval avg class IoU of prediction: 0.315930
2026-08-22 13:12:32,113 - Model-rank0 - INFO - Eval pixel precision: 0.770257
2026-08-22 13:12:32,113 - Model-rank0 - INFO - Eval pixel recall: 0.348797
2026-08-22 13:12:32,113 - Model-rank0 - INFO - Eval pixel F1: 0.480162
2026-08-22 13:12:32,113 - Model-rank0 - INFO - Early stopping eval_f1=0.480162; best=0.480162 at epoch 18; bad_epochs=0/30.
2026-08-22 13:12:32,154 - Model-rank0 - INFO - Saved recoverable checkpoint at /home/devbox/project/model/sjy/CSIG2026/Deeppro_v2/DeepPro-main/log/sem_seg/2026-08-22/SatVideoIRSDT_v1__2026-08-22_08-27-32__F1OHEM-brtd3_raw_apmd_hybrid_rms_scratch_seed47_E100/checkpoints/latest_model.pth
2026-08-22 13:12:32,186 - Model-rank0 - INFO - Saved epoch checkpoint at /home/devbox/project/model/sjy/CSIG2026/Deeppro_v2/DeepPro-main/log/sem_seg/2026-08-22/SatVideoIRSDT_v1__2026-08-22_08-27-32__F1OHEM-brtd3_raw_apmd_hybrid_rms_scratch_seed47_E100/checkpoints/epoch_18_model.pth
2026-08-22 13:12:32,214 - Model-rank0 - INFO - Saved best checkpoint at /home/devbox/project/model/sjy/CSIG2026/Deeppro_v2/DeepPro-main/log/sem_seg/2026-08-22/SatVideoIRSDT_v1__2026-08-22_08-27-32__F1OHEM-brtd3_raw_apmd_hybrid_rms_scratch_seed47_E100/checkpoints/best_model.pth
2026-08-22 13:12:32,239 - Model-rank0 - INFO - Saved early-stopping best checkpoint at /home/devbox/project/model/sjy/CSIG2026/Deeppro_v2/DeepPro-main/log/sem_seg/2026-08-22/SatVideoIRSDT_v1__2026-08-22_08-27-32__F1OHEM-brtd3_raw_apmd_hybrid_rms_scratch_seed47_E100/checkpoints/early_stopping_best_model.pth
2026-08-22 13:12:32,239 - Model-rank0 - INFO - Best mIoU_mid: 0.315930
2026-08-22 13:12:32,393 - Model-rank0 - INFO - CUDA memory after evaluation cleanup: allocated=0.017 GiB, reserved=0.449 GiB
2026-08-22 13:12:32,394 - Model-rank0 - INFO - **** Epoch 19/100 ****
2026-08-22 13:12:32,394 - Model-rank0 - INFO - Learning rate:0.000700
2026-08-22 13:22:10,769 - Model-rank0 - INFO - CUDA memory after training cleanup: allocated=0.017 GiB, reserved=0.451 GiB
2026-08-22 13:22:10,769 - Model-rank0 - INFO - Training mean loss: 0.414324
2026-08-22 13:22:10,769 - Model-rank0 - INFO - Training accuracy (IoU) of prediction: 0.488793
2026-08-22 13:22:10,769 - Model-rank0 - INFO - Training pixel precision: 0.779268
2026-08-22 13:22:10,769 - Model-rank0 - INFO - Training pixel recall: 0.567344
2026-08-22 13:22:10,769 - Model-rank0 - INFO - Training pixel F1: 0.656630
2026-08-22 13:22:10,769 - Model-rank0 - INFO - Training loss component tversky: 0.256234
2026-08-22 13:22:10,769 - Model-rank0 - INFO - Training loss component dice: 0.285134
2026-08-22 13:22:10,769 - Model-rank0 - INFO - Training loss component hard_margin: 1.153201
2026-08-22 13:22:10,769 - Model-rank0 - INFO - Training loss component hard_weight: 0.100000
2026-08-22 13:22:10,769 - Model-rank0 - INFO - ---- EPOCH 019 EVALUATION ----
2026-08-22 13:27:16,152 - Model-rank0 - INFO - Eval mean loss: 0.817513
2026-08-22 13:27:16,152 - Model-rank0 - INFO - Eval avg class IoU of prediction: 0.317293
2026-08-22 13:27:16,152 - Model-rank0 - INFO - Eval pixel precision: 0.761598
2026-08-22 13:27:16,152 - Model-rank0 - INFO - Eval pixel recall: 0.352282
2026-08-22 13:27:16,152 - Model-rank0 - INFO - Eval pixel F1: 0.481735
2026-08-22 13:27:16,152 - Model-rank0 - INFO - Early stopping eval_f1=0.481735; best=0.481735 at epoch 19; bad_epochs=0/30.
2026-08-22 13:27:16,184 - Model-rank0 - INFO - Saved recoverable checkpoint at /home/devbox/project/model/sjy/CSIG2026/Deeppro_v2/DeepPro-main/log/sem_seg/2026-08-22/SatVideoIRSDT_v1__2026-08-22_08-27-32__F1OHEM-brtd3_raw_apmd_hybrid_rms_scratch_seed47_E100/checkpoints/latest_model.pth
2026-08-22 13:27:16,205 - Model-rank0 - INFO - Saved epoch checkpoint at /home/devbox/project/model/sjy/CSIG2026/Deeppro_v2/DeepPro-main/log/sem_seg/2026-08-22/SatVideoIRSDT_v1__2026-08-22_08-27-32__F1OHEM-brtd3_raw_apmd_hybrid_rms_scratch_seed47_E100/checkpoints/epoch_19_model.pth
2026-08-22 13:27:16,228 - Model-rank0 - INFO - Saved best checkpoint at /home/devbox/project/model/sjy/CSIG2026/Deeppro_v2/DeepPro-main/log/sem_seg/2026-08-22/SatVideoIRSDT_v1__2026-08-22_08-27-32__F1OHEM-brtd3_raw_apmd_hybrid_rms_scratch_seed47_E100/checkpoints/best_model.pth
2026-08-22 13:27:16,250 - Model-rank0 - INFO - Saved early-stopping best checkpoint at /home/devbox/project/model/sjy/CSIG2026/Deeppro_v2/DeepPro-main/log/sem_seg/2026-08-22/SatVideoIRSDT_v1__2026-08-22_08-27-32__F1OHEM-brtd3_raw_apmd_hybrid_rms_scratch_seed47_E100/checkpoints/early_stopping_best_model.pth
2026-08-22 13:27:16,251 - Model-rank0 - INFO - Best mIoU_mid: 0.317293
2026-08-22 13:27:16,379 - Model-rank0 - INFO - CUDA memory after evaluation cleanup: allocated=0.017 GiB, reserved=0.447 GiB
2026-08-22 13:27:16,379 - Model-rank0 - INFO - **** Epoch 20/100 ****
2026-08-22 13:27:16,379 - Model-rank0 - INFO - Learning rate:0.000700
2026-08-22 13:37:28,247 - Model-rank0 - INFO - CUDA memory after training cleanup: allocated=0.017 GiB, reserved=0.449 GiB
2026-08-22 13:37:28,247 - Model-rank0 - INFO - Training mean loss: 0.408584
2026-08-22 13:37:28,247 - Model-rank0 - INFO - Training accuracy (IoU) of prediction: 0.489309
2026-08-22 13:37:28,247 - Model-rank0 - INFO - Training pixel precision: 0.773871
2026-08-22 13:37:28,247 - Model-rank0 - INFO - Training pixel recall: 0.570942
2026-08-22 13:37:28,247 - Model-rank0 - INFO - Training pixel F1: 0.657096
2026-08-22 13:37:28,247 - Model-rank0 - INFO - Training loss component tversky: 0.252849
2026-08-22 13:37:28,247 - Model-rank0 - INFO - Training loss component dice: 0.280472
2026-08-22 13:37:28,247 - Model-rank0 - INFO - Training loss component hard_margin: 1.136645
2026-08-22 13:37:28,247 - Model-rank0 - INFO - Training loss component hard_weight: 0.100000
2026-08-22 13:37:28,247 - Model-rank0 - INFO - ---- EPOCH 020 EVALUATION ----
2026-08-22 13:42:36,949 - Model-rank0 - INFO - Eval mean loss: 0.806374
2026-08-22 13:42:36,950 - Model-rank0 - INFO - Eval avg class IoU of prediction: 0.323160
2026-08-22 13:42:36,950 - Model-rank0 - INFO - Eval pixel precision: 0.720889
2026-08-22 13:42:36,950 - Model-rank0 - INFO - Eval pixel recall: 0.369377
2026-08-22 13:42:36,950 - Model-rank0 - INFO - Eval pixel F1: 0.488467
2026-08-22 13:42:36,950 - Model-rank0 - INFO - Early stopping eval_f1=0.488467; best=0.488467 at epoch 20; bad_epochs=0/30.
2026-08-22 13:42:36,981 - Model-rank0 - INFO - Saved recoverable checkpoint at /home/devbox/project/model/sjy/CSIG2026/Deeppro_v2/DeepPro-main/log/sem_seg/2026-08-22/SatVideoIRSDT_v1__2026-08-22_08-27-32__F1OHEM-brtd3_raw_apmd_hybrid_rms_scratch_seed47_E100/checkpoints/latest_model.pth
2026-08-22 13:42:37,001 - Model-rank0 - INFO - Saved epoch checkpoint at /home/devbox/project/model/sjy/CSIG2026/Deeppro_v2/DeepPro-main/log/sem_seg/2026-08-22/SatVideoIRSDT_v1__2026-08-22_08-27-32__F1OHEM-brtd3_raw_apmd_hybrid_rms_scratch_seed47_E100/checkpoints/epoch_20_model.pth
2026-08-22 13:42:37,025 - Model-rank0 - INFO - Saved best checkpoint at /home/devbox/project/model/sjy/CSIG2026/Deeppro_v2/DeepPro-main/log/sem_seg/2026-08-22/SatVideoIRSDT_v1__2026-08-22_08-27-32__F1OHEM-brtd3_raw_apmd_hybrid_rms_scratch_seed47_E100/checkpoints/best_model.pth
2026-08-22 13:42:37,045 - Model-rank0 - INFO - Saved early-stopping best checkpoint at /home/devbox/project/model/sjy/CSIG2026/Deeppro_v2/DeepPro-main/log/sem_seg/2026-08-22/SatVideoIRSDT_v1__2026-08-22_08-27-32__F1OHEM-brtd3_raw_apmd_hybrid_rms_scratch_seed47_E100/checkpoints/early_stopping_best_model.pth
2026-08-22 13:42:37,045 - Model-rank0 - INFO - Best mIoU_mid: 0.323160
2026-08-22 13:42:37,163 - Model-rank0 - INFO - CUDA memory after evaluation cleanup: allocated=0.017 GiB, reserved=0.447 GiB
2026-08-22 13:42:37,163 - Model-rank0 - INFO - **** Epoch 21/100 ****
2026-08-22 13:42:37,163 - Model-rank0 - INFO - Learning rate:0.000490
2026-08-22 13:52:33,815 - Model-rank0 - INFO - CUDA memory after training cleanup: allocated=0.017 GiB, reserved=0.451 GiB
2026-08-22 13:52:33,815 - Model-rank0 - INFO - Training mean loss: 0.393363
2026-08-22 13:52:33,816 - Model-rank0 - INFO - Training accuracy (IoU) of prediction: 0.512654
2026-08-22 13:52:33,816 - Model-rank0 - INFO - Training pixel precision: 0.783468
2026-08-22 13:52:33,816 - Model-rank0 - INFO - Training pixel recall: 0.597280
2026-08-22 13:52:33,816 - Model-rank0 - INFO - Training pixel F1: 0.677820
2026-08-22 13:52:33,816 - Model-rank0 - INFO - Training loss component tversky: 0.243208
2026-08-22 13:52:33,816 - Model-rank0 - INFO - Training loss component dice: 0.270230
2026-08-22 13:52:33,816 - Model-rank0 - INFO - Training loss component hard_margin: 1.096203
2026-08-22 13:52:33,816 - Model-rank0 - INFO - Training loss component hard_weight: 0.100000
2026-08-22 13:52:33,816 - Model-rank0 - INFO - ---- EPOCH 021 EVALUATION ----
2026-08-22 13:57:33,449 - Model-rank0 - INFO - Eval mean loss: 0.801989
2026-08-22 13:57:33,449 - Model-rank0 - INFO - Eval avg class IoU of prediction: 0.303975
2026-08-22 13:57:33,449 - Model-rank0 - INFO - Eval pixel precision: 0.671545
2026-08-22 13:57:33,449 - Model-rank0 - INFO - Eval pixel recall: 0.357061
2026-08-22 13:57:33,449 - Model-rank0 - INFO - Eval pixel F1: 0.466228
2026-08-22 13:57:33,449 - Model-rank0 - INFO - Early stopping eval_f1=0.466228; best=0.488467 at epoch 20; bad_epochs=1/30.
2026-08-22 13:57:33,483 - Model-rank0 - INFO - Saved recoverable checkpoint at /home/devbox/project/model/sjy/CSIG2026/Deeppro_v2/DeepPro-main/log/sem_seg/2026-08-22/SatVideoIRSDT_v1__2026-08-22_08-27-32__F1OHEM-brtd3_raw_apmd_hybrid_rms_scratch_seed47_E100/checkpoints/latest_model.pth
2026-08-22 13:57:33,483 - Model-rank0 - INFO - Best mIoU_mid: 0.323160
2026-08-22 13:57:33,641 - Model-rank0 - INFO - CUDA memory after evaluation cleanup: allocated=0.017 GiB, reserved=0.447 GiB
2026-08-22 13:57:33,641 - Model-rank0 - INFO - **** Epoch 22/100 ****
2026-08-22 13:57:33,641 - Model-rank0 - INFO - Learning rate:0.000490
2026-08-22 14:08:33,606 - Model-rank0 - INFO - CUDA memory after training cleanup: allocated=0.017 GiB, reserved=0.451 GiB
2026-08-22 14:08:33,606 - Model-rank0 - INFO - Training mean loss: 0.388021
2026-08-22 14:08:33,606 - Model-rank0 - INFO - Training accuracy (IoU) of prediction: 0.510708
2026-08-22 14:08:33,606 - Model-rank0 - INFO - Training pixel precision: 0.789928
2026-08-22 14:08:33,606 - Model-rank0 - INFO - Training pixel recall: 0.590972
2026-08-22 14:08:33,606 - Model-rank0 - INFO - Training pixel F1: 0.676118
2026-08-22 14:08:33,606 - Model-rank0 - INFO - Training loss component tversky: 0.238764
2026-08-22 14:08:33,606 - Model-rank0 - INFO - Training loss component dice: 0.265917
2026-08-22 14:08:33,607 - Model-rank0 - INFO - Training loss component hard_margin: 1.093698
2026-08-22 14:08:33,607 - Model-rank0 - INFO - Training loss component hard_weight: 0.100000
2026-08-22 14:08:33,607 - Model-rank0 - INFO - ---- EPOCH 022 EVALUATION ----
2026-08-22 14:13:31,945 - Model-rank0 - INFO - Eval mean loss: 0.798417
2026-08-22 14:13:31,945 - Model-rank0 - INFO - Eval avg class IoU of prediction: 0.336124
2026-08-22 14:13:31,945 - Model-rank0 - INFO - Eval pixel precision: 0.763542
2026-08-22 14:13:31,945 - Model-rank0 - INFO - Eval pixel recall: 0.375177
2026-08-22 14:13:31,945 - Model-rank0 - INFO - Eval pixel F1: 0.503133
2026-08-22 14:13:31,945 - Model-rank0 - INFO - Early stopping eval_f1=0.503133; best=0.503133 at epoch 22; bad_epochs=0/30.
2026-08-22 14:13:31,980 - Model-rank0 - INFO - Saved recoverable checkpoint at /home/devbox/project/model/sjy/CSIG2026/Deeppro_v2/DeepPro-main/log/sem_seg/2026-08-22/SatVideoIRSDT_v1__2026-08-22_08-27-32__F1OHEM-brtd3_raw_apmd_hybrid_rms_scratch_seed47_E100/checkpoints/latest_model.pth
2026-08-22 14:13:32,002 - Model-rank0 - INFO - Saved epoch checkpoint at /home/devbox/project/model/sjy/CSIG2026/Deeppro_v2/DeepPro-main/log/sem_seg/2026-08-22/SatVideoIRSDT_v1__2026-08-22_08-27-32__F1OHEM-brtd3_raw_apmd_hybrid_rms_scratch_seed47_E100/checkpoints/epoch_22_model.pth
2026-08-22 14:13:32,024 - Model-rank0 - INFO - Saved best checkpoint at /home/devbox/project/model/sjy/CSIG2026/Deeppro_v2/DeepPro-main/log/sem_seg/2026-08-22/SatVideoIRSDT_v1__2026-08-22_08-27-32__F1OHEM-brtd3_raw_apmd_hybrid_rms_scratch_seed47_E100/checkpoints/best_model.pth
2026-08-22 14:13:32,047 - Model-rank0 - INFO - Saved early-stopping best checkpoint at /home/devbox/project/model/sjy/CSIG2026/Deeppro_v2/DeepPro-main/log/sem_seg/2026-08-22/SatVideoIRSDT_v1__2026-08-22_08-27-32__F1OHEM-brtd3_raw_apmd_hybrid_rms_scratch_seed47_E100/checkpoints/early_stopping_best_model.pth
2026-08-22 14:13:32,047 - Model-rank0 - INFO - Best mIoU_mid: 0.336124
2026-08-22 14:13:32,210 - Model-rank0 - INFO - CUDA memory after evaluation cleanup: allocated=0.017 GiB, reserved=0.447 GiB
2026-08-22 14:13:32,210 - Model-rank0 - INFO - **** Epoch 23/100 ****
2026-08-22 14:13:32,210 - Model-rank0 - INFO - Learning rate:0.000490
2026-08-22 14:24:17,605 - Model-rank0 - INFO - CUDA memory after training cleanup: allocated=0.017 GiB, reserved=0.449 GiB
2026-08-22 14:24:17,605 - Model-rank0 - INFO - Training mean loss: 0.373804
2026-08-22 14:24:17,605 - Model-rank0 - INFO - Training accuracy (IoU) of prediction: 0.529184
2026-08-22 14:24:17,605 - Model-rank0 - INFO - Training pixel precision: 0.802515
2026-08-22 14:24:17,605 - Model-rank0 - INFO - Training pixel recall: 0.608414
2026-08-22 14:24:17,605 - Model-rank0 - INFO - Training pixel F1: 0.692113
2026-08-22 14:24:17,605 - Model-rank0 - INFO - Training loss component tversky: 0.232231
2026-08-22 14:24:17,605 - Model-rank0 - INFO - Training loss component dice: 0.258261
2026-08-22 14:24:17,605 - Model-rank0 - INFO - Training loss component hard_margin: 1.028340
2026-08-22 14:24:17,605 - Model-rank0 - INFO - Training loss component hard_weight: 0.100000
2026-08-22 14:24:17,605 - Model-rank0 - INFO - ---- EPOCH 023 EVALUATION ----
2026-08-22 14:29:19,772 - Model-rank0 - INFO - Eval mean loss: 0.793939
2026-08-22 14:29:19,773 - Model-rank0 - INFO - Eval avg class IoU of prediction: 0.331383
2026-08-22 14:29:19,773 - Model-rank0 - INFO - Eval pixel precision: 0.772697
2026-08-22 14:29:19,773 - Model-rank0 - INFO - Eval pixel recall: 0.367177
2026-08-22 14:29:19,773 - Model-rank0 - INFO - Eval pixel F1: 0.497803
2026-08-22 14:29:19,773 - Model-rank0 - INFO - Early stopping eval_f1=0.497803; best=0.503133 at epoch 22; bad_epochs=1/30.
2026-08-22 14:29:19,810 - Model-rank0 - INFO - Saved recoverable checkpoint at /home/devbox/project/model/sjy/CSIG2026/Deeppro_v2/DeepPro-main/log/sem_seg/2026-08-22/SatVideoIRSDT_v1__2026-08-22_08-27-32__F1OHEM-brtd3_raw_apmd_hybrid_rms_scratch_seed47_E100/checkpoints/latest_model.pth
2026-08-22 14:29:19,810 - Model-rank0 - INFO - Best mIoU_mid: 0.336124
2026-08-22 14:29:20,035 - Model-rank0 - INFO - CUDA memory after evaluation cleanup: allocated=0.017 GiB, reserved=0.447 GiB
2026-08-22 14:29:20,035 - Model-rank0 - INFO - **** Epoch 24/100 ****
2026-08-22 14:29:20,035 - Model-rank0 - INFO - Learning rate:0.000490
2026-08-22 14:39:49,678 - Model-rank0 - INFO - CUDA memory after training cleanup: allocated=0.017 GiB, reserved=0.449 GiB
2026-08-22 14:39:49,678 - Model-rank0 - INFO - Training mean loss: 0.386817
2026-08-22 14:39:49,678 - Model-rank0 - INFO - Training accuracy (IoU) of prediction: 0.519575
2026-08-22 14:39:49,678 - Model-rank0 - INFO - Training pixel precision: 0.788049
2026-08-22 14:39:49,678 - Model-rank0 - INFO - Training pixel recall: 0.603977
2026-08-22 14:39:49,678 - Model-rank0 - INFO - Training pixel F1: 0.683843
2026-08-22 14:39:49,678 - Model-rank0 - INFO - Training loss component tversky: 0.241007
2026-08-22 14:39:49,678 - Model-rank0 - INFO - Training loss component dice: 0.267197
2026-08-22 14:39:49,678 - Model-rank0 - INFO - Training loss component hard_margin: 1.057308
2026-08-22 14:39:49,678 - Model-rank0 - INFO - Training loss component hard_weight: 0.100000
2026-08-22 14:39:49,678 - Model-rank0 - INFO - ---- EPOCH 024 EVALUATION ----
2026-08-22 14:45:02,919 - Model-rank0 - INFO - Eval mean loss: 0.793242
2026-08-22 14:45:02,919 - Model-rank0 - INFO - Eval avg class IoU of prediction: 0.335000
2026-08-22 14:45:02,919 - Model-rank0 - INFO - Eval pixel precision: 0.778412
2026-08-22 14:45:02,919 - Model-rank0 - INFO - Eval pixel recall: 0.370315
2026-08-22 14:45:02,919 - Model-rank0 - INFO - Eval pixel F1: 0.501873
2026-08-22 14:45:02,919 - Model-rank0 - INFO - Early stopping eval_f1=0.501873; best=0.503133 at epoch 22; bad_epochs=2/30.
2026-08-22 14:45:02,947 - Model-rank0 - INFO - Saved recoverable checkpoint at /home/devbox/project/model/sjy/CSIG2026/Deeppro_v2/DeepPro-main/log/sem_seg/2026-08-22/SatVideoIRSDT_v1__2026-08-22_08-27-32__F1OHEM-brtd3_raw_apmd_hybrid_rms_scratch_seed47_E100/checkpoints/latest_model.pth
2026-08-22 14:45:02,947 - Model-rank0 - INFO - Best mIoU_mid: 0.336124
2026-08-22 14:45:03,104 - Model-rank0 - INFO - CUDA memory after evaluation cleanup: allocated=0.017 GiB, reserved=0.447 GiB
2026-08-22 14:45:03,105 - Model-rank0 - INFO - **** Epoch 25/100 ****
2026-08-22 14:45:03,105 - Model-rank0 - INFO - Learning rate:0.000490
2026-08-22 14:56:00,275 - Model-rank0 - INFO - CUDA memory after training cleanup: allocated=0.017 GiB, reserved=0.449 GiB
2026-08-22 14:56:00,275 - Model-rank0 - INFO - Training mean loss: 0.379331
2026-08-22 14:56:00,275 - Model-rank0 - INFO - Training accuracy (IoU) of prediction: 0.524958
2026-08-22 14:56:00,275 - Model-rank0 - INFO - Training pixel precision: 0.795150
2026-08-22 14:56:00,275 - Model-rank0 - INFO - Training pixel recall: 0.607058
2026-08-22 14:56:00,275 - Model-rank0 - INFO - Training pixel F1: 0.688489
2026-08-22 14:56:00,275 - Model-rank0 - INFO - Training loss component tversky: 0.234635
2026-08-22 14:56:00,275 - Model-rank0 - INFO - Training loss component dice: 0.261158
2026-08-22 14:56:00,275 - Model-rank0 - INFO - Training loss component hard_margin: 1.055221
2026-08-22 14:56:00,275 - Model-rank0 - INFO - Training loss component hard_weight: 0.100000
2026-08-22 14:56:00,276 - Model-rank0 - INFO - ---- EPOCH 025 EVALUATION ----
2026-08-22 15:00:55,920 - Model-rank0 - INFO - Eval mean loss: 0.795193
2026-08-22 15:00:55,920 - Model-rank0 - INFO - Eval avg class IoU of prediction: 0.341448
2026-08-22 15:00:55,920 - Model-rank0 - INFO - Eval pixel precision: 0.739743
2026-08-22 15:00:55,921 - Model-rank0 - INFO - Eval pixel recall: 0.388066
2026-08-22 15:00:55,921 - Model-rank0 - INFO - Eval pixel F1: 0.509074
2026-08-22 15:00:55,921 - Model-rank0 - INFO - Early stopping eval_f1=0.509074; best=0.509074 at epoch 25; bad_epochs=0/30.
2026-08-22 15:00:55,950 - Model-rank0 - INFO - Saved recoverable checkpoint at /home/devbox/project/model/sjy/CSIG2026/Deeppro_v2/DeepPro-main/log/sem_seg/2026-08-22/SatVideoIRSDT_v1__2026-08-22_08-27-32__F1OHEM-brtd3_raw_apmd_hybrid_rms_scratch_seed47_E100/checkpoints/latest_model.pth
2026-08-22 15:00:55,969 - Model-rank0 - INFO - Saved epoch checkpoint at /home/devbox/project/model/sjy/CSIG2026/Deeppro_v2/DeepPro-main/log/sem_seg/2026-08-22/SatVideoIRSDT_v1__2026-08-22_08-27-32__F1OHEM-brtd3_raw_apmd_hybrid_rms_scratch_seed47_E100/checkpoints/epoch_25_model.pth
2026-08-22 15:00:55,990 - Model-rank0 - INFO - Saved best checkpoint at /home/devbox/project/model/sjy/CSIG2026/Deeppro_v2/DeepPro-main/log/sem_seg/2026-08-22/SatVideoIRSDT_v1__2026-08-22_08-27-32__F1OHEM-brtd3_raw_apmd_hybrid_rms_scratch_seed47_E100/checkpoints/best_model.pth
2026-08-22 15:00:56,009 - Model-rank0 - INFO - Saved early-stopping best checkpoint at /home/devbox/project/model/sjy/CSIG2026/Deeppro_v2/DeepPro-main/log/sem_seg/2026-08-22/SatVideoIRSDT_v1__2026-08-22_08-27-32__F1OHEM-brtd3_raw_apmd_hybrid_rms_scratch_seed47_E100/checkpoints/early_stopping_best_model.pth
2026-08-22 15:00:56,009 - Model-rank0 - INFO - Best mIoU_mid: 0.341448
2026-08-22 15:00:56,113 - Model-rank0 - INFO - CUDA memory after evaluation cleanup: allocated=0.017 GiB, reserved=0.447 GiB
2026-08-22 15:00:56,113 - Model-rank0 - INFO - **** Epoch 26/100 ****
2026-08-22 15:00:56,113 - Model-rank0 - INFO - Learning rate:0.000490
2026-08-22 15:11:47,009 - Model-rank0 - INFO - CUDA memory after training cleanup: allocated=0.017 GiB, reserved=0.451 GiB
2026-08-22 15:11:47,010 - Model-rank0 - INFO - Training mean loss: 0.365561
2026-08-22 15:11:47,010 - Model-rank0 - INFO - Training accuracy (IoU) of prediction: 0.542268
2026-08-22 15:11:47,010 - Model-rank0 - INFO - Training pixel precision: 0.797297
2026-08-22 15:11:47,010 - Model-rank0 - INFO - Training pixel recall: 0.628982
2026-08-22 15:11:47,010 - Model-rank0 - INFO - Training pixel F1: 0.703208
2026-08-22 15:11:47,010 - Model-rank0 - INFO - Training loss component tversky: 0.227712
2026-08-22 15:11:47,010 - Model-rank0 - INFO - Training loss component dice: 0.252178
2026-08-22 15:11:47,010 - Model-rank0 - INFO - Training loss component hard_margin: 1.000228
2026-08-22 15:11:47,010 - Model-rank0 - INFO - Training loss component hard_weight: 0.100000
2026-08-22 15:11:47,010 - Model-rank0 - INFO - ---- EPOCH 026 EVALUATION ----
2026-08-22 15:16:46,506 - Model-rank0 - INFO - Eval mean loss: 0.790583
2026-08-22 15:16:46,506 - Model-rank0 - INFO - Eval avg class IoU of prediction: 0.318141
2026-08-22 15:16:46,506 - Model-rank0 - INFO - Eval pixel precision: 0.718871
2026-08-22 15:16:46,506 - Model-rank0 - INFO - Eval pixel recall: 0.363347
2026-08-22 15:16:46,506 - Model-rank0 - INFO - Eval pixel F1: 0.482712
2026-08-22 15:16:46,506 - Model-rank0 - INFO - Early stopping eval_f1=0.482712; best=0.509074 at epoch 25; bad_epochs=1/30.
2026-08-22 15:16:46,532 - Model-rank0 - INFO - Saved recoverable checkpoint at /home/devbox/project/model/sjy/CSIG2026/Deeppro_v2/DeepPro-main/log/sem_seg/2026-08-22/SatVideoIRSDT_v1__2026-08-22_08-27-32__F1OHEM-brtd3_raw_apmd_hybrid_rms_scratch_seed47_E100/checkpoints/latest_model.pth
2026-08-22 15:16:46,532 - Model-rank0 - INFO - Best mIoU_mid: 0.341448
2026-08-22 15:16:46,721 - Model-rank0 - INFO - CUDA memory after evaluation cleanup: allocated=0.017 GiB, reserved=0.447 GiB
2026-08-22 15:16:46,721 - Model-rank0 - INFO - **** Epoch 27/100 ****
2026-08-22 15:16:46,721 - Model-rank0 - INFO - Learning rate:0.000490
2026-08-22 15:27:55,491 - Model-rank0 - INFO - CUDA memory after training cleanup: allocated=0.017 GiB, reserved=0.451 GiB
2026-08-22 15:27:55,491 - Model-rank0 - INFO - Training mean loss: 0.377267
2026-08-22 15:27:55,491 - Model-rank0 - INFO - Training accuracy (IoU) of prediction: 0.533931
2026-08-22 15:27:55,491 - Model-rank0 - INFO - Training pixel precision: 0.794373
2026-08-22 15:27:55,491 - Model-rank0 - INFO - Training pixel recall: 0.619561
2026-08-22 15:27:55,491 - Model-rank0 - INFO - Training pixel F1: 0.696161
2026-08-22 15:27:55,491 - Model-rank0 - INFO - Training loss component tversky: 0.234441
2026-08-22 15:27:55,491 - Model-rank0 - INFO - Training loss component dice: 0.259897
2026-08-22 15:27:55,491 - Model-rank0 - INFO - Training loss component hard_margin: 1.038418
2026-08-22 15:27:55,491 - Model-rank0 - INFO - Training loss component hard_weight: 0.100000
2026-08-22 15:27:55,491 - Model-rank0 - INFO - ---- EPOCH 027 EVALUATION ----
2026-08-22 15:32:57,201 - Model-rank0 - INFO - Eval mean loss: 0.783882
2026-08-22 15:32:57,201 - Model-rank0 - INFO - Eval avg class IoU of prediction: 0.335438
2026-08-22 15:32:57,201 - Model-rank0 - INFO - Eval pixel precision: 0.784137
2026-08-22 15:32:57,201 - Model-rank0 - INFO - Eval pixel recall: 0.369564
2026-08-22 15:32:57,201 - Model-rank0 - INFO - Eval pixel F1: 0.502364
2026-08-22 15:32:57,201 - Model-rank0 - INFO - Early stopping eval_f1=0.502364; best=0.509074 at epoch 25; bad_epochs=2/30.
2026-08-22 15:32:57,230 - Model-rank0 - INFO - Saved recoverable checkpoint at /home/devbox/project/model/sjy/CSIG2026/Deeppro_v2/DeepPro-main/log/sem_seg/2026-08-22/SatVideoIRSDT_v1__2026-08-22_08-27-32__F1OHEM-brtd3_raw_apmd_hybrid_rms_scratch_seed47_E100/checkpoints/latest_model.pth
2026-08-22 15:32:57,230 - Model-rank0 - INFO - Best mIoU_mid: 0.341448
2026-08-22 15:32:57,430 - Model-rank0 - INFO - CUDA memory after evaluation cleanup: allocated=0.017 GiB, reserved=0.447 GiB
2026-08-22 15:32:57,430 - Model-rank0 - INFO - **** Epoch 28/100 ****
2026-08-22 15:32:57,430 - Model-rank0 - INFO - Learning rate:0.000490
2026-08-22 15:43:32,249 - Model-rank0 - INFO - CUDA memory after training cleanup: allocated=0.017 GiB, reserved=0.453 GiB
2026-08-22 15:43:32,249 - Model-rank0 - INFO - Training mean loss: 0.374344
2026-08-22 15:43:32,249 - Model-rank0 - INFO - Training accuracy (IoU) of prediction: 0.535566
2026-08-22 15:43:32,249 - Model-rank0 - INFO - Training pixel precision: 0.797715
2026-08-22 15:43:32,249 - Model-rank0 - INFO - Training pixel recall: 0.619731
2026-08-22 15:43:32,249 - Model-rank0 - INFO - Training pixel F1: 0.697549
2026-08-22 15:43:32,249 - Model-rank0 - INFO - Training loss component tversky: 0.232813
2026-08-22 15:43:32,249 - Model-rank0 - INFO - Training loss component dice: 0.258535
2026-08-22 15:43:32,249 - Model-rank0 - INFO - Training loss component hard_margin: 1.027508
2026-08-22 15:43:32,249 - Model-rank0 - INFO - Training loss component hard_weight: 0.100000
2026-08-22 15:43:32,249 - Model-rank0 - INFO - ---- EPOCH 028 EVALUATION ----
2026-08-22 15:48:40,495 - Model-rank0 - INFO - Eval mean loss: 0.780948
2026-08-22 15:48:40,495 - Model-rank0 - INFO - Eval avg class IoU of prediction: 0.337316
2026-08-22 15:48:40,495 - Model-rank0 - INFO - Eval pixel precision: 0.739615
2026-08-22 15:48:40,495 - Model-rank0 - INFO - Eval pixel recall: 0.382771
2026-08-22 15:48:40,495 - Model-rank0 - INFO - Eval pixel F1: 0.504467
2026-08-22 15:48:40,495 - Model-rank0 - INFO - Early stopping eval_f1=0.504467; best=0.509074 at epoch 25; bad_epochs=3/30.
2026-08-22 15:48:40,523 - Model-rank0 - INFO - Saved recoverable checkpoint at /home/devbox/project/model/sjy/CSIG2026/Deeppro_v2/DeepPro-main/log/sem_seg/2026-08-22/SatVideoIRSDT_v1__2026-08-22_08-27-32__F1OHEM-brtd3_raw_apmd_hybrid_rms_scratch_seed47_E100/checkpoints/latest_model.pth
2026-08-22 15:48:40,524 - Model-rank0 - INFO - Best mIoU_mid: 0.341448
2026-08-22 15:48:40,663 - Model-rank0 - INFO - CUDA memory after evaluation cleanup: allocated=0.017 GiB, reserved=0.447 GiB
2026-08-22 15:48:40,663 - Model-rank0 - INFO - **** Epoch 29/100 ****
2026-08-22 15:48:40,663 - Model-rank0 - INFO - Learning rate:0.000490
2026-08-22 15:59:30,221 - Model-rank0 - INFO - CUDA memory after training cleanup: allocated=0.017 GiB, reserved=0.451 GiB
2026-08-22 15:59:30,222 - Model-rank0 - INFO - Training mean loss: 0.376301
2026-08-22 15:59:30,222 - Model-rank0 - INFO - Training accuracy (IoU) of prediction: 0.528226
2026-08-22 15:59:30,222 - Model-rank0 - INFO - Training pixel precision: 0.795812
2026-08-22 15:59:30,222 - Model-rank0 - INFO - Training pixel recall: 0.611041
2026-08-22 15:59:30,222 - Model-rank0 - INFO - Training pixel F1: 0.691293
2026-08-22 15:59:30,222 - Model-rank0 - INFO - Training loss component tversky: 0.233531
2026-08-22 15:59:30,222 - Model-rank0 - INFO - Training loss component dice: 0.259041
2026-08-22 15:59:30,222 - Model-rank0 - INFO - Training loss component hard_margin: 1.039141
2026-08-22 15:59:30,222 - Model-rank0 - INFO - Training loss component hard_weight: 0.100000
2026-08-22 15:59:30,222 - Model-rank0 - INFO - ---- EPOCH 029 EVALUATION ----
2026-08-22 16:04:36,183 - Model-rank0 - INFO - Eval mean loss: 0.788450
2026-08-22 16:04:36,183 - Model-rank0 - INFO - Eval avg class IoU of prediction: 0.335455
2026-08-22 16:04:36,183 - Model-rank0 - INFO - Eval pixel precision: 0.777154
2026-08-22 16:04:36,183 - Model-rank0 - INFO - Eval pixel recall: 0.371156
2026-08-22 16:04:36,183 - Model-rank0 - INFO - Eval pixel F1: 0.502383
2026-08-22 16:04:36,183 - Model-rank0 - INFO - Early stopping eval_f1=0.502383; best=0.509074 at epoch 25; bad_epochs=4/30.
2026-08-22 16:04:36,210 - Model-rank0 - INFO - Saved recoverable checkpoint at /home/devbox/project/model/sjy/CSIG2026/Deeppro_v2/DeepPro-main/log/sem_seg/2026-08-22/SatVideoIRSDT_v1__2026-08-22_08-27-32__F1OHEM-brtd3_raw_apmd_hybrid_rms_scratch_seed47_E100/checkpoints/latest_model.pth
2026-08-22 16:04:36,210 - Model-rank0 - INFO - Best mIoU_mid: 0.341448
2026-08-22 16:04:36,316 - Model-rank0 - INFO - CUDA memory after evaluation cleanup: allocated=0.017 GiB, reserved=0.447 GiB
2026-08-22 16:04:36,317 - Model-rank0 - INFO - **** Epoch 30/100 ****
2026-08-22 16:04:36,317 - Model-rank0 - INFO - Learning rate:0.000490
2026-08-22 16:15:27,683 - Model-rank0 - INFO - CUDA memory after training cleanup: allocated=0.017 GiB, reserved=0.451 GiB
2026-08-22 16:15:27,683 - Model-rank0 - INFO - Training mean loss: 0.369010
2026-08-22 16:15:27,684 - Model-rank0 - INFO - Training accuracy (IoU) of prediction: 0.551221
2026-08-22 16:15:27,684 - Model-rank0 - INFO - Training pixel precision: 0.799580
2026-08-22 16:15:27,684 - Model-rank0 - INFO - Training pixel recall: 0.639592
2026-08-22 16:15:27,684 - Model-rank0 - INFO - Training pixel F1: 0.710693
2026-08-22 16:15:27,684 - Model-rank0 - INFO - Training loss component tversky: 0.228853
2026-08-22 16:15:27,684 - Model-rank0 - INFO - Training loss component dice: 0.254038
2026-08-22 16:15:27,684 - Model-rank0 - INFO - Training loss component hard_margin: 1.020517
2026-08-22 16:15:27,684 - Model-rank0 - INFO - Training loss component hard_weight: 0.100000
2026-08-22 16:15:27,684 - Model-rank0 - INFO - ---- EPOCH 030 EVALUATION ----
2026-08-22 16:20:32,584 - Model-rank0 - INFO - Eval mean loss: 0.779499
2026-08-22 16:20:32,585 - Model-rank0 - INFO - Eval avg class IoU of prediction: 0.342797
2026-08-22 16:20:32,585 - Model-rank0 - INFO - Eval pixel precision: 0.790554
2026-08-22 16:20:32,585 - Model-rank0 - INFO - Eval pixel recall: 0.377039
2026-08-22 16:20:32,585 - Model-rank0 - INFO - Eval pixel F1: 0.510571
2026-08-22 16:20:32,585 - Model-rank0 - INFO - Early stopping eval_f1=0.510571; best=0.510571 at epoch 30; bad_epochs=0/30.
2026-08-22 16:20:32,613 - Model-rank0 - INFO - Saved recoverable checkpoint at /home/devbox/project/model/sjy/CSIG2026/Deeppro_v2/DeepPro-main/log/sem_seg/2026-08-22/SatVideoIRSDT_v1__2026-08-22_08-27-32__F1OHEM-brtd3_raw_apmd_hybrid_rms_scratch_seed47_E100/checkpoints/latest_model.pth
2026-08-22 16:20:32,637 - Model-rank0 - INFO - Saved epoch checkpoint at /home/devbox/project/model/sjy/CSIG2026/Deeppro_v2/DeepPro-main/log/sem_seg/2026-08-22/SatVideoIRSDT_v1__2026-08-22_08-27-32__F1OHEM-brtd3_raw_apmd_hybrid_rms_scratch_seed47_E100/checkpoints/epoch_30_model.pth
2026-08-22 16:20:32,659 - Model-rank0 - INFO - Saved best checkpoint at /home/devbox/project/model/sjy/CSIG2026/Deeppro_v2/DeepPro-main/log/sem_seg/2026-08-22/SatVideoIRSDT_v1__2026-08-22_08-27-32__F1OHEM-brtd3_raw_apmd_hybrid_rms_scratch_seed47_E100/checkpoints/best_model.pth
2026-08-22 16:20:32,681 - Model-rank0 - INFO - Saved early-stopping best checkpoint at /home/devbox/project/model/sjy/CSIG2026/Deeppro_v2/DeepPro-main/log/sem_seg/2026-08-22/SatVideoIRSDT_v1__2026-08-22_08-27-32__F1OHEM-brtd3_raw_apmd_hybrid_rms_scratch_seed47_E100/checkpoints/early_stopping_best_model.pth
2026-08-22 16:20:32,681 - Model-rank0 - INFO - Best mIoU_mid: 0.342797
2026-08-22 16:20:32,868 - Model-rank0 - INFO - CUDA memory after evaluation cleanup: allocated=0.017 GiB, reserved=0.447 GiB
2026-08-22 16:20:32,868 - Model-rank0 - INFO - **** Epoch 31/100 ****
2026-08-22 16:20:32,868 - Model-rank0 - INFO - Learning rate:0.000343
2026-08-22 16:31:23,899 - Model-rank0 - INFO - CUDA memory after training cleanup: allocated=0.017 GiB, reserved=0.451 GiB
2026-08-22 16:31:23,899 - Model-rank0 - INFO - Training mean loss: 0.357501
2026-08-22 16:31:23,899 - Model-rank0 - INFO - Training accuracy (IoU) of prediction: 0.555203
2026-08-22 16:31:23,899 - Model-rank0 - INFO - Training pixel precision: 0.809003
2026-08-22 16:31:23,899 - Model-rank0 - INFO - Training pixel recall: 0.638956
2026-08-22 16:31:23,899 - Model-rank0 - INFO - Training pixel F1: 0.713994
2026-08-22 16:31:23,899 - Model-rank0 - INFO - Training loss component tversky: 0.222156
2026-08-22 16:31:23,899 - Model-rank0 - INFO - Training loss component dice: 0.246321
2026-08-22 16:31:23,899 - Model-rank0 - INFO - Training loss component hard_margin: 0.983965
2026-08-22 16:31:23,899 - Model-rank0 - INFO - Training loss component hard_weight: 0.100000
2026-08-22 16:31:23,899 - Model-rank0 - INFO - ---- EPOCH 031 EVALUATION ----
2026-08-22 16:36:33,277 - Model-rank0 - INFO - Eval mean loss: 0.776570
2026-08-22 16:36:33,278 - Model-rank0 - INFO - Eval avg class IoU of prediction: 0.348341
2026-08-22 16:36:33,278 - Model-rank0 - INFO - Eval pixel precision: 0.725709
2026-08-22 16:36:33,278 - Model-rank0 - INFO - Eval pixel recall: 0.401157
2026-08-22 16:36:33,278 - Model-rank0 - INFO - Eval pixel F1: 0.516696
2026-08-22 16:36:33,278 - Model-rank0 - INFO - Early stopping eval_f1=0.516696; best=0.516696 at epoch 31; bad_epochs=0/30.
2026-08-22 16:36:33,302 - Model-rank0 - INFO - Saved recoverable checkpoint at /home/devbox/project/model/sjy/CSIG2026/Deeppro_v2/DeepPro-main/log/sem_seg/2026-08-22/SatVideoIRSDT_v1__2026-08-22_08-27-32__F1OHEM-brtd3_raw_apmd_hybrid_rms_scratch_seed47_E100/checkpoints/latest_model.pth
2026-08-22 16:36:33,321 - Model-rank0 - INFO - Saved epoch checkpoint at /home/devbox/project/model/sjy/CSIG2026/Deeppro_v2/DeepPro-main/log/sem_seg/2026-08-22/SatVideoIRSDT_v1__2026-08-22_08-27-32__F1OHEM-brtd3_raw_apmd_hybrid_rms_scratch_seed47_E100/checkpoints/epoch_31_model.pth
2026-08-22 16:36:33,342 - Model-rank0 - INFO - Saved best checkpoint at /home/devbox/project/model/sjy/CSIG2026/Deeppro_v2/DeepPro-main/log/sem_seg/2026-08-22/SatVideoIRSDT_v1__2026-08-22_08-27-32__F1OHEM-brtd3_raw_apmd_hybrid_rms_scratch_seed47_E100/checkpoints/best_model.pth
2026-08-22 16:36:33,361 - Model-rank0 - INFO - Saved early-stopping best checkpoint at /home/devbox/project/model/sjy/CSIG2026/Deeppro_v2/DeepPro-main/log/sem_seg/2026-08-22/SatVideoIRSDT_v1__2026-08-22_08-27-32__F1OHEM-brtd3_raw_apmd_hybrid_rms_scratch_seed47_E100/checkpoints/early_stopping_best_model.pth
2026-08-22 16:36:33,362 - Model-rank0 - INFO - Best mIoU_mid: 0.348341
2026-08-22 16:36:33,494 - Model-rank0 - INFO - CUDA memory after evaluation cleanup: allocated=0.017 GiB, reserved=0.447 GiB
2026-08-22 16:36:33,494 - Model-rank0 - INFO - **** Epoch 32/100 ****
2026-08-22 16:36:33,494 - Model-rank0 - INFO - Learning rate:0.000343
2026-08-22 16:47:20,014 - Model-rank0 - INFO - CUDA memory after training cleanup: allocated=0.017 GiB, reserved=0.449 GiB
2026-08-22 16:47:20,014 - Model-rank0 - INFO - Training mean loss: 0.354897
2026-08-22 16:47:20,014 - Model-rank0 - INFO - Training accuracy (IoU) of prediction: 0.555679
2026-08-22 16:47:20,014 - Model-rank0 - INFO - Training pixel precision: 0.813138
2026-08-22 16:47:20,014 - Model-rank0 - INFO - Training pixel recall: 0.637025
2026-08-22 16:47:20,014 - Model-rank0 - INFO - Training pixel F1: 0.714388
2026-08-22 16:47:20,014 - Model-rank0 - INFO - Training loss component tversky: 0.221411
2026-08-22 16:47:20,014 - Model-rank0 - INFO - Training loss component dice: 0.245301
2026-08-22 16:47:20,014 - Model-rank0 - INFO - Training loss component hard_margin: 0.966914
2026-08-22 16:47:20,015 - Model-rank0 - INFO - Training loss component hard_weight: 0.100000
2026-08-22 16:47:20,015 - Model-rank0 - INFO - ---- EPOCH 032 EVALUATION ----
2026-08-22 16:52:28,973 - Model-rank0 - INFO - Eval mean loss: 0.782781
2026-08-22 16:52:28,973 - Model-rank0 - INFO - Eval avg class IoU of prediction: 0.342035
2026-08-22 16:52:28,973 - Model-rank0 - INFO - Eval pixel precision: 0.762387
2026-08-22 16:52:28,973 - Model-rank0 - INFO - Eval pixel recall: 0.382847
2026-08-22 16:52:28,973 - Model-rank0 - INFO - Eval pixel F1: 0.509726
2026-08-22 16:52:28,973 - Model-rank0 - INFO - Early stopping eval_f1=0.509726; best=0.516696 at epoch 31; bad_epochs=1/30.
2026-08-22 16:52:29,003 - Model-rank0 - INFO - Saved recoverable checkpoint at /home/devbox/project/model/sjy/CSIG2026/Deeppro_v2/DeepPro-main/log/sem_seg/2026-08-22/SatVideoIRSDT_v1__2026-08-22_08-27-32__F1OHEM-brtd3_raw_apmd_hybrid_rms_scratch_seed47_E100/checkpoints/latest_model.pth
2026-08-22 16:52:29,003 - Model-rank0 - INFO - Best mIoU_mid: 0.348341
2026-08-22 16:52:29,128 - Model-rank0 - INFO - CUDA memory after evaluation cleanup: allocated=0.017 GiB, reserved=0.447 GiB
2026-08-22 16:52:29,128 - Model-rank0 - INFO - **** Epoch 33/100 ****
2026-08-22 16:52:29,128 - Model-rank0 - INFO - Learning rate:0.000343
2026-08-22 17:03:16,574 - Model-rank0 - INFO - CUDA memory after training cleanup: allocated=0.017 GiB, reserved=0.451 GiB
2026-08-22 17:03:16,574 - Model-rank0 - INFO - Training mean loss: 0.356758
2026-08-22 17:03:16,574 - Model-rank0 - INFO - Training accuracy (IoU) of prediction: 0.553228
2026-08-22 17:03:16,574 - Model-rank0 - INFO - Training pixel precision: 0.809599
2026-08-22 17:03:16,574 - Model-rank0 - INFO - Training pixel recall: 0.635973
2026-08-22 17:03:16,574 - Model-rank0 - INFO - Training pixel F1: 0.712359
2026-08-22 17:03:16,574 - Model-rank0 - INFO - Training loss component tversky: 0.222910
2026-08-22 17:03:16,574 - Model-rank0 - INFO - Training loss component dice: 0.246897
2026-08-22 17:03:16,574 - Model-rank0 - INFO - Training loss component hard_margin: 0.968135
2026-08-22 17:03:16,574 - Model-rank0 - INFO - Training loss component hard_weight: 0.100000
2026-08-22 17:03:16,574 - Model-rank0 - INFO - ---- EPOCH 033 EVALUATION ----
2026-08-22 17:08:27,891 - Model-rank0 - INFO - Eval mean loss: 0.781713
2026-08-22 17:08:27,891 - Model-rank0 - INFO - Eval avg class IoU of prediction: 0.339393
2026-08-22 17:08:27,891 - Model-rank0 - INFO - Eval pixel precision: 0.762752
2026-08-22 17:08:27,891 - Model-rank0 - INFO - Eval pixel recall: 0.379450
2026-08-22 17:08:27,891 - Model-rank0 - INFO - Eval pixel F1: 0.506787
2026-08-22 17:08:27,891 - Model-rank0 - INFO - Early stopping eval_f1=0.506787; best=0.516696 at epoch 31; bad_epochs=2/30.
2026-08-22 17:08:27,918 - Model-rank0 - INFO - Saved recoverable checkpoint at /home/devbox/project/model/sjy/CSIG2026/Deeppro_v2/DeepPro-main/log/sem_seg/2026-08-22/SatVideoIRSDT_v1__2026-08-22_08-27-32__F1OHEM-brtd3_raw_apmd_hybrid_rms_scratch_seed47_E100/checkpoints/latest_model.pth
2026-08-22 17:08:27,918 - Model-rank0 - INFO - Best mIoU_mid: 0.348341
2026-08-22 17:08:28,034 - Model-rank0 - INFO - CUDA memory after evaluation cleanup: allocated=0.017 GiB, reserved=0.447 GiB
2026-08-22 17:08:28,034 - Model-rank0 - INFO - **** Epoch 34/100 ****
2026-08-22 17:08:28,035 - Model-rank0 - INFO - Learning rate:0.000343
2026-08-22 17:18:46,170 - Model-rank0 - INFO - CUDA memory after training cleanup: allocated=0.017 GiB, reserved=0.449 GiB
2026-08-22 17:18:46,170 - Model-rank0 - INFO - Training mean loss: 0.357252
2026-08-22 17:18:46,170 - Model-rank0 - INFO - Training accuracy (IoU) of prediction: 0.557425
2026-08-22 17:18:46,170 - Model-rank0 - INFO - Training pixel precision: 0.803236
2026-08-22 17:18:46,170 - Model-rank0 - INFO - Training pixel recall: 0.645578
2026-08-22 17:18:46,170 - Model-rank0 - INFO - Training pixel F1: 0.715829
2026-08-22 17:18:46,170 - Model-rank0 - INFO - Training loss component tversky: 0.222760
2026-08-22 17:18:46,170 - Model-rank0 - INFO - Training loss component dice: 0.246757
2026-08-22 17:18:46,170 - Model-rank0 - INFO - Training loss component hard_margin: 0.974783
2026-08-22 17:18:46,170 - Model-rank0 - INFO - Training loss component hard_weight: 0.100000
2026-08-22 17:18:46,170 - Model-rank0 - INFO - ---- EPOCH 034 EVALUATION ----
2026-08-22 17:23:58,742 - Model-rank0 - INFO - Eval mean loss: 0.789149
2026-08-22 17:23:58,742 - Model-rank0 - INFO - Eval avg class IoU of prediction: 0.334730
2026-08-22 17:23:58,742 - Model-rank0 - INFO - Eval pixel precision: 0.793438
2026-08-22 17:23:58,743 - Model-rank0 - INFO - Eval pixel recall: 0.366684
2026-08-22 17:23:58,743 - Model-rank0 - INFO - Eval pixel F1: 0.501570
2026-08-22 17:23:58,743 - Model-rank0 - INFO - Early stopping eval_f1=0.501570; best=0.516696 at epoch 31; bad_epochs=3/30.
2026-08-22 17:23:58,778 - Model-rank0 - INFO - Saved recoverable checkpoint at /home/devbox/project/model/sjy/CSIG2026/Deeppro_v2/DeepPro-main/log/sem_seg/2026-08-22/SatVideoIRSDT_v1__2026-08-22_08-27-32__F1OHEM-brtd3_raw_apmd_hybrid_rms_scratch_seed47_E100/checkpoints/latest_model.pth
2026-08-22 17:23:58,779 - Model-rank0 - INFO - Best mIoU_mid: 0.348341
2026-08-22 17:23:58,927 - Model-rank0 - INFO - CUDA memory after evaluation cleanup: allocated=0.017 GiB, reserved=0.447 GiB
2026-08-22 17:23:58,927 - Model-rank0 - INFO - **** Epoch 35/100 ****
2026-08-22 17:23:58,927 - Model-rank0 - INFO - Learning rate:0.000343
2026-08-22 17:34:22,475 - Model-rank0 - INFO - CUDA memory after training cleanup: allocated=0.017 GiB, reserved=0.449 GiB
2026-08-22 17:34:22,475 - Model-rank0 - INFO - Training mean loss: 0.359593
2026-08-22 17:34:22,475 - Model-rank0 - INFO - Training accuracy (IoU) of prediction: 0.560768
2026-08-22 17:34:22,475 - Model-rank0 - INFO - Training pixel precision: 0.804213
2026-08-22 17:34:22,475 - Model-rank0 - INFO - Training pixel recall: 0.649427
2026-08-22 17:34:22,475 - Model-rank0 - INFO - Training pixel F1: 0.718579
2026-08-22 17:34:22,475 - Model-rank0 - INFO - Training loss component tversky: 0.224109
2026-08-22 17:34:22,475 - Model-rank0 - INFO - Training loss component dice: 0.248927
2026-08-22 17:34:22,475 - Model-rank0 - INFO - Training loss component hard_margin: 0.981451
2026-08-22 17:34:22,475 - Model-rank0 - INFO - Training loss component hard_weight: 0.100000
2026-08-22 17:34:22,475 - Model-rank0 - INFO - ---- EPOCH 035 EVALUATION ----
2026-08-22 17:39:38,323 - Model-rank0 - INFO - Eval mean loss: 0.790224
2026-08-22 17:39:38,323 - Model-rank0 - INFO - Eval avg class IoU of prediction: 0.337191
2026-08-22 17:39:38,323 - Model-rank0 - INFO - Eval pixel precision: 0.802844
2026-08-22 17:39:38,323 - Model-rank0 - INFO - Eval pixel recall: 0.367632
2026-08-22 17:39:38,323 - Model-rank0 - INFO - Eval pixel F1: 0.504327
2026-08-22 17:39:38,323 - Model-rank0 - INFO - Early stopping eval_f1=0.504327; best=0.516696 at epoch 31; bad_epochs=4/30.
2026-08-22 17:39:38,355 - Model-rank0 - INFO - Saved recoverable checkpoint at /home/devbox/project/model/sjy/CSIG2026/Deeppro_v2/DeepPro-main/log/sem_seg/2026-08-22/SatVideoIRSDT_v1__2026-08-22_08-27-32__F1OHEM-brtd3_raw_apmd_hybrid_rms_scratch_seed47_E100/checkpoints/latest_model.pth
2026-08-22 17:39:38,376 - Model-rank0 - INFO - Saved epoch checkpoint at /home/devbox/project/model/sjy/CSIG2026/Deeppro_v2/DeepPro-main/log/sem_seg/2026-08-22/SatVideoIRSDT_v1__2026-08-22_08-27-32__F1OHEM-brtd3_raw_apmd_hybrid_rms_scratch_seed47_E100/checkpoints/epoch_35_model.pth
2026-08-22 17:39:38,377 - Model-rank0 - INFO - Best mIoU_mid: 0.348341
2026-08-22 17:39:38,537 - Model-rank0 - INFO - CUDA memory after evaluation cleanup: allocated=0.017 GiB, reserved=0.447 GiB
2026-08-22 17:39:38,537 - Model-rank0 - INFO - **** Epoch 36/100 ****
2026-08-22 17:39:38,537 - Model-rank0 - INFO - Learning rate:0.000343
2026-08-22 17:49:32,752 - Model-rank0 - INFO - CUDA memory after training cleanup: allocated=0.017 GiB, reserved=0.449 GiB
2026-08-22 17:49:32,752 - Model-rank0 - INFO - Training mean loss: 0.354039
2026-08-22 17:49:32,752 - Model-rank0 - INFO - Training accuracy (IoU) of prediction: 0.556633
2026-08-22 17:49:32,752 - Model-rank0 - INFO - Training pixel precision: 0.811523
2026-08-22 17:49:32,752 - Model-rank0 - INFO - Training pixel recall: 0.639278
2026-08-22 17:49:32,752 - Model-rank0 - INFO - Training pixel F1: 0.715176
2026-08-22 17:49:32,752 - Model-rank0 - INFO - Training loss component tversky: 0.221567
2026-08-22 17:49:32,752 - Model-rank0 - INFO - Training loss component dice: 0.245113
2026-08-22 17:49:32,752 - Model-rank0 - INFO - Training loss component hard_margin: 0.957044
2026-08-22 17:49:32,752 - Model-rank0 - INFO - Training loss component hard_weight: 0.100000
2026-08-22 17:49:32,752 - Model-rank0 - INFO - ---- EPOCH 036 EVALUATION ----
2026-08-22 17:54:51,130 - Model-rank0 - INFO - Eval mean loss: 0.780717
2026-08-22 17:54:51,130 - Model-rank0 - INFO - Eval avg class IoU of prediction: 0.340030
2026-08-22 17:54:51,130 - Model-rank0 - INFO - Eval pixel precision: 0.780654
2026-08-22 17:54:51,130 - Model-rank0 - INFO - Eval pixel recall: 0.375948
2026-08-22 17:54:51,130 - Model-rank0 - INFO - Eval pixel F1: 0.507496
2026-08-22 17:54:51,130 - Model-rank0 - INFO - Early stopping eval_f1=0.507496; best=0.516696 at epoch 31; bad_epochs=5/30.
2026-08-22 17:54:51,162 - Model-rank0 - INFO - Saved recoverable checkpoint at /home/devbox/project/model/sjy/CSIG2026/Deeppro_v2/DeepPro-main/log/sem_seg/2026-08-22/SatVideoIRSDT_v1__2026-08-22_08-27-32__F1OHEM-brtd3_raw_apmd_hybrid_rms_scratch_seed47_E100/checkpoints/latest_model.pth
2026-08-22 17:54:51,162 - Model-rank0 - INFO - Best mIoU_mid: 0.348341
2026-08-22 17:54:51,301 - Model-rank0 - INFO - CUDA memory after evaluation cleanup: allocated=0.017 GiB, reserved=0.447 GiB
2026-08-22 17:54:51,301 - Model-rank0 - INFO - **** Epoch 37/100 ****
2026-08-22 17:54:51,301 - Model-rank0 - INFO - Learning rate:0.000343
2026-08-22 18:03:44,349 - Model-rank0 - INFO - CUDA memory after training cleanup: allocated=0.017 GiB, reserved=0.449 GiB
2026-08-22 18:03:44,350 - Model-rank0 - INFO - Training mean loss: 0.358237
2026-08-22 18:03:44,350 - Model-rank0 - INFO - Training accuracy (IoU) of prediction: 0.567846
2026-08-22 18:03:44,350 - Model-rank0 - INFO - Training pixel precision: 0.813661
2026-08-22 18:03:44,350 - Model-rank0 - INFO - Training pixel recall: 0.652729
2026-08-22 18:03:44,350 - Model-rank0 - INFO - Training pixel F1: 0.724364
2026-08-22 18:03:44,350 - Model-rank0 - INFO - Training loss component tversky: 0.223186
2026-08-22 18:03:44,350 - Model-rank0 - INFO - Training loss component dice: 0.248162
2026-08-22 18:03:44,350 - Model-rank0 - INFO - Training loss component hard_margin: 0.978270
2026-08-22 18:03:44,350 - Model-rank0 - INFO - Training loss component hard_weight: 0.100000
2026-08-22 18:03:44,350 - Model-rank0 - INFO - ---- EPOCH 037 EVALUATION ----
2026-08-22 18:09:01,785 - Model-rank0 - INFO - Eval mean loss: 0.771769
2026-08-22 18:09:01,785 - Model-rank0 - INFO - Eval avg class IoU of prediction: 0.348677
2026-08-22 18:09:01,785 - Model-rank0 - INFO - Eval pixel precision: 0.769797
2026-08-22 18:09:01,786 - Model-rank0 - INFO - Eval pixel recall: 0.389266
2026-08-22 18:09:01,786 - Model-rank0 - INFO - Eval pixel F1: 0.517066
2026-08-22 18:09:01,786 - Model-rank0 - INFO - Early stopping eval_f1=0.517066; best=0.517066 at epoch 37; bad_epochs=0/30.
2026-08-22 18:09:01,821 - Model-rank0 - INFO - Saved recoverable checkpoint at /home/devbox/project/model/sjy/CSIG2026/Deeppro_v2/DeepPro-main/log/sem_seg/2026-08-22/SatVideoIRSDT_v1__2026-08-22_08-27-32__F1OHEM-brtd3_raw_apmd_hybrid_rms_scratch_seed47_E100/checkpoints/latest_model.pth
2026-08-22 18:09:01,843 - Model-rank0 - INFO - Saved epoch checkpoint at /home/devbox/project/model/sjy/CSIG2026/Deeppro_v2/DeepPro-main/log/sem_seg/2026-08-22/SatVideoIRSDT_v1__2026-08-22_08-27-32__F1OHEM-brtd3_raw_apmd_hybrid_rms_scratch_seed47_E100/checkpoints/epoch_37_model.pth
2026-08-22 18:09:01,867 - Model-rank0 - INFO - Saved best checkpoint at /home/devbox/project/model/sjy/CSIG2026/Deeppro_v2/DeepPro-main/log/sem_seg/2026-08-22/SatVideoIRSDT_v1__2026-08-22_08-27-32__F1OHEM-brtd3_raw_apmd_hybrid_rms_scratch_seed47_E100/checkpoints/best_model.pth
2026-08-22 18:09:01,891 - Model-rank0 - INFO - Saved early-stopping best checkpoint at /home/devbox/project/model/sjy/CSIG2026/Deeppro_v2/DeepPro-main/log/sem_seg/2026-08-22/SatVideoIRSDT_v1__2026-08-22_08-27-32__F1OHEM-brtd3_raw_apmd_hybrid_rms_scratch_seed47_E100/checkpoints/early_stopping_best_model.pth
2026-08-22 18:09:01,891 - Model-rank0 - INFO - Best mIoU_mid: 0.348677
2026-08-22 18:09:02,038 - Model-rank0 - INFO - CUDA memory after evaluation cleanup: allocated=0.017 GiB, reserved=0.447 GiB
2026-08-22 18:09:02,038 - Model-rank0 - INFO - **** Epoch 38/100 ****
2026-08-22 18:09:02,038 - Model-rank0 - INFO - Learning rate:0.000343
2026-08-22 18:17:53,561 - Model-rank0 - INFO - CUDA memory after training cleanup: allocated=0.017 GiB, reserved=0.449 GiB
2026-08-22 18:17:53,561 - Model-rank0 - INFO - Training mean loss: 0.344629
2026-08-22 18:17:53,561 - Model-rank0 - INFO - Training accuracy (IoU) of prediction: 0.581029
2026-08-22 18:17:53,562 - Model-rank0 - INFO - Training pixel precision: 0.817407
2026-08-22 18:17:53,562 - Model-rank0 - INFO - Training pixel recall: 0.667689
2026-08-22 18:17:53,562 - Model-rank0 - INFO - Training pixel F1: 0.735001
2026-08-22 18:17:53,562 - Model-rank0 - INFO - Training loss component tversky: 0.215084
2026-08-22 18:17:53,562 - Model-rank0 - INFO - Training loss component dice: 0.238023
2026-08-22 18:17:53,562 - Model-rank0 - INFO - Training loss component hard_margin: 0.938409
2026-08-22 18:17:53,562 - Model-rank0 - INFO - Training loss component hard_weight: 0.100000
2026-08-22 18:17:53,562 - Model-rank0 - INFO - ---- EPOCH 038 EVALUATION ----
2026-08-22 18:23:12,379 - Model-rank0 - INFO - Eval mean loss: 0.777260
2026-08-22 18:23:12,379 - Model-rank0 - INFO - Eval avg class IoU of prediction: 0.343940
2026-08-22 18:23:12,379 - Model-rank0 - INFO - Eval pixel precision: 0.798821
2026-08-22 18:23:12,379 - Model-rank0 - INFO - Eval pixel recall: 0.376557
2026-08-22 18:23:12,379 - Model-rank0 - INFO - Eval pixel F1: 0.511838
2026-08-22 18:23:12,380 - Model-rank0 - INFO - Early stopping eval_f1=0.511838; best=0.517066 at epoch 37; bad_epochs=1/30.
2026-08-22 18:23:12,414 - Model-rank0 - INFO - Saved recoverable checkpoint at /home/devbox/project/model/sjy/CSIG2026/Deeppro_v2/DeepPro-main/log/sem_seg/2026-08-22/SatVideoIRSDT_v1__2026-08-22_08-27-32__F1OHEM-brtd3_raw_apmd_hybrid_rms_scratch_seed47_E100/checkpoints/latest_model.pth
2026-08-22 18:23:12,414 - Model-rank0 - INFO - Best mIoU_mid: 0.348677
2026-08-22 18:23:12,574 - Model-rank0 - INFO - CUDA memory after evaluation cleanup: allocated=0.017 GiB, reserved=0.447 GiB
2026-08-22 18:23:12,574 - Model-rank0 - INFO - **** Epoch 39/100 ****
2026-08-22 18:23:12,574 - Model-rank0 - INFO - Learning rate:0.000343
2026-08-22 18:32:23,853 - Model-rank0 - INFO - CUDA memory after training cleanup: allocated=0.017 GiB, reserved=0.449 GiB
2026-08-22 18:32:23,853 - Model-rank0 - INFO - Training mean loss: 0.357169
2026-08-22 18:32:23,853 - Model-rank0 - INFO - Training accuracy (IoU) of prediction: 0.563656
2026-08-22 18:32:23,854 - Model-rank0 - INFO - Training pixel precision: 0.811187
2026-08-22 18:32:23,854 - Model-rank0 - INFO - Training pixel recall: 0.648773
2026-08-22 18:32:23,854 - Model-rank0 - INFO - Training pixel F1: 0.720946
2026-08-22 18:32:23,854 - Model-rank0 - INFO - Training loss component tversky: 0.223138
2026-08-22 18:32:23,854 - Model-rank0 - INFO - Training loss component dice: 0.247660
2026-08-22 18:32:23,854 - Model-rank0 - INFO - Training loss component hard_margin: 0.968821
2026-08-22 18:32:23,854 - Model-rank0 - INFO - Training loss component hard_weight: 0.100000
2026-08-22 18:32:23,854 - Model-rank0 - INFO - ---- EPOCH 039 EVALUATION ----
2026-08-22 18:37:43,315 - Model-rank0 - INFO - Eval mean loss: 0.777640
2026-08-22 18:37:43,315 - Model-rank0 - INFO - Eval avg class IoU of prediction: 0.342210
2026-08-22 18:37:43,315 - Model-rank0 - INFO - Eval pixel precision: 0.800273
2026-08-22 18:37:43,315 - Model-rank0 - INFO - Eval pixel recall: 0.374166
2026-08-22 18:37:43,315 - Model-rank0 - INFO - Eval pixel F1: 0.509920
2026-08-22 18:37:43,315 - Model-rank0 - INFO - Early stopping eval_f1=0.509920; best=0.517066 at epoch 37; bad_epochs=2/30.
2026-08-22 18:37:43,343 - Model-rank0 - INFO - Saved recoverable checkpoint at /home/devbox/project/model/sjy/CSIG2026/Deeppro_v2/DeepPro-main/log/sem_seg/2026-08-22/SatVideoIRSDT_v1__2026-08-22_08-27-32__F1OHEM-brtd3_raw_apmd_hybrid_rms_scratch_seed47_E100/checkpoints/latest_model.pth
2026-08-22 18:37:43,343 - Model-rank0 - INFO - Best mIoU_mid: 0.348677
2026-08-22 18:37:43,525 - Model-rank0 - INFO - CUDA memory after evaluation cleanup: allocated=0.017 GiB, reserved=0.447 GiB
2026-08-22 18:37:43,525 - Model-rank0 - INFO - **** Epoch 40/100 ****
2026-08-22 18:37:43,525 - Model-rank0 - INFO - Learning rate:0.000343
2026-08-22 18:47:16,552 - Model-rank0 - INFO - CUDA memory after training cleanup: allocated=0.017 GiB, reserved=0.449 GiB
2026-08-22 18:47:16,552 - Model-rank0 - INFO - Training mean loss: 0.357643
2026-08-22 18:47:16,552 - Model-rank0 - INFO - Training accuracy (IoU) of prediction: 0.550834
2026-08-22 18:47:16,552 - Model-rank0 - INFO - Training pixel precision: 0.810480
2026-08-22 18:47:16,552 - Model-rank0 - INFO - Training pixel recall: 0.632274
2026-08-22 18:47:16,552 - Model-rank0 - INFO - Training pixel F1: 0.710371
2026-08-22 18:47:16,552 - Model-rank0 - INFO - Training loss component tversky: 0.224194
2026-08-22 18:47:16,552 - Model-rank0 - INFO - Training loss component dice: 0.248070
2026-08-22 18:47:16,552 - Model-rank0 - INFO - Training loss component hard_margin: 0.962383
2026-08-22 18:47:16,552 - Model-rank0 - INFO - Training loss component hard_weight: 0.100000
2026-08-22 18:47:16,552 - Model-rank0 - INFO - ---- EPOCH 040 EVALUATION ----
2026-08-22 18:52:28,021 - Model-rank0 - INFO - Eval mean loss: 0.776845
2026-08-22 18:52:28,021 - Model-rank0 - INFO - Eval avg class IoU of prediction: 0.340739
2026-08-22 18:52:28,021 - Model-rank0 - INFO - Eval pixel precision: 0.770067
2026-08-22 18:52:28,021 - Model-rank0 - INFO - Eval pixel recall: 0.379333
2026-08-22 18:52:28,022 - Model-rank0 - INFO - Eval pixel F1: 0.508286
2026-08-22 18:52:28,022 - Model-rank0 - INFO - Early stopping eval_f1=0.508286; best=0.517066 at epoch 37; bad_epochs=3/30.
2026-08-22 18:52:28,066 - Model-rank0 - INFO - Saved recoverable checkpoint at /home/devbox/project/model/sjy/CSIG2026/Deeppro_v2/DeepPro-main/log/sem_seg/2026-08-22/SatVideoIRSDT_v1__2026-08-22_08-27-32__F1OHEM-brtd3_raw_apmd_hybrid_rms_scratch_seed47_E100/checkpoints/latest_model.pth
2026-08-22 18:52:28,085 - Model-rank0 - INFO - Saved epoch checkpoint at /home/devbox/project/model/sjy/CSIG2026/Deeppro_v2/DeepPro-main/log/sem_seg/2026-08-22/SatVideoIRSDT_v1__2026-08-22_08-27-32__F1OHEM-brtd3_raw_apmd_hybrid_rms_scratch_seed47_E100/checkpoints/epoch_40_model.pth
2026-08-22 18:52:28,086 - Model-rank0 - INFO - Best mIoU_mid: 0.348677
2026-08-22 18:52:28,209 - Model-rank0 - INFO - CUDA memory after evaluation cleanup: allocated=0.017 GiB, reserved=0.447 GiB
2026-08-22 18:52:28,209 - Model-rank0 - INFO - **** Epoch 41/100 ****
2026-08-22 18:52:28,209 - Model-rank0 - INFO - Learning rate:0.000240
2026-08-22 19:02:07,603 - Model-rank0 - INFO - CUDA memory after training cleanup: allocated=0.017 GiB, reserved=0.453 GiB
2026-08-22 19:02:07,603 - Model-rank0 - INFO - Training mean loss: 0.345483
2026-08-22 19:02:07,603 - Model-rank0 - INFO - Training accuracy (IoU) of prediction: 0.582435
2026-08-22 19:02:07,603 - Model-rank0 - INFO - Training pixel precision: 0.819641
2026-08-22 19:02:07,603 - Model-rank0 - INFO - Training pixel recall: 0.668055
2026-08-22 19:02:07,604 - Model-rank0 - INFO - Training pixel F1: 0.736125
2026-08-22 19:02:07,604 - Model-rank0 - INFO - Training loss component tversky: 0.216388
2026-08-22 19:02:07,604 - Model-rank0 - INFO - Training loss component dice: 0.239844
2026-08-22 19:02:07,604 - Model-rank0 - INFO - Training loss component hard_margin: 0.931181
2026-08-22 19:02:07,604 - Model-rank0 - INFO - Training loss component hard_weight: 0.100000
2026-08-22 19:02:07,604 - Model-rank0 - INFO - ---- EPOCH 041 EVALUATION ----
2026-08-22 19:07:17,526 - Model-rank0 - INFO - Eval mean loss: 0.758996
2026-08-22 19:07:17,527 - Model-rank0 - INFO - Eval avg class IoU of prediction: 0.348121
2026-08-22 19:07:17,527 - Model-rank0 - INFO - Eval pixel precision: 0.776637
2026-08-22 19:07:17,527 - Model-rank0 - INFO - Eval pixel recall: 0.386853
2026-08-22 19:07:17,527 - Model-rank0 - INFO - Eval pixel F1: 0.516454
2026-08-22 19:07:17,527 - Model-rank0 - INFO - Early stopping eval_f1=0.516454; best=0.517066 at epoch 37; bad_epochs=4/30.
2026-08-22 19:07:17,566 - Model-rank0 - INFO - Saved recoverable checkpoint at /home/devbox/project/model/sjy/CSIG2026/Deeppro_v2/DeepPro-main/log/sem_seg/2026-08-22/SatVideoIRSDT_v1__2026-08-22_08-27-32__F1OHEM-brtd3_raw_apmd_hybrid_rms_scratch_seed47_E100/checkpoints/latest_model.pth
2026-08-22 19:07:17,566 - Model-rank0 - INFO - Best mIoU_mid: 0.348677
2026-08-22 19:07:17,706 - Model-rank0 - INFO - CUDA memory after evaluation cleanup: allocated=0.017 GiB, reserved=0.447 GiB
2026-08-22 19:07:17,706 - Model-rank0 - INFO - **** Epoch 42/100 ****
2026-08-22 19:07:17,706 - Model-rank0 - INFO - Learning rate:0.000240
2026-08-22 19:17:28,465 - Model-rank0 - INFO - CUDA memory after training cleanup: allocated=0.017 GiB, reserved=0.449 GiB
2026-08-22 19:17:28,465 - Model-rank0 - INFO - Training mean loss: 0.342473
2026-08-22 19:17:28,465 - Model-rank0 - INFO - Training accuracy (IoU) of prediction: 0.584633
2026-08-22 19:17:28,465 - Model-rank0 - INFO - Training pixel precision: 0.818466
2026-08-22 19:17:28,465 - Model-rank0 - INFO - Training pixel recall: 0.671738
2026-08-22 19:17:28,465 - Model-rank0 - INFO - Training pixel F1: 0.737879
2026-08-22 19:17:28,465 - Model-rank0 - INFO - Training loss component tversky: 0.214183
2026-08-22 19:17:28,466 - Model-rank0 - INFO - Training loss component dice: 0.237638
2026-08-22 19:17:28,466 - Model-rank0 - INFO - Training loss component hard_margin: 0.926445
2026-08-22 19:17:28,466 - Model-rank0 - INFO - Training loss component hard_weight: 0.100000
2026-08-22 19:17:28,466 - Model-rank0 - INFO - ---- EPOCH 042 EVALUATION ----
2026-08-22 19:22:36,414 - Model-rank0 - INFO - Eval mean loss: 0.772992
2026-08-22 19:22:36,415 - Model-rank0 - INFO - Eval avg class IoU of prediction: 0.339034
2026-08-22 19:22:36,415 - Model-rank0 - INFO - Eval pixel precision: 0.784799
2026-08-22 19:22:36,415 - Model-rank0 - INFO - Eval pixel recall: 0.373784
2026-08-22 19:22:36,415 - Model-rank0 - INFO - Eval pixel F1: 0.506386
2026-08-22 19:22:36,415 - Model-rank0 - INFO - Early stopping eval_f1=0.506386; best=0.517066 at epoch 37; bad_epochs=5/30.
2026-08-22 19:22:36,449 - Model-rank0 - INFO - Saved recoverable checkpoint at /home/devbox/project/model/sjy/CSIG2026/Deeppro_v2/DeepPro-main/log/sem_seg/2026-08-22/SatVideoIRSDT_v1__2026-08-22_08-27-32__F1OHEM-brtd3_raw_apmd_hybrid_rms_scratch_seed47_E100/checkpoints/latest_model.pth
2026-08-22 19:22:36,449 - Model-rank0 - INFO - Best mIoU_mid: 0.348677
2026-08-22 19:22:36,688 - Model-rank0 - INFO - CUDA memory after evaluation cleanup: allocated=0.017 GiB, reserved=0.447 GiB
2026-08-22 19:22:36,689 - Model-rank0 - INFO - **** Epoch 43/100 ****
2026-08-22 19:22:36,689 - Model-rank0 - INFO - Learning rate:0.000240
2026-08-22 19:32:26,272 - Model-rank0 - INFO - CUDA memory after training cleanup: allocated=0.017 GiB, reserved=0.449 GiB
2026-08-22 19:32:26,272 - Model-rank0 - INFO - Training mean loss: 0.341468
2026-08-22 19:32:26,272 - Model-rank0 - INFO - Training accuracy (IoU) of prediction: 0.572635
2026-08-22 19:32:26,272 - Model-rank0 - INFO - Training pixel precision: 0.818683
2026-08-22 19:32:26,272 - Model-rank0 - INFO - Training pixel recall: 0.655806
2026-08-22 19:32:26,272 - Model-rank0 - INFO - Training pixel F1: 0.728249
2026-08-22 19:32:26,272 - Model-rank0 - INFO - Training loss component tversky: 0.213280
2026-08-22 19:32:26,272 - Model-rank0 - INFO - Training loss component dice: 0.236305
2026-08-22 19:32:26,272 - Model-rank0 - INFO - Training loss component hard_margin: 0.927417
2026-08-22 19:32:26,273 - Model-rank0 - INFO - Training loss component hard_weight: 0.100000
2026-08-22 19:32:26,273 - Model-rank0 - INFO - ---- EPOCH 043 EVALUATION ----
2026-08-22 19:37:31,441 - Model-rank0 - INFO - Eval mean loss: 0.779111
2026-08-22 19:37:31,442 - Model-rank0 - INFO - Eval avg class IoU of prediction: 0.339225
2026-08-22 19:37:31,442 - Model-rank0 - INFO - Eval pixel precision: 0.800669
2026-08-22 19:37:31,442 - Model-rank0 - INFO - Eval pixel recall: 0.370516
2026-08-22 19:37:31,442 - Model-rank0 - INFO - Eval pixel F1: 0.506599
2026-08-22 19:37:31,442 - Model-rank0 - INFO - Early stopping eval_f1=0.506599; best=0.517066 at epoch 37; bad_epochs=6/30.
2026-08-22 19:37:31,472 - Model-rank0 - INFO - Saved recoverable checkpoint at /home/devbox/project/model/sjy/CSIG2026/Deeppro_v2/DeepPro-main/log/sem_seg/2026-08-22/SatVideoIRSDT_v1__2026-08-22_08-27-32__F1OHEM-brtd3_raw_apmd_hybrid_rms_scratch_seed47_E100/checkpoints/latest_model.pth
2026-08-22 19:37:31,472 - Model-rank0 - INFO - Best mIoU_mid: 0.348677
2026-08-22 19:37:31,610 - Model-rank0 - INFO - CUDA memory after evaluation cleanup: allocated=0.017 GiB, reserved=0.447 GiB
2026-08-22 19:37:31,611 - Model-rank0 - INFO - **** Epoch 44/100 ****
2026-08-22 19:37:31,611 - Model-rank0 - INFO - Learning rate:0.000240
2026-08-22 19:47:42,226 - Model-rank0 - INFO - CUDA memory after training cleanup: allocated=0.017 GiB, reserved=0.449 GiB
2026-08-22 19:47:42,227 - Model-rank0 - INFO - Training mean loss: 0.344677
2026-08-22 19:47:42,227 - Model-rank0 - INFO - Training accuracy (IoU) of prediction: 0.572301
2026-08-22 19:47:42,227 - Model-rank0 - INFO - Training pixel precision: 0.820763
2026-08-22 19:47:42,227 - Model-rank0 - INFO - Training pixel recall: 0.654042
2026-08-22 19:47:42,227 - Model-rank0 - INFO - Training pixel F1: 0.727979
2026-08-22 19:47:42,227 - Model-rank0 - INFO - Training loss component tversky: 0.215318
2026-08-22 19:47:42,227 - Model-rank0 - INFO - Training loss component dice: 0.238489
2026-08-22 19:47:42,227 - Model-rank0 - INFO - Training loss component hard_margin: 0.935852
2026-08-22 19:47:42,227 - Model-rank0 - INFO - Training loss component hard_weight: 0.100000
2026-08-22 19:47:42,227 - Model-rank0 - INFO - ---- EPOCH 044 EVALUATION ----
2026-08-22 19:52:40,609 - Model-rank0 - INFO - Eval mean loss: 0.780076
2026-08-22 19:52:40,610 - Model-rank0 - INFO - Eval avg class IoU of prediction: 0.339263
2026-08-22 19:52:40,610 - Model-rank0 - INFO - Eval pixel precision: 0.804050
2026-08-22 19:52:40,610 - Model-rank0 - INFO - Eval pixel recall: 0.369842
2026-08-22 19:52:40,610 - Model-rank0 - INFO - Eval pixel F1: 0.506642
2026-08-22 19:52:40,610 - Model-rank0 - INFO - Early stopping eval_f1=0.506642; best=0.517066 at epoch 37; bad_epochs=7/30.
2026-08-22 19:52:40,643 - Model-rank0 - INFO - Saved recoverable checkpoint at /home/devbox/project/model/sjy/CSIG2026/Deeppro_v2/DeepPro-main/log/sem_seg/2026-08-22/SatVideoIRSDT_v1__2026-08-22_08-27-32__F1OHEM-brtd3_raw_apmd_hybrid_rms_scratch_seed47_E100/checkpoints/latest_model.pth
2026-08-22 19:52:40,643 - Model-rank0 - INFO - Best mIoU_mid: 0.348677
2026-08-22 19:52:40,870 - Model-rank0 - INFO - CUDA memory after evaluation cleanup: allocated=0.017 GiB, reserved=0.447 GiB
2026-08-22 19:52:40,870 - Model-rank0 - INFO - **** Epoch 45/100 ****
2026-08-22 19:52:40,870 - Model-rank0 - INFO - Learning rate:0.000240
2026-08-22 20:02:49,461 - Model-rank0 - INFO - CUDA memory after training cleanup: allocated=0.017 GiB, reserved=0.449 GiB
2026-08-22 20:02:49,462 - Model-rank0 - INFO - Training mean loss: 0.334410
2026-08-22 20:02:49,462 - Model-rank0 - INFO - Training accuracy (IoU) of prediction: 0.592527
2026-08-22 20:02:49,462 - Model-rank0 - INFO - Training pixel precision: 0.822864
2026-08-22 20:02:49,462 - Model-rank0 - INFO - Training pixel recall: 0.679154
2026-08-22 20:02:49,462 - Model-rank0 - INFO - Training pixel F1: 0.744134
2026-08-22 20:02:49,462 - Model-rank0 - INFO - Training loss component tversky: 0.209425
2026-08-22 20:02:49,462 - Model-rank0 - INFO - Training loss component dice: 0.232042
2026-08-22 20:02:49,462 - Model-rank0 - INFO - Training loss component hard_margin: 0.901788
2026-08-22 20:02:49,462 - Model-rank0 - INFO - Training loss component hard_weight: 0.100000
2026-08-22 20:02:49,462 - Model-rank0 - INFO - ---- EPOCH 045 EVALUATION ----
2026-08-22 20:07:51,584 - Model-rank0 - INFO - Eval mean loss: 0.783548
2026-08-22 20:07:51,584 - Model-rank0 - INFO - Eval avg class IoU of prediction: 0.342208
2026-08-22 20:07:51,584 - Model-rank0 - INFO - Eval pixel precision: 0.801606
2026-08-22 20:07:51,585 - Model-rank0 - INFO - Eval pixel recall: 0.373873
2026-08-22 20:07:51,585 - Model-rank0 - INFO - Eval pixel F1: 0.509918
2026-08-22 20:07:51,585 - Model-rank0 - INFO - Early stopping eval_f1=0.509918; best=0.517066 at epoch 37; bad_epochs=8/30.
2026-08-22 20:07:51,617 - Model-rank0 - INFO - Saved recoverable checkpoint at /home/devbox/project/model/sjy/CSIG2026/Deeppro_v2/DeepPro-main/log/sem_seg/2026-08-22/SatVideoIRSDT_v1__2026-08-22_08-27-32__F1OHEM-brtd3_raw_apmd_hybrid_rms_scratch_seed47_E100/checkpoints/latest_model.pth
2026-08-22 20:07:51,640 - Model-rank0 - INFO - Saved epoch checkpoint at /home/devbox/project/model/sjy/CSIG2026/Deeppro_v2/DeepPro-main/log/sem_seg/2026-08-22/SatVideoIRSDT_v1__2026-08-22_08-27-32__F1OHEM-brtd3_raw_apmd_hybrid_rms_scratch_seed47_E100/checkpoints/epoch_45_model.pth
2026-08-22 20:07:51,640 - Model-rank0 - INFO - Best mIoU_mid: 0.348677
2026-08-22 20:07:51,860 - Model-rank0 - INFO - CUDA memory after evaluation cleanup: allocated=0.017 GiB, reserved=0.447 GiB
2026-08-22 20:07:51,861 - Model-rank0 - INFO - **** Epoch 46/100 ****
2026-08-22 20:07:51,861 - Model-rank0 - INFO - Learning rate:0.000240
2026-08-22 20:18:22,285 - Model-rank0 - INFO - CUDA memory after training cleanup: allocated=0.017 GiB, reserved=0.449 GiB
2026-08-22 20:18:22,285 - Model-rank0 - INFO - Training mean loss: 0.333742
2026-08-22 20:18:22,285 - Model-rank0 - INFO - Training accuracy (IoU) of prediction: 0.588436
2026-08-22 20:18:22,285 - Model-rank0 - INFO - Training pixel precision: 0.818905
2026-08-22 20:18:22,285 - Model-rank0 - INFO - Training pixel recall: 0.676463
2026-08-22 20:18:22,285 - Model-rank0 - INFO - Training pixel F1: 0.740900
2026-08-22 20:18:22,285 - Model-rank0 - INFO - Training loss component tversky: 0.209161
2026-08-22 20:18:22,285 - Model-rank0 - INFO - Training loss component dice: 0.231637
2026-08-22 20:18:22,285 - Model-rank0 - INFO - Training loss component hard_margin: 0.898354
2026-08-22 20:18:22,285 - Model-rank0 - INFO - Training loss component hard_weight: 0.100000
2026-08-22 20:18:22,285 - Model-rank0 - INFO - ---- EPOCH 046 EVALUATION ----
2026-08-22 20:23:20,810 - Model-rank0 - INFO - Eval mean loss: 0.784735
2026-08-22 20:23:20,811 - Model-rank0 - INFO - Eval avg class IoU of prediction: 0.332883
2026-08-22 20:23:20,811 - Model-rank0 - INFO - Eval pixel precision: 0.823103
2026-08-22 20:23:20,811 - Model-rank0 - INFO - Eval pixel recall: 0.358533
2026-08-22 20:23:20,811 - Model-rank0 - INFO - Eval pixel F1: 0.499493
2026-08-22 20:23:20,811 - Model-rank0 - INFO - Early stopping eval_f1=0.499493; best=0.517066 at epoch 37; bad_epochs=9/30.
2026-08-22 20:23:20,840 - Model-rank0 - INFO - Saved recoverable checkpoint at /home/devbox/project/model/sjy/CSIG2026/Deeppro_v2/DeepPro-main/log/sem_seg/2026-08-22/SatVideoIRSDT_v1__2026-08-22_08-27-32__F1OHEM-brtd3_raw_apmd_hybrid_rms_scratch_seed47_E100/checkpoints/latest_model.pth
2026-08-22 20:23:20,840 - Model-rank0 - INFO - Best mIoU_mid: 0.348677
2026-08-22 20:23:21,037 - Model-rank0 - INFO - CUDA memory after evaluation cleanup: allocated=0.017 GiB, reserved=0.447 GiB
2026-08-22 20:23:21,037 - Model-rank0 - INFO - **** Epoch 47/100 ****
2026-08-22 20:23:21,037 - Model-rank0 - INFO - Learning rate:0.000240
2026-08-22 20:34:08,538 - Model-rank0 - INFO - CUDA memory after training cleanup: allocated=0.017 GiB, reserved=0.451 GiB
2026-08-22 20:34:08,538 - Model-rank0 - INFO - Training mean loss: 0.337025
2026-08-22 20:34:08,539 - Model-rank0 - INFO - Training accuracy (IoU) of prediction: 0.586692
2026-08-22 20:34:08,539 - Model-rank0 - INFO - Training pixel precision: 0.823125
2026-08-22 20:34:08,539 - Model-rank0 - INFO - Training pixel recall: 0.671326
2026-08-22 20:34:08,539 - Model-rank0 - INFO - Training pixel F1: 0.739516
2026-08-22 20:34:08,539 - Model-rank0 - INFO - Training loss component tversky: 0.211168
2026-08-22 20:34:08,539 - Model-rank0 - INFO - Training loss component dice: 0.234151
2026-08-22 20:34:08,539 - Model-rank0 - INFO - Training loss component hard_margin: 0.907336
2026-08-22 20:34:08,539 - Model-rank0 - INFO - Training loss component hard_weight: 0.100000
2026-08-22 20:34:08,539 - Model-rank0 - INFO - ---- EPOCH 047 EVALUATION ----
2026-08-22 20:39:07,429 - Model-rank0 - INFO - Eval mean loss: 0.776360
2026-08-22 20:39:07,429 - Model-rank0 - INFO - Eval avg class IoU of prediction: 0.345122
2026-08-22 20:39:07,429 - Model-rank0 - INFO - Eval pixel precision: 0.773990
2026-08-22 20:39:07,430 - Model-rank0 - INFO - Eval pixel recall: 0.383801
2026-08-22 20:39:07,430 - Model-rank0 - INFO - Eval pixel F1: 0.513146
2026-08-22 20:39:07,430 - Model-rank0 - INFO - Early stopping eval_f1=0.513146; best=0.517066 at epoch 37; bad_epochs=10/30.
2026-08-22 20:39:07,463 - Model-rank0 - INFO - Saved recoverable checkpoint at /home/devbox/project/model/sjy/CSIG2026/Deeppro_v2/DeepPro-main/log/sem_seg/2026-08-22/SatVideoIRSDT_v1__2026-08-22_08-27-32__F1OHEM-brtd3_raw_apmd_hybrid_rms_scratch_seed47_E100/checkpoints/latest_model.pth
2026-08-22 20:39:07,463 - Model-rank0 - INFO - Best mIoU_mid: 0.348677
2026-08-22 20:39:07,668 - Model-rank0 - INFO - CUDA memory after evaluation cleanup: allocated=0.017 GiB, reserved=0.447 GiB
2026-08-22 20:39:07,668 - Model-rank0 - INFO - **** Epoch 48/100 ****
2026-08-22 20:39:07,668 - Model-rank0 - INFO - Learning rate:0.000240
2026-08-22 20:49:53,499 - Model-rank0 - INFO - CUDA memory after training cleanup: allocated=0.017 GiB, reserved=0.451 GiB
2026-08-22 20:49:53,499 - Model-rank0 - INFO - Training mean loss: 0.345420
2026-08-22 20:49:53,499 - Model-rank0 - INFO - Training accuracy (IoU) of prediction: 0.565570
2026-08-22 20:49:53,499 - Model-rank0 - INFO - Training pixel precision: 0.815178
2026-08-22 20:49:53,500 - Model-rank0 - INFO - Training pixel recall: 0.648760
2026-08-22 20:49:53,500 - Model-rank0 - INFO - Training pixel F1: 0.722510
2026-08-22 20:49:53,500 - Model-rank0 - INFO - Training loss component tversky: 0.215746
2026-08-22 20:49:53,500 - Model-rank0 - INFO - Training loss component dice: 0.239334
2026-08-22 20:49:53,500 - Model-rank0 - INFO - Training loss component hard_margin: 0.937736
2026-08-22 20:49:53,500 - Model-rank0 - INFO - Training loss component hard_weight: 0.100000
2026-08-22 20:49:53,500 - Model-rank0 - INFO - ---- EPOCH 048 EVALUATION ----
2026-08-22 20:54:56,566 - Model-rank0 - INFO - Eval mean loss: 0.771429
2026-08-22 20:54:56,567 - Model-rank0 - INFO - Eval avg class IoU of prediction: 0.337003
2026-08-22 20:54:56,567 - Model-rank0 - INFO - Eval pixel precision: 0.781679
2026-08-22 20:54:56,567 - Model-rank0 - INFO - Eval pixel recall: 0.372019
2026-08-22 20:54:56,567 - Model-rank0 - INFO - Eval pixel F1: 0.504117
2026-08-22 20:54:56,567 - Model-rank0 - INFO - Early stopping eval_f1=0.504117; best=0.517066 at epoch 37; bad_epochs=11/30.
2026-08-22 20:54:56,597 - Model-rank0 - INFO - Saved recoverable checkpoint at /home/devbox/project/model/sjy/CSIG2026/Deeppro_v2/DeepPro-main/log/sem_seg/2026-08-22/SatVideoIRSDT_v1__2026-08-22_08-27-32__F1OHEM-brtd3_raw_apmd_hybrid_rms_scratch_seed47_E100/checkpoints/latest_model.pth
2026-08-22 20:54:56,597 - Model-rank0 - INFO - Best mIoU_mid: 0.348677
2026-08-22 20:54:56,796 - Model-rank0 - INFO - CUDA memory after evaluation cleanup: allocated=0.017 GiB, reserved=0.449 GiB
2026-08-22 20:54:56,797 - Model-rank0 - INFO - **** Epoch 49/100 ****
2026-08-22 20:54:56,797 - Model-rank0 - INFO - Learning rate:0.000240
2026-08-22 21:05:26,021 - Model-rank0 - INFO - CUDA memory after training cleanup: allocated=0.017 GiB, reserved=0.449 GiB
2026-08-22 21:05:26,021 - Model-rank0 - INFO - Training mean loss: 0.333913
2026-08-22 21:05:26,021 - Model-rank0 - INFO - Training accuracy (IoU) of prediction: 0.593069
2026-08-22 21:05:26,021 - Model-rank0 - INFO - Training pixel precision: 0.818979
2026-08-22 21:05:26,021 - Model-rank0 - INFO - Training pixel recall: 0.682542
2026-08-22 21:05:26,021 - Model-rank0 - INFO - Training pixel F1: 0.744562
2026-08-22 21:05:26,022 - Model-rank0 - INFO - Training loss component tversky: 0.210328
2026-08-22 21:05:26,022 - Model-rank0 - INFO - Training loss component dice: 0.232643
2026-08-22 21:05:26,022 - Model-rank0 - INFO - Training loss component hard_margin: 0.886881
2026-08-22 21:05:26,022 - Model-rank0 - INFO - Training loss component hard_weight: 0.100000
2026-08-22 21:05:26,022 - Model-rank0 - INFO - ---- EPOCH 049 EVALUATION ----
2026-08-22 21:10:30,124 - Model-rank0 - INFO - Eval mean loss: 0.778559
2026-08-22 21:10:30,124 - Model-rank0 - INFO - Eval avg class IoU of prediction: 0.339639
2026-08-22 21:10:30,124 - Model-rank0 - INFO - Eval pixel precision: 0.808202
2026-08-22 21:10:30,124 - Model-rank0 - INFO - Eval pixel recall: 0.369414
2026-08-22 21:10:30,124 - Model-rank0 - INFO - Eval pixel F1: 0.507061
2026-08-22 21:10:30,124 - Model-rank0 - INFO - Early stopping eval_f1=0.507061; best=0.517066 at epoch 37; bad_epochs=12/30.
2026-08-22 21:10:30,156 - Model-rank0 - INFO - Saved recoverable checkpoint at /home/devbox/project/model/sjy/CSIG2026/Deeppro_v2/DeepPro-main/log/sem_seg/2026-08-22/SatVideoIRSDT_v1__2026-08-22_08-27-32__F1OHEM-brtd3_raw_apmd_hybrid_rms_scratch_seed47_E100/checkpoints/latest_model.pth
2026-08-22 21:10:30,156 - Model-rank0 - INFO - Best mIoU_mid: 0.348677
2026-08-22 21:10:30,292 - Model-rank0 - INFO - CUDA memory after evaluation cleanup: allocated=0.017 GiB, reserved=0.447 GiB
2026-08-22 21:10:30,293 - Model-rank0 - INFO - **** Epoch 50/100 ****
2026-08-22 21:10:30,293 - Model-rank0 - INFO - Learning rate:0.000240
2026-08-22 21:21:18,966 - Model-rank0 - INFO - CUDA memory after training cleanup: allocated=0.017 GiB, reserved=0.447 GiB
2026-08-22 21:21:18,966 - Model-rank0 - INFO - Training mean loss: 0.334293
2026-08-22 21:21:18,966 - Model-rank0 - INFO - Training accuracy (IoU) of prediction: 0.589528
2026-08-22 21:21:18,966 - Model-rank0 - INFO - Training pixel precision: 0.817654
2026-08-22 21:21:18,966 - Model-rank0 - INFO - Training pixel recall: 0.678766
2026-08-22 21:21:18,966 - Model-rank0 - INFO - Training pixel F1: 0.741765
2026-08-22 21:21:18,966 - Model-rank0 - INFO - Training loss component tversky: 0.210953
2026-08-22 21:21:18,966 - Model-rank0 - INFO - Training loss component dice: 0.232741
2026-08-22 21:21:18,966 - Model-rank0 - INFO - Training loss component hard_margin: 0.884287
2026-08-22 21:21:18,966 - Model-rank0 - INFO - Training loss component hard_weight: 0.100000
2026-08-22 21:21:18,966 - Model-rank0 - INFO - ---- EPOCH 050 EVALUATION ----
2026-08-22 21:26:23,347 - Model-rank0 - INFO - Eval mean loss: 0.784078
2026-08-22 21:26:23,347 - Model-rank0 - INFO - Eval avg class IoU of prediction: 0.330398
2026-08-22 21:26:23,347 - Model-rank0 - INFO - Eval pixel precision: 0.784526
2026-08-22 21:26:23,347 - Model-rank0 - INFO - Eval pixel recall: 0.363372
2026-08-22 21:26:23,347 - Model-rank0 - INFO - Eval pixel F1: 0.496691
2026-08-22 21:26:23,347 - Model-rank0 - INFO - Early stopping eval_f1=0.496691; best=0.517066 at epoch 37; bad_epochs=13/30.
2026-08-22 21:26:23,380 - Model-rank0 - INFO - Saved recoverable checkpoint at /home/devbox/project/model/sjy/CSIG2026/Deeppro_v2/DeepPro-main/log/sem_seg/2026-08-22/SatVideoIRSDT_v1__2026-08-22_08-27-32__F1OHEM-brtd3_raw_apmd_hybrid_rms_scratch_seed47_E100/checkpoints/latest_model.pth
2026-08-22 21:26:23,401 - Model-rank0 - INFO - Saved epoch checkpoint at /home/devbox/project/model/sjy/CSIG2026/Deeppro_v2/DeepPro-main/log/sem_seg/2026-08-22/SatVideoIRSDT_v1__2026-08-22_08-27-32__F1OHEM-brtd3_raw_apmd_hybrid_rms_scratch_seed47_E100/checkpoints/epoch_50_model.pth
2026-08-22 21:26:23,402 - Model-rank0 - INFO - Best mIoU_mid: 0.348677
2026-08-22 21:26:23,527 - Model-rank0 - INFO - CUDA memory after evaluation cleanup: allocated=0.017 GiB, reserved=0.447 GiB
2026-08-22 21:26:23,527 - Model-rank0 - INFO - **** Epoch 51/100 ****
2026-08-22 21:26:23,528 - Model-rank0 - INFO - Learning rate:0.000168
2026-08-22 21:37:24,178 - Model-rank0 - INFO - CUDA memory after training cleanup: allocated=0.017 GiB, reserved=0.449 GiB
2026-08-22 21:37:24,178 - Model-rank0 - INFO - Training mean loss: 0.327112
2026-08-22 21:37:24,178 - Model-rank0 - INFO - Training accuracy (IoU) of prediction: 0.598653
2026-08-22 21:37:24,178 - Model-rank0 - INFO - Training pixel precision: 0.822951
2026-08-22 21:37:24,178 - Model-rank0 - INFO - Training pixel recall: 0.687155
2026-08-22 21:37:24,178 - Model-rank0 - INFO - Training pixel F1: 0.748947
2026-08-22 21:37:24,178 - Model-rank0 - INFO - Training loss component tversky: 0.206364
2026-08-22 21:37:24,178 - Model-rank0 - INFO - Training loss component dice: 0.228299
2026-08-22 21:37:24,178 - Model-rank0 - INFO - Training loss component hard_margin: 0.865025
2026-08-22 21:37:24,178 - Model-rank0 - INFO - Training loss component hard_weight: 0.100000
2026-08-22 21:37:24,178 - Model-rank0 - INFO - ---- EPOCH 051 EVALUATION ----
2026-08-22 21:42:31,024 - Model-rank0 - INFO - Eval mean loss: 0.769532
2026-08-22 21:42:31,024 - Model-rank0 - INFO - Eval avg class IoU of prediction: 0.341390
2026-08-22 21:42:31,024 - Model-rank0 - INFO - Eval pixel precision: 0.796317
2026-08-22 21:42:31,024 - Model-rank0 - INFO - Eval pixel recall: 0.374052
2026-08-22 21:42:31,024 - Model-rank0 - INFO - Eval pixel F1: 0.509009
2026-08-22 21:42:31,024 - Model-rank0 - INFO - Early stopping eval_f1=0.509009; best=0.517066 at epoch 37; bad_epochs=14/30.
2026-08-22 21:42:31,050 - Model-rank0 - INFO - Saved recoverable checkpoint at /home/devbox/project/model/sjy/CSIG2026/Deeppro_v2/DeepPro-main/log/sem_seg/2026-08-22/SatVideoIRSDT_v1__2026-08-22_08-27-32__F1OHEM-brtd3_raw_apmd_hybrid_rms_scratch_seed47_E100/checkpoints/latest_model.pth
2026-08-22 21:42:31,050 - Model-rank0 - INFO - Best mIoU_mid: 0.348677
2026-08-22 21:42:31,207 - Model-rank0 - INFO - CUDA memory after evaluation cleanup: allocated=0.017 GiB, reserved=0.449 GiB
2026-08-22 21:42:31,207 - Model-rank0 - INFO - **** Epoch 52/100 ****
2026-08-22 21:42:31,207 - Model-rank0 - INFO - Learning rate:0.000168
2026-08-22 21:53:07,760 - Model-rank0 - INFO - CUDA memory after training cleanup: allocated=0.017 GiB, reserved=0.449 GiB
2026-08-22 21:53:07,760 - Model-rank0 - INFO - Training mean loss: 0.330743
2026-08-22 21:53:07,760 - Model-rank0 - INFO - Training accuracy (IoU) of prediction: 0.609392
2026-08-22 21:53:07,760 - Model-rank0 - INFO - Training pixel precision: 0.821206
2026-08-22 21:53:07,760 - Model-rank0 - INFO - Training pixel recall: 0.702613
2026-08-22 21:53:07,760 - Model-rank0 - INFO - Training pixel F1: 0.757295
2026-08-22 21:53:07,761 - Model-rank0 - INFO - Training loss component tversky: 0.207465
2026-08-22 21:53:07,761 - Model-rank0 - INFO - Training loss component dice: 0.230007
2026-08-22 21:53:07,761 - Model-rank0 - INFO - Training loss component hard_margin: 0.887775
2026-08-22 21:53:07,761 - Model-rank0 - INFO - Training loss component hard_weight: 0.100000
2026-08-22 21:53:07,761 - Model-rank0 - INFO - ---- EPOCH 052 EVALUATION ----
2026-08-22 21:58:16,592 - Model-rank0 - INFO - Eval mean loss: 0.775287
2026-08-22 21:58:16,593 - Model-rank0 - INFO - Eval avg class IoU of prediction: 0.345835
2026-08-22 21:58:16,593 - Model-rank0 - INFO - Eval pixel precision: 0.800667
2026-08-22 21:58:16,593 - Model-rank0 - INFO - Eval pixel recall: 0.378416
2026-08-22 21:58:16,593 - Model-rank0 - INFO - Eval pixel F1: 0.513934
2026-08-22 21:58:16,593 - Model-rank0 - INFO - Early stopping eval_f1=0.513934; best=0.517066 at epoch 37; bad_epochs=15/30.
2026-08-22 21:58:16,621 - Model-rank0 - INFO - Saved recoverable checkpoint at /home/devbox/project/model/sjy/CSIG2026/Deeppro_v2/DeepPro-main/log/sem_seg/2026-08-22/SatVideoIRSDT_v1__2026-08-22_08-27-32__F1OHEM-brtd3_raw_apmd_hybrid_rms_scratch_seed47_E100/checkpoints/latest_model.pth
2026-08-22 21:58:16,621 - Model-rank0 - INFO - Best mIoU_mid: 0.348677
2026-08-22 21:58:16,744 - Model-rank0 - INFO - CUDA memory after evaluation cleanup: allocated=0.017 GiB, reserved=0.447 GiB
2026-08-22 21:58:16,744 - Model-rank0 - INFO - **** Epoch 53/100 ****
2026-08-22 21:58:16,744 - Model-rank0 - INFO - Learning rate:0.000168
2026-08-22 22:08:29,149 - Model-rank0 - INFO - CUDA memory after training cleanup: allocated=0.017 GiB, reserved=0.447 GiB
2026-08-22 22:08:29,149 - Model-rank0 - INFO - Training mean loss: 0.338266
2026-08-22 22:08:29,149 - Model-rank0 - INFO - Training accuracy (IoU) of prediction: 0.585239
2026-08-22 22:08:29,150 - Model-rank0 - INFO - Training pixel precision: 0.822774
2026-08-22 22:08:29,150 - Model-rank0 - INFO - Training pixel recall: 0.669656
2026-08-22 22:08:29,150 - Model-rank0 - INFO - Training pixel F1: 0.738360
2026-08-22 22:08:29,150 - Model-rank0 - INFO - Training loss component tversky: 0.211799
2026-08-22 22:08:29,150 - Model-rank0 - INFO - Training loss component dice: 0.234273
2026-08-22 22:08:29,150 - Model-rank0 - INFO - Training loss component hard_margin: 0.913260
2026-08-22 22:08:29,150 - Model-rank0 - INFO - Training loss component hard_weight: 0.100000
2026-08-22 22:08:29,150 - Model-rank0 - INFO - ---- EPOCH 053 EVALUATION ----
2026-08-22 22:13:37,661 - Model-rank0 - INFO - Eval mean loss: 0.780343
2026-08-22 22:13:37,662 - Model-rank0 - INFO - Eval avg class IoU of prediction: 0.334508
2026-08-22 22:13:37,662 - Model-rank0 - INFO - Eval pixel precision: 0.812397
2026-08-22 22:13:37,662 - Model-rank0 - INFO - Eval pixel recall: 0.362511
2026-08-22 22:13:37,662 - Model-rank0 - INFO - Eval pixel F1: 0.501320
2026-08-22 22:13:37,662 - Model-rank0 - INFO - Early stopping eval_f1=0.501320; best=0.517066 at epoch 37; bad_epochs=16/30.
2026-08-22 22:13:37,694 - Model-rank0 - INFO - Saved recoverable checkpoint at /home/devbox/project/model/sjy/CSIG2026/Deeppro_v2/DeepPro-main/log/sem_seg/2026-08-22/SatVideoIRSDT_v1__2026-08-22_08-27-32__F1OHEM-brtd3_raw_apmd_hybrid_rms_scratch_seed47_E100/checkpoints/latest_model.pth
2026-08-22 22:13:37,695 - Model-rank0 - INFO - Best mIoU_mid: 0.348677
2026-08-22 22:13:37,845 - Model-rank0 - INFO - CUDA memory after evaluation cleanup: allocated=0.017 GiB, reserved=0.447 GiB
2026-08-22 22:13:37,845 - Model-rank0 - INFO - **** Epoch 54/100 ****
2026-08-22 22:13:37,845 - Model-rank0 - INFO - Learning rate:0.000168
2026-08-22 22:24:17,029 - Model-rank0 - INFO - CUDA memory after training cleanup: allocated=0.017 GiB, reserved=0.449 GiB
2026-08-22 22:24:17,029 - Model-rank0 - INFO - Training mean loss: 0.333296
2026-08-22 22:24:17,029 - Model-rank0 - INFO - Training accuracy (IoU) of prediction: 0.583730
2026-08-22 22:24:17,029 - Model-rank0 - INFO - Training pixel precision: 0.822703
2026-08-22 22:24:17,029 - Model-rank0 - INFO - Training pixel recall: 0.667729
2026-08-22 22:24:17,029 - Model-rank0 - INFO - Training pixel F1: 0.737159
2026-08-22 22:24:17,030 - Model-rank0 - INFO - Training loss component tversky: 0.207587
2026-08-22 22:24:17,030 - Model-rank0 - INFO - Training loss component dice: 0.230366
2026-08-22 22:24:17,030 - Model-rank0 - INFO - Training loss component hard_margin: 0.911544
2026-08-22 22:24:17,030 - Model-rank0 - INFO - Training loss component hard_weight: 0.100000
2026-08-22 22:24:17,030 - Model-rank0 - INFO - ---- EPOCH 054 EVALUATION ----
2026-08-22 22:29:31,840 - Model-rank0 - INFO - Eval mean loss: 0.791727
2026-08-22 22:29:31,840 - Model-rank0 - INFO - Eval avg class IoU of prediction: 0.333547
2026-08-22 22:29:31,840 - Model-rank0 - INFO - Eval pixel precision: 0.805343
2026-08-22 22:29:31,840 - Model-rank0 - INFO - Eval pixel recall: 0.362795
2026-08-22 22:29:31,840 - Model-rank0 - INFO - Eval pixel F1: 0.500240
2026-08-22 22:29:31,840 - Model-rank0 - INFO - Early stopping eval_f1=0.500240; best=0.517066 at epoch 37; bad_epochs=17/30.
2026-08-22 22:29:31,866 - Model-rank0 - INFO - Saved recoverable checkpoint at /home/devbox/project/model/sjy/CSIG2026/Deeppro_v2/DeepPro-main/log/sem_seg/2026-08-22/SatVideoIRSDT_v1__2026-08-22_08-27-32__F1OHEM-brtd3_raw_apmd_hybrid_rms_scratch_seed47_E100/checkpoints/latest_model.pth
2026-08-22 22:29:31,866 - Model-rank0 - INFO - Best mIoU_mid: 0.348677
2026-08-22 22:29:31,972 - Model-rank0 - INFO - CUDA memory after evaluation cleanup: allocated=0.017 GiB, reserved=0.449 GiB
2026-08-22 22:29:31,972 - Model-rank0 - INFO - **** Epoch 55/100 ****
2026-08-22 22:29:31,972 - Model-rank0 - INFO - Learning rate:0.000168
2026-08-22 22:40:03,365 - Model-rank0 - INFO - CUDA memory after training cleanup: allocated=0.017 GiB, reserved=0.451 GiB
2026-08-22 22:40:03,365 - Model-rank0 - INFO - Training mean loss: 0.325159
2026-08-22 22:40:03,366 - Model-rank0 - INFO - Training accuracy (IoU) of prediction: 0.592917
2026-08-22 22:40:03,366 - Model-rank0 - INFO - Training pixel precision: 0.828595
2026-08-22 22:40:03,366 - Model-rank0 - INFO - Training pixel recall: 0.675806
2026-08-22 22:40:03,367 - Model-rank0 - INFO - Training pixel F1: 0.744442
2026-08-22 22:40:03,367 - Model-rank0 - INFO - Training loss component tversky: 0.203685
2026-08-22 22:40:03,367 - Model-rank0 - INFO - Training loss component dice: 0.225731
2026-08-22 22:40:03,367 - Model-rank0 - INFO - Training loss component hard_margin: 0.876141
2026-08-22 22:40:03,367 - Model-rank0 - INFO - Training loss component hard_weight: 0.100000
2026-08-22 22:40:03,367 - Model-rank0 - INFO - ---- EPOCH 055 EVALUATION ----
2026-08-22 22:45:20,473 - Model-rank0 - INFO - Eval mean loss: 0.771969
2026-08-22 22:45:20,473 - Model-rank0 - INFO - Eval avg class IoU of prediction: 0.345004
2026-08-22 22:45:20,473 - Model-rank0 - INFO - Eval pixel precision: 0.803470
2026-08-22 22:45:20,473 - Model-rank0 - INFO - Eval pixel recall: 0.376801
2026-08-22 22:45:20,473 - Model-rank0 - INFO - Eval pixel F1: 0.513015
2026-08-22 22:45:20,473 - Model-rank0 - INFO - Early stopping eval_f1=0.513015; best=0.517066 at epoch 37; bad_epochs=18/30.
2026-08-22 22:45:20,504 - Model-rank0 - INFO - Saved recoverable checkpoint at /home/devbox/project/model/sjy/CSIG2026/Deeppro_v2/DeepPro-main/log/sem_seg/2026-08-22/SatVideoIRSDT_v1__2026-08-22_08-27-32__F1OHEM-brtd3_raw_apmd_hybrid_rms_scratch_seed47_E100/checkpoints/latest_model.pth
2026-08-22 22:45:20,523 - Model-rank0 - INFO - Saved epoch checkpoint at /home/devbox/project/model/sjy/CSIG2026/Deeppro_v2/DeepPro-main/log/sem_seg/2026-08-22/SatVideoIRSDT_v1__2026-08-22_08-27-32__F1OHEM-brtd3_raw_apmd_hybrid_rms_scratch_seed47_E100/checkpoints/epoch_55_model.pth
2026-08-22 22:45:20,523 - Model-rank0 - INFO - Best mIoU_mid: 0.348677
2026-08-22 22:45:20,629 - Model-rank0 - INFO - CUDA memory after evaluation cleanup: allocated=0.017 GiB, reserved=0.447 GiB
2026-08-22 22:45:20,629 - Model-rank0 - INFO - **** Epoch 56/100 ****
2026-08-22 22:45:20,629 - Model-rank0 - INFO - Learning rate:0.000168
2026-08-22 22:54:36,667 - Model-rank0 - INFO - CUDA memory after training cleanup: allocated=0.017 GiB, reserved=0.449 GiB
2026-08-22 22:54:36,668 - Model-rank0 - INFO - Training mean loss: 0.328413
2026-08-22 22:54:36,668 - Model-rank0 - INFO - Training accuracy (IoU) of prediction: 0.596806
2026-08-22 22:54:36,668 - Model-rank0 - INFO - Training pixel precision: 0.821362
2026-08-22 22:54:36,668 - Model-rank0 - INFO - Training pixel recall: 0.685827
2026-08-22 22:54:36,668 - Model-rank0 - INFO - Training pixel F1: 0.747500
2026-08-22 22:54:36,668 - Model-rank0 - INFO - Training loss component tversky: 0.205546
2026-08-22 22:54:36,668 - Model-rank0 - INFO - Training loss component dice: 0.227835
2026-08-22 22:54:36,668 - Model-rank0 - INFO - Training loss component hard_margin: 0.886915
2026-08-22 22:54:36,668 - Model-rank0 - INFO - Training loss component hard_weight: 0.100000
2026-08-22 22:54:36,668 - Model-rank0 - INFO - ---- EPOCH 056 EVALUATION ----
2026-08-22 22:59:50,458 - Model-rank0 - INFO - Eval mean loss: 0.778507
2026-08-22 22:59:50,458 - Model-rank0 - INFO - Eval avg class IoU of prediction: 0.344640
2026-08-22 22:59:50,458 - Model-rank0 - INFO - Eval pixel precision: 0.758688
2026-08-22 22:59:50,458 - Model-rank0 - INFO - Eval pixel recall: 0.387070
2026-08-22 22:59:50,458 - Model-rank0 - INFO - Eval pixel F1: 0.512613
2026-08-22 22:59:50,458 - Model-rank0 - INFO - Early stopping eval_f1=0.512613; best=0.517066 at epoch 37; bad_epochs=19/30.
2026-08-22 22:59:50,490 - Model-rank0 - INFO - Saved recoverable checkpoint at /home/devbox/project/model/sjy/CSIG2026/Deeppro_v2/DeepPro-main/log/sem_seg/2026-08-22/SatVideoIRSDT_v1__2026-08-22_08-27-32__F1OHEM-brtd3_raw_apmd_hybrid_rms_scratch_seed47_E100/checkpoints/latest_model.pth
2026-08-22 22:59:50,490 - Model-rank0 - INFO - Best mIoU_mid: 0.348677
2026-08-22 22:59:50,673 - Model-rank0 - INFO - CUDA memory after evaluation cleanup: allocated=0.017 GiB, reserved=0.449 GiB
2026-08-22 22:59:50,674 - Model-rank0 - INFO - **** Epoch 57/100 ****
2026-08-22 22:59:50,674 - Model-rank0 - INFO - Learning rate:0.000168
2026-08-22 23:09:22,246 - Model-rank0 - INFO - CUDA memory after training cleanup: allocated=0.017 GiB, reserved=0.447 GiB
2026-08-22 23:09:22,246 - Model-rank0 - INFO - Training mean loss: 0.330009
2026-08-22 23:09:22,246 - Model-rank0 - INFO - Training accuracy (IoU) of prediction: 0.586879
2026-08-22 23:09:22,246 - Model-rank0 - INFO - Training pixel precision: 0.827359
2026-08-22 23:09:22,247 - Model-rank0 - INFO - Training pixel recall: 0.668779
2026-08-22 23:09:22,247 - Model-rank0 - INFO - Training pixel F1: 0.739665
2026-08-22 23:09:22,247 - Model-rank0 - INFO - Training loss component tversky: 0.206351
2026-08-22 23:09:22,247 - Model-rank0 - INFO - Training loss component dice: 0.228216
2026-08-22 23:09:22,247 - Model-rank0 - INFO - Training loss component hard_margin: 0.894256
2026-08-22 23:09:22,247 - Model-rank0 - INFO - Training loss component hard_weight: 0.100000
2026-08-22 23:09:22,247 - Model-rank0 - INFO - ---- EPOCH 057 EVALUATION ----
2026-08-22 23:14:33,193 - Model-rank0 - INFO - Eval mean loss: 0.778365
2026-08-22 23:14:33,193 - Model-rank0 - INFO - Eval avg class IoU of prediction: 0.345963
2026-08-22 23:14:33,193 - Model-rank0 - INFO - Eval pixel precision: 0.808307
2026-08-22 23:14:33,193 - Model-rank0 - INFO - Eval pixel recall: 0.376886
2026-08-22 23:14:33,193 - Model-rank0 - INFO - Eval pixel F1: 0.514075
2026-08-22 23:14:33,193 - Model-rank0 - INFO - Early stopping eval_f1=0.514075; best=0.517066 at epoch 37; bad_epochs=20/30.
2026-08-22 23:14:33,220 - Model-rank0 - INFO - Saved recoverable checkpoint at /home/devbox/project/model/sjy/CSIG2026/Deeppro_v2/DeepPro-main/log/sem_seg/2026-08-22/SatVideoIRSDT_v1__2026-08-22_08-27-32__F1OHEM-brtd3_raw_apmd_hybrid_rms_scratch_seed47_E100/checkpoints/latest_model.pth
2026-08-22 23:14:33,220 - Model-rank0 - INFO - Best mIoU_mid: 0.348677
2026-08-22 23:14:33,331 - Model-rank0 - INFO - CUDA memory after evaluation cleanup: allocated=0.017 GiB, reserved=0.447 GiB
2026-08-22 23:14:33,332 - Model-rank0 - INFO - **** Epoch 58/100 ****
2026-08-22 23:14:33,332 - Model-rank0 - INFO - Learning rate:0.000168
2026-08-22 23:24:07,749 - Model-rank0 - INFO - CUDA memory after training cleanup: allocated=0.017 GiB, reserved=0.451 GiB
2026-08-22 23:24:07,750 - Model-rank0 - INFO - Training mean loss: 0.336510
2026-08-22 23:24:07,750 - Model-rank0 - INFO - Training accuracy (IoU) of prediction: 0.586749
2026-08-22 23:24:07,750 - Model-rank0 - INFO - Training pixel precision: 0.822763
2026-08-22 23:24:07,750 - Model-rank0 - INFO - Training pixel recall: 0.671642
2026-08-22 23:24:07,750 - Model-rank0 - INFO - Training pixel F1: 0.739561
2026-08-22 23:24:07,750 - Model-rank0 - INFO - Training loss component tversky: 0.210994
2026-08-22 23:24:07,750 - Model-rank0 - INFO - Training loss component dice: 0.233277
2026-08-22 23:24:07,750 - Model-rank0 - INFO - Training loss component hard_margin: 0.905243
2026-08-22 23:24:07,750 - Model-rank0 - INFO - Training loss component hard_weight: 0.100000
2026-08-22 23:24:07,750 - Model-rank0 - INFO - ---- EPOCH 058 EVALUATION ----
2026-08-22 23:29:16,795 - Model-rank0 - INFO - Eval mean loss: 0.762784
2026-08-22 23:29:16,795 - Model-rank0 - INFO - Eval avg class IoU of prediction: 0.349124
2026-08-22 23:29:16,795 - Model-rank0 - INFO - Eval pixel precision: 0.797357
2026-08-22 23:29:16,795 - Model-rank0 - INFO - Eval pixel recall: 0.383117
2026-08-22 23:29:16,795 - Model-rank0 - INFO - Eval pixel F1: 0.517557
2026-08-22 23:29:16,795 - Model-rank0 - INFO - Early stopping eval_f1=0.517557; best=0.517557 at epoch 58; bad_epochs=0/30.
2026-08-22 23:29:16,823 - Model-rank0 - INFO - Saved recoverable checkpoint at /home/devbox/project/model/sjy/CSIG2026/Deeppro_v2/DeepPro-main/log/sem_seg/2026-08-22/SatVideoIRSDT_v1__2026-08-22_08-27-32__F1OHEM-brtd3_raw_apmd_hybrid_rms_scratch_seed47_E100/checkpoints/latest_model.pth
2026-08-22 23:29:16,843 - Model-rank0 - INFO - Saved epoch checkpoint at /home/devbox/project/model/sjy/CSIG2026/Deeppro_v2/DeepPro-main/log/sem_seg/2026-08-22/SatVideoIRSDT_v1__2026-08-22_08-27-32__F1OHEM-brtd3_raw_apmd_hybrid_rms_scratch_seed47_E100/checkpoints/epoch_58_model.pth
2026-08-22 23:29:16,864 - Model-rank0 - INFO - Saved best checkpoint at /home/devbox/project/model/sjy/CSIG2026/Deeppro_v2/DeepPro-main/log/sem_seg/2026-08-22/SatVideoIRSDT_v1__2026-08-22_08-27-32__F1OHEM-brtd3_raw_apmd_hybrid_rms_scratch_seed47_E100/checkpoints/best_model.pth
2026-08-22 23:29:16,885 - Model-rank0 - INFO - Saved early-stopping best checkpoint at /home/devbox/project/model/sjy/CSIG2026/Deeppro_v2/DeepPro-main/log/sem_seg/2026-08-22/SatVideoIRSDT_v1__2026-08-22_08-27-32__F1OHEM-brtd3_raw_apmd_hybrid_rms_scratch_seed47_E100/checkpoints/early_stopping_best_model.pth
2026-08-22 23:29:16,886 - Model-rank0 - INFO - Best mIoU_mid: 0.349124
2026-08-22 23:29:17,055 - Model-rank0 - INFO - CUDA memory after evaluation cleanup: allocated=0.017 GiB, reserved=0.447 GiB
2026-08-22 23:29:17,055 - Model-rank0 - INFO - **** Epoch 59/100 ****
2026-08-22 23:29:17,055 - Model-rank0 - INFO - Learning rate:0.000168
2026-08-22 23:38:39,045 - Model-rank0 - INFO - CUDA memory after training cleanup: allocated=0.017 GiB, reserved=0.451 GiB
2026-08-22 23:38:39,045 - Model-rank0 - INFO - Training mean loss: 0.321922
2026-08-22 23:38:39,045 - Model-rank0 - INFO - Training accuracy (IoU) of prediction: 0.602206
2026-08-22 23:38:39,045 - Model-rank0 - INFO - Training pixel precision: 0.826996
2026-08-22 23:38:39,045 - Model-rank0 - INFO - Training pixel recall: 0.689006
2026-08-22 23:38:39,045 - Model-rank0 - INFO - Training pixel F1: 0.751721
2026-08-22 23:38:39,045 - Model-rank0 - INFO - Training loss component tversky: 0.201756
2026-08-22 23:38:39,045 - Model-rank0 - INFO - Training loss component dice: 0.222956
2026-08-22 23:38:39,045 - Model-rank0 - INFO - Training loss component hard_margin: 0.867226
2026-08-22 23:38:39,045 - Model-rank0 - INFO - Training loss component hard_weight: 0.100000
2026-08-22 23:38:39,045 - Model-rank0 - INFO - ---- EPOCH 059 EVALUATION ----
2026-08-22 23:43:49,670 - Model-rank0 - INFO - Eval mean loss: 0.776110
2026-08-22 23:43:49,670 - Model-rank0 - INFO - Eval avg class IoU of prediction: 0.346505
2026-08-22 23:43:49,670 - Model-rank0 - INFO - Eval pixel precision: 0.796192
2026-08-22 23:43:49,670 - Model-rank0 - INFO - Eval pixel recall: 0.380230
2026-08-22 23:43:49,670 - Model-rank0 - INFO - Eval pixel F1: 0.514673
2026-08-22 23:43:49,670 - Model-rank0 - INFO - Early stopping eval_f1=0.514673; best=0.517557 at epoch 58; bad_epochs=1/30.
2026-08-22 23:43:49,697 - Model-rank0 - INFO - Saved recoverable checkpoint at /home/devbox/project/model/sjy/CSIG2026/Deeppro_v2/DeepPro-main/log/sem_seg/2026-08-22/SatVideoIRSDT_v1__2026-08-22_08-27-32__F1OHEM-brtd3_raw_apmd_hybrid_rms_scratch_seed47_E100/checkpoints/latest_model.pth
2026-08-22 23:43:49,697 - Model-rank0 - INFO - Best mIoU_mid: 0.349124
2026-08-22 23:43:49,817 - Model-rank0 - INFO - CUDA memory after evaluation cleanup: allocated=0.017 GiB, reserved=0.449 GiB
2026-08-22 23:43:49,817 - Model-rank0 - INFO - **** Epoch 60/100 ****
2026-08-22 23:43:49,817 - Model-rank0 - INFO - Learning rate:0.000168
2026-08-22 23:52:39,544 - Model-rank0 - INFO - CUDA memory after training cleanup: allocated=0.017 GiB, reserved=0.449 GiB
2026-08-22 23:52:39,544 - Model-rank0 - INFO - Training mean loss: 0.333073
2026-08-22 23:52:39,544 - Model-rank0 - INFO - Training accuracy (IoU) of prediction: 0.600683
2026-08-22 23:52:39,544 - Model-rank0 - INFO - Training pixel precision: 0.825947
2026-08-22 23:52:39,545 - Model-rank0 - INFO - Training pixel recall: 0.687738
2026-08-22 23:52:39,545 - Model-rank0 - INFO - Training pixel F1: 0.750533
2026-08-22 23:52:39,545 - Model-rank0 - INFO - Training loss component tversky: 0.207191
2026-08-22 23:52:39,545 - Model-rank0 - INFO - Training loss component dice: 0.230280
2026-08-22 23:52:39,545 - Model-rank0 - INFO - Training loss component hard_margin: 0.913397
2026-08-22 23:52:39,545 - Model-rank0 - INFO - Training loss component hard_weight: 0.100000
2026-08-22 23:52:39,545 - Model-rank0 - INFO - ---- EPOCH 060 EVALUATION ----
2026-08-22 23:57:57,250 - Model-rank0 - INFO - Eval mean loss: 0.767815
2026-08-22 23:57:57,250 - Model-rank0 - INFO - Eval avg class IoU of prediction: 0.342037
2026-08-22 23:57:57,250 - Model-rank0 - INFO - Eval pixel precision: 0.794025
2026-08-22 23:57:57,250 - Model-rank0 - INFO - Eval pixel recall: 0.375340
2026-08-22 23:57:57,250 - Model-rank0 - INFO - Eval pixel F1: 0.509729
2026-08-22 23:57:57,250 - Model-rank0 - INFO - Early stopping eval_f1=0.509729; best=0.517557 at epoch 58; bad_epochs=2/30.
2026-08-22 23:57:57,284 - Model-rank0 - INFO - Saved recoverable checkpoint at /home/devbox/project/model/sjy/CSIG2026/Deeppro_v2/DeepPro-main/log/sem_seg/2026-08-22/SatVideoIRSDT_v1__2026-08-22_08-27-32__F1OHEM-brtd3_raw_apmd_hybrid_rms_scratch_seed47_E100/checkpoints/latest_model.pth
2026-08-22 23:57:57,308 - Model-rank0 - INFO - Saved epoch checkpoint at /home/devbox/project/model/sjy/CSIG2026/Deeppro_v2/DeepPro-main/log/sem_seg/2026-08-22/SatVideoIRSDT_v1__2026-08-22_08-27-32__F1OHEM-brtd3_raw_apmd_hybrid_rms_scratch_seed47_E100/checkpoints/epoch_60_model.pth
2026-08-22 23:57:57,308 - Model-rank0 - INFO - Best mIoU_mid: 0.349124
2026-08-22 23:57:57,472 - Model-rank0 - INFO - CUDA memory after evaluation cleanup: allocated=0.017 GiB, reserved=0.449 GiB
2026-08-22 23:57:57,472 - Model-rank0 - INFO - **** Epoch 61/100 ****
2026-08-22 23:57:57,472 - Model-rank0 - INFO - Learning rate:0.000118
2026-08-23 00:07:20,588 - Model-rank0 - INFO - CUDA memory after training cleanup: allocated=0.017 GiB, reserved=0.449 GiB
2026-08-23 00:07:20,588 - Model-rank0 - INFO - Training mean loss: 0.330094
2026-08-23 00:07:20,588 - Model-rank0 - INFO - Training accuracy (IoU) of prediction: 0.610188
2026-08-23 00:07:20,588 - Model-rank0 - INFO - Training pixel precision: 0.827848
2026-08-23 00:07:20,589 - Model-rank0 - INFO - Training pixel recall: 0.698867
2026-08-23 00:07:20,589 - Model-rank0 - INFO - Training pixel F1: 0.757909
2026-08-23 00:07:20,589 - Model-rank0 - INFO - Training loss component tversky: 0.207010
2026-08-23 00:07:20,589 - Model-rank0 - INFO - Training loss component dice: 0.229136
2026-08-23 00:07:20,589 - Model-rank0 - INFO - Training loss component hard_margin: 0.887139
2026-08-23 00:07:20,589 - Model-rank0 - INFO - Training loss component hard_weight: 0.100000
2026-08-23 00:07:20,589 - Model-rank0 - INFO - ---- EPOCH 061 EVALUATION ----
2026-08-23 00:12:17,470 - Model-rank0 - INFO - Eval mean loss: 0.772613
2026-08-23 00:12:17,470 - Model-rank0 - INFO - Eval avg class IoU of prediction: 0.346248
2026-08-23 00:12:17,470 - Model-rank0 - INFO - Eval pixel precision: 0.798905
2026-08-23 00:12:17,470 - Model-rank0 - INFO - Eval pixel recall: 0.379306
2026-08-23 00:12:17,470 - Model-rank0 - INFO - Eval pixel F1: 0.514389
2026-08-23 00:12:17,470 - Model-rank0 - INFO - Early stopping eval_f1=0.514389; best=0.517557 at epoch 58; bad_epochs=3/30.
2026-08-23 00:12:17,498 - Model-rank0 - INFO - Saved recoverable checkpoint at /home/devbox/project/model/sjy/CSIG2026/Deeppro_v2/DeepPro-main/log/sem_seg/2026-08-22/SatVideoIRSDT_v1__2026-08-22_08-27-32__F1OHEM-brtd3_raw_apmd_hybrid_rms_scratch_seed47_E100/checkpoints/latest_model.pth
2026-08-23 00:12:17,498 - Model-rank0 - INFO - Best mIoU_mid: 0.349124
2026-08-23 00:12:17,643 - Model-rank0 - INFO - CUDA memory after evaluation cleanup: allocated=0.017 GiB, reserved=0.447 GiB
2026-08-23 00:12:17,644 - Model-rank0 - INFO - **** Epoch 62/100 ****
2026-08-23 00:12:17,644 - Model-rank0 - INFO - Learning rate:0.000118
2026-08-23 00:22:47,836 - Model-rank0 - INFO - CUDA memory after training cleanup: allocated=0.017 GiB, reserved=0.451 GiB
2026-08-23 00:22:47,836 - Model-rank0 - INFO - Training mean loss: 0.317720
2026-08-23 00:22:47,836 - Model-rank0 - INFO - Training accuracy (IoU) of prediction: 0.615699
2026-08-23 00:22:47,836 - Model-rank0 - INFO - Training pixel precision: 0.828255
2026-08-23 00:22:47,836 - Model-rank0 - INFO - Training pixel recall: 0.705810
2026-08-23 00:22:47,836 - Model-rank0 - INFO - Training pixel F1: 0.762146
2026-08-23 00:22:47,836 - Model-rank0 - INFO - Training loss component tversky: 0.200960
2026-08-23 00:22:47,836 - Model-rank0 - INFO - Training loss component dice: 0.222070
2026-08-23 00:22:47,836 - Model-rank0 - INFO - Training loss component hard_margin: 0.834493
2026-08-23 00:22:47,836 - Model-rank0 - INFO - Training loss component hard_weight: 0.100000
2026-08-23 00:22:47,837 - Model-rank0 - INFO - ---- EPOCH 062 EVALUATION ----
2026-08-23 00:27:42,402 - Model-rank0 - INFO - Eval mean loss: 0.765081
2026-08-23 00:27:42,402 - Model-rank0 - INFO - Eval avg class IoU of prediction: 0.349758
2026-08-23 00:27:42,402 - Model-rank0 - INFO - Eval pixel precision: 0.797263
2026-08-23 00:27:42,402 - Model-rank0 - INFO - Eval pixel recall: 0.383903
2026-08-23 00:27:42,402 - Model-rank0 - INFO - Eval pixel F1: 0.518253
2026-08-23 00:27:42,403 - Model-rank0 - INFO - Early stopping eval_f1=0.518253; best=0.518253 at epoch 62; bad_epochs=0/30.
2026-08-23 00:27:42,434 - Model-rank0 - INFO - Saved recoverable checkpoint at /home/devbox/project/model/sjy/CSIG2026/Deeppro_v2/DeepPro-main/log/sem_seg/2026-08-22/SatVideoIRSDT_v1__2026-08-22_08-27-32__F1OHEM-brtd3_raw_apmd_hybrid_rms_scratch_seed47_E100/checkpoints/latest_model.pth
2026-08-23 00:27:42,454 - Model-rank0 - INFO - Saved epoch checkpoint at /home/devbox/project/model/sjy/CSIG2026/Deeppro_v2/DeepPro-main/log/sem_seg/2026-08-22/SatVideoIRSDT_v1__2026-08-22_08-27-32__F1OHEM-brtd3_raw_apmd_hybrid_rms_scratch_seed47_E100/checkpoints/epoch_62_model.pth
2026-08-23 00:27:42,474 - Model-rank0 - INFO - Saved best checkpoint at /home/devbox/project/model/sjy/CSIG2026/Deeppro_v2/DeepPro-main/log/sem_seg/2026-08-22/SatVideoIRSDT_v1__2026-08-22_08-27-32__F1OHEM-brtd3_raw_apmd_hybrid_rms_scratch_seed47_E100/checkpoints/best_model.pth
2026-08-23 00:27:42,494 - Model-rank0 - INFO - Saved early-stopping best checkpoint at /home/devbox/project/model/sjy/CSIG2026/Deeppro_v2/DeepPro-main/log/sem_seg/2026-08-22/SatVideoIRSDT_v1__2026-08-22_08-27-32__F1OHEM-brtd3_raw_apmd_hybrid_rms_scratch_seed47_E100/checkpoints/early_stopping_best_model.pth
2026-08-23 00:27:42,495 - Model-rank0 - INFO - Best mIoU_mid: 0.349758
2026-08-23 00:27:42,624 - Model-rank0 - INFO - CUDA memory after evaluation cleanup: allocated=0.017 GiB, reserved=0.447 GiB
2026-08-23 00:27:42,624 - Model-rank0 - INFO - **** Epoch 63/100 ****
2026-08-23 00:27:42,624 - Model-rank0 - INFO - Learning rate:0.000118
2026-08-23 00:36:49,941 - Model-rank0 - INFO - CUDA memory after training cleanup: allocated=0.017 GiB, reserved=0.451 GiB
2026-08-23 00:36:49,941 - Model-rank0 - INFO - Training mean loss: 0.326357
2026-08-23 00:36:49,941 - Model-rank0 - INFO - Training accuracy (IoU) of prediction: 0.604600
2026-08-23 00:36:49,941 - Model-rank0 - INFO - Training pixel precision: 0.824595
2026-08-23 00:36:49,941 - Model-rank0 - INFO - Training pixel recall: 0.693832
2026-08-23 00:36:49,941 - Model-rank0 - INFO - Training pixel F1: 0.753583
2026-08-23 00:36:49,941 - Model-rank0 - INFO - Training loss component tversky: 0.204228
2026-08-23 00:36:49,941 - Model-rank0 - INFO - Training loss component dice: 0.226035
2026-08-23 00:36:49,941 - Model-rank0 - INFO - Training loss component hard_margin: 0.882232
2026-08-23 00:36:49,942 - Model-rank0 - INFO - Training loss component hard_weight: 0.100000
2026-08-23 00:36:49,942 - Model-rank0 - INFO - ---- EPOCH 063 EVALUATION ----
2026-08-23 00:41:46,158 - Model-rank0 - INFO - Eval mean loss: 0.769812
2026-08-23 00:41:46,158 - Model-rank0 - INFO - Eval avg class IoU of prediction: 0.344061
2026-08-23 00:41:46,158 - Model-rank0 - INFO - Eval pixel precision: 0.797933
2026-08-23 00:41:46,158 - Model-rank0 - INFO - Eval pixel recall: 0.376900
2026-08-23 00:41:46,158 - Model-rank0 - INFO - Eval pixel F1: 0.511972
2026-08-23 00:41:46,158 - Model-rank0 - INFO - Early stopping eval_f1=0.511972; best=0.518253 at epoch 62; bad_epochs=1/30.
2026-08-23 00:41:46,194 - Model-rank0 - INFO - Saved recoverable checkpoint at /home/devbox/project/model/sjy/CSIG2026/Deeppro_v2/DeepPro-main/log/sem_seg/2026-08-22/SatVideoIRSDT_v1__2026-08-22_08-27-32__F1OHEM-brtd3_raw_apmd_hybrid_rms_scratch_seed47_E100/checkpoints/latest_model.pth
2026-08-23 00:41:46,194 - Model-rank0 - INFO - Best mIoU_mid: 0.349758
2026-08-23 00:41:46,384 - Model-rank0 - INFO - CUDA memory after evaluation cleanup: allocated=0.017 GiB, reserved=0.447 GiB
2026-08-23 00:41:46,384 - Model-rank0 - INFO - **** Epoch 64/100 ****
2026-08-23 00:41:46,384 - Model-rank0 - INFO - Learning rate:0.000118
2026-08-23 00:50:10,649 - Model-rank0 - INFO - CUDA memory after training cleanup: allocated=0.017 GiB, reserved=0.449 GiB
2026-08-23 00:50:10,650 - Model-rank0 - INFO - Training mean loss: 0.320716
2026-08-23 00:50:10,650 - Model-rank0 - INFO - Training accuracy (IoU) of prediction: 0.602950
2026-08-23 00:50:10,650 - Model-rank0 - INFO - Training pixel precision: 0.829825
2026-08-23 00:50:10,650 - Model-rank0 - INFO - Training pixel recall: 0.688023
2026-08-23 00:50:10,650 - Model-rank0 - INFO - Training pixel F1: 0.752300
2026-08-23 00:50:10,650 - Model-rank0 - INFO - Training loss component tversky: 0.202001
2026-08-23 00:50:10,650 - Model-rank0 - INFO - Training loss component dice: 0.222697
2026-08-23 00:50:10,650 - Model-rank0 - INFO - Training loss component hard_margin: 0.853102
2026-08-23 00:50:10,650 - Model-rank0 - INFO - Training loss component hard_weight: 0.100000
2026-08-23 00:50:10,650 - Model-rank0 - INFO - ---- EPOCH 064 EVALUATION ----
2026-08-23 00:55:03,341 - Model-rank0 - INFO - Eval mean loss: 0.774150
2026-08-23 00:55:03,341 - Model-rank0 - INFO - Eval avg class IoU of prediction: 0.346331
2026-08-23 00:55:03,341 - Model-rank0 - INFO - Eval pixel precision: 0.798278
2026-08-23 00:55:03,341 - Model-rank0 - INFO - Eval pixel recall: 0.379548
2026-08-23 00:55:03,341 - Model-rank0 - INFO - Eval pixel F1: 0.514481
2026-08-23 00:55:03,341 - Model-rank0 - INFO - Early stopping eval_f1=0.514481; best=0.518253 at epoch 62; bad_epochs=2/30.
2026-08-23 00:55:03,367 - Model-rank0 - INFO - Saved recoverable checkpoint at /home/devbox/project/model/sjy/CSIG2026/Deeppro_v2/DeepPro-main/log/sem_seg/2026-08-22/SatVideoIRSDT_v1__2026-08-22_08-27-32__F1OHEM-brtd3_raw_apmd_hybrid_rms_scratch_seed47_E100/checkpoints/latest_model.pth
2026-08-23 00:55:03,367 - Model-rank0 - INFO - Best mIoU_mid: 0.349758
2026-08-23 00:55:03,489 - Model-rank0 - INFO - CUDA memory after evaluation cleanup: allocated=0.017 GiB, reserved=0.447 GiB
2026-08-23 00:55:03,489 - Model-rank0 - INFO - **** Epoch 65/100 ****
2026-08-23 00:55:03,489 - Model-rank0 - INFO - Learning rate:0.000118
2026-08-23 01:03:32,128 - Model-rank0 - INFO - CUDA memory after training cleanup: allocated=0.017 GiB, reserved=0.451 GiB
2026-08-23 01:03:32,128 - Model-rank0 - INFO - Training mean loss: 0.320644
2026-08-23 01:03:32,129 - Model-rank0 - INFO - Training accuracy (IoU) of prediction: 0.611608
2026-08-23 01:03:32,129 - Model-rank0 - INFO - Training pixel precision: 0.831237
2026-08-23 01:03:32,129 - Model-rank0 - INFO - Training pixel recall: 0.698320
2026-08-23 01:03:32,129 - Model-rank0 - INFO - Training pixel F1: 0.759004
2026-08-23 01:03:32,129 - Model-rank0 - INFO - Training loss component tversky: 0.200516
2026-08-23 01:03:32,129 - Model-rank0 - INFO - Training loss component dice: 0.221910
2026-08-23 01:03:32,129 - Model-rank0 - INFO - Training loss component hard_margin: 0.868414
2026-08-23 01:03:32,129 - Model-rank0 - INFO - Training loss component hard_weight: 0.100000
2026-08-23 01:03:32,129 - Model-rank0 - INFO - ---- EPOCH 065 EVALUATION ----
2026-08-23 01:08:22,980 - Model-rank0 - INFO - Eval mean loss: 0.769895
2026-08-23 01:08:22,980 - Model-rank0 - INFO - Eval avg class IoU of prediction: 0.343745
2026-08-23 01:08:22,980 - Model-rank0 - INFO - Eval pixel precision: 0.784614
2026-08-23 01:08:22,980 - Model-rank0 - INFO - Eval pixel recall: 0.379561
2026-08-23 01:08:22,980 - Model-rank0 - INFO - Eval pixel F1: 0.511622
2026-08-23 01:08:22,980 - Model-rank0 - INFO - Early stopping eval_f1=0.511622; best=0.518253 at epoch 62; bad_epochs=3/30.
2026-08-23 01:08:23,010 - Model-rank0 - INFO - Saved recoverable checkpoint at /home/devbox/project/model/sjy/CSIG2026/Deeppro_v2/DeepPro-main/log/sem_seg/2026-08-22/SatVideoIRSDT_v1__2026-08-22_08-27-32__F1OHEM-brtd3_raw_apmd_hybrid_rms_scratch_seed47_E100/checkpoints/latest_model.pth
2026-08-23 01:08:23,029 - Model-rank0 - INFO - Saved epoch checkpoint at /home/devbox/project/model/sjy/CSIG2026/Deeppro_v2/DeepPro-main/log/sem_seg/2026-08-22/SatVideoIRSDT_v1__2026-08-22_08-27-32__F1OHEM-brtd3_raw_apmd_hybrid_rms_scratch_seed47_E100/checkpoints/epoch_65_model.pth
2026-08-23 01:08:23,029 - Model-rank0 - INFO - Best mIoU_mid: 0.349758
2026-08-23 01:08:23,132 - Model-rank0 - INFO - CUDA memory after evaluation cleanup: allocated=0.017 GiB, reserved=0.447 GiB
2026-08-23 01:08:23,133 - Model-rank0 - INFO - **** Epoch 66/100 ****
2026-08-23 01:08:23,133 - Model-rank0 - INFO - Learning rate:0.000118
2026-08-23 01:17:00,562 - Model-rank0 - INFO - CUDA memory after training cleanup: allocated=0.017 GiB, reserved=0.449 GiB
2026-08-23 01:17:00,562 - Model-rank0 - INFO - Training mean loss: 0.324836
2026-08-23 01:17:00,562 - Model-rank0 - INFO - Training accuracy (IoU) of prediction: 0.601883
2026-08-23 01:17:00,562 - Model-rank0 - INFO - Training pixel precision: 0.823812
2026-08-23 01:17:00,562 - Model-rank0 - INFO - Training pixel recall: 0.690807
2026-08-23 01:17:00,562 - Model-rank0 - INFO - Training pixel F1: 0.751469
2026-08-23 01:17:00,562 - Model-rank0 - INFO - Training loss component tversky: 0.204492
2026-08-23 01:17:00,562 - Model-rank0 - INFO - Training loss component dice: 0.226646
2026-08-23 01:17:00,562 - Model-rank0 - INFO - Training loss component hard_margin: 0.863462
2026-08-23 01:17:00,562 - Model-rank0 - INFO - Training loss component hard_weight: 0.100000
2026-08-23 01:17:00,562 - Model-rank0 - INFO - ---- EPOCH 066 EVALUATION ----
2026-08-23 01:21:52,332 - Model-rank0 - INFO - Eval mean loss: 0.765880
2026-08-23 01:21:52,332 - Model-rank0 - INFO - Eval avg class IoU of prediction: 0.350038
2026-08-23 01:21:52,333 - Model-rank0 - INFO - Eval pixel precision: 0.794701
2026-08-23 01:21:52,333 - Model-rank0 - INFO - Eval pixel recall: 0.384838
2026-08-23 01:21:52,333 - Model-rank0 - INFO - Eval pixel F1: 0.518560
2026-08-23 01:21:52,333 - Model-rank0 - INFO - Early stopping eval_f1=0.518560; best=0.518560 at epoch 66; bad_epochs=0/30.
2026-08-23 01:21:52,360 - Model-rank0 - INFO - Saved recoverable checkpoint at /home/devbox/project/model/sjy/CSIG2026/Deeppro_v2/DeepPro-main/log/sem_seg/2026-08-22/SatVideoIRSDT_v1__2026-08-22_08-27-32__F1OHEM-brtd3_raw_apmd_hybrid_rms_scratch_seed47_E100/checkpoints/latest_model.pth
2026-08-23 01:21:52,380 - Model-rank0 - INFO - Saved epoch checkpoint at /home/devbox/project/model/sjy/CSIG2026/Deeppro_v2/DeepPro-main/log/sem_seg/2026-08-22/SatVideoIRSDT_v1__2026-08-22_08-27-32__F1OHEM-brtd3_raw_apmd_hybrid_rms_scratch_seed47_E100/checkpoints/epoch_66_model.pth
2026-08-23 01:21:52,401 - Model-rank0 - INFO - Saved best checkpoint at /home/devbox/project/model/sjy/CSIG2026/Deeppro_v2/DeepPro-main/log/sem_seg/2026-08-22/SatVideoIRSDT_v1__2026-08-22_08-27-32__F1OHEM-brtd3_raw_apmd_hybrid_rms_scratch_seed47_E100/checkpoints/best_model.pth
2026-08-23 01:21:52,421 - Model-rank0 - INFO - Saved early-stopping best checkpoint at /home/devbox/project/model/sjy/CSIG2026/Deeppro_v2/DeepPro-main/log/sem_seg/2026-08-22/SatVideoIRSDT_v1__2026-08-22_08-27-32__F1OHEM-brtd3_raw_apmd_hybrid_rms_scratch_seed47_E100/checkpoints/early_stopping_best_model.pth
2026-08-23 01:21:52,421 - Model-rank0 - INFO - Best mIoU_mid: 0.350038
2026-08-23 01:21:52,544 - Model-rank0 - INFO - CUDA memory after evaluation cleanup: allocated=0.017 GiB, reserved=0.447 GiB
2026-08-23 01:21:52,544 - Model-rank0 - INFO - **** Epoch 67/100 ****
2026-08-23 01:21:52,544 - Model-rank0 - INFO - Learning rate:0.000118
2026-08-23 01:30:44,045 - Model-rank0 - INFO - CUDA memory after training cleanup: allocated=0.017 GiB, reserved=0.449 GiB
2026-08-23 01:30:44,046 - Model-rank0 - INFO - Training mean loss: 0.317538
2026-08-23 01:30:44,046 - Model-rank0 - INFO - Training accuracy (IoU) of prediction: 0.621201
2026-08-23 01:30:44,046 - Model-rank0 - INFO - Training pixel precision: 0.834050
2026-08-23 01:30:44,046 - Model-rank0 - INFO - Training pixel recall: 0.708810
2026-08-23 01:30:44,046 - Model-rank0 - INFO - Training pixel F1: 0.766347
2026-08-23 01:30:44,046 - Model-rank0 - INFO - Training loss component tversky: 0.198830
2026-08-23 01:30:44,046 - Model-rank0 - INFO - Training loss component dice: 0.220101
2026-08-23 01:30:44,046 - Model-rank0 - INFO - Training loss component hard_margin: 0.856924
2026-08-23 01:30:44,046 - Model-rank0 - INFO - Training loss component hard_weight: 0.100000
2026-08-23 01:30:44,046 - Model-rank0 - INFO - ---- EPOCH 067 EVALUATION ----
2026-08-23 01:35:34,446 - Model-rank0 - INFO - Eval mean loss: 0.766544
2026-08-23 01:35:34,446 - Model-rank0 - INFO - Eval avg class IoU of prediction: 0.351690
2026-08-23 01:35:34,446 - Model-rank0 - INFO - Eval pixel precision: 0.789077
2026-08-23 01:35:34,446 - Model-rank0 - INFO - Eval pixel recall: 0.388183
2026-08-23 01:35:34,446 - Model-rank0 - INFO - Eval pixel F1: 0.520371
2026-08-23 01:35:34,446 - Model-rank0 - INFO - Early stopping eval_f1=0.520371; best=0.520371 at epoch 67; bad_epochs=0/30.
2026-08-23 01:35:34,477 - Model-rank0 - INFO - Saved recoverable checkpoint at /home/devbox/project/model/sjy/CSIG2026/Deeppro_v2/DeepPro-main/log/sem_seg/2026-08-22/SatVideoIRSDT_v1__2026-08-22_08-27-32__F1OHEM-brtd3_raw_apmd_hybrid_rms_scratch_seed47_E100/checkpoints/latest_model.pth
2026-08-23 01:35:34,496 - Model-rank0 - INFO - Saved epoch checkpoint at /home/devbox/project/model/sjy/CSIG2026/Deeppro_v2/DeepPro-main/log/sem_seg/2026-08-22/SatVideoIRSDT_v1__2026-08-22_08-27-32__F1OHEM-brtd3_raw_apmd_hybrid_rms_scratch_seed47_E100/checkpoints/epoch_67_model.pth
2026-08-23 01:35:34,517 - Model-rank0 - INFO - Saved best checkpoint at /home/devbox/project/model/sjy/CSIG2026/Deeppro_v2/DeepPro-main/log/sem_seg/2026-08-22/SatVideoIRSDT_v1__2026-08-22_08-27-32__F1OHEM-brtd3_raw_apmd_hybrid_rms_scratch_seed47_E100/checkpoints/best_model.pth
2026-08-23 01:35:34,538 - Model-rank0 - INFO - Saved early-stopping best checkpoint at /home/devbox/project/model/sjy/CSIG2026/Deeppro_v2/DeepPro-main/log/sem_seg/2026-08-22/SatVideoIRSDT_v1__2026-08-22_08-27-32__F1OHEM-brtd3_raw_apmd_hybrid_rms_scratch_seed47_E100/checkpoints/early_stopping_best_model.pth
2026-08-23 01:35:34,538 - Model-rank0 - INFO - Best mIoU_mid: 0.351690
2026-08-23 01:35:34,677 - Model-rank0 - INFO - CUDA memory after evaluation cleanup: allocated=0.017 GiB, reserved=0.449 GiB
2026-08-23 01:35:34,677 - Model-rank0 - INFO - **** Epoch 68/100 ****
2026-08-23 01:35:34,677 - Model-rank0 - INFO - Learning rate:0.000118
2026-08-23 01:44:14,060 - Model-rank0 - INFO - CUDA memory after training cleanup: allocated=0.017 GiB, reserved=0.447 GiB
2026-08-23 01:44:14,060 - Model-rank0 - INFO - Training mean loss: 0.323629
2026-08-23 01:44:14,060 - Model-rank0 - INFO - Training accuracy (IoU) of prediction: 0.623487
2026-08-23 01:44:14,060 - Model-rank0 - INFO - Training pixel precision: 0.832977
2026-08-23 01:44:14,061 - Model-rank0 - INFO - Training pixel recall: 0.712571
2026-08-23 01:44:14,061 - Model-rank0 - INFO - Training pixel F1: 0.768084
2026-08-23 01:44:14,061 - Model-rank0 - INFO - Training loss component tversky: 0.202523
2026-08-23 01:44:14,061 - Model-rank0 - INFO - Training loss component dice: 0.224587
2026-08-23 01:44:14,061 - Model-rank0 - INFO - Training loss component hard_margin: 0.874171
2026-08-23 01:44:14,061 - Model-rank0 - INFO - Training loss component hard_weight: 0.100000
2026-08-23 01:44:14,061 - Model-rank0 - INFO - ---- EPOCH 068 EVALUATION ----
2026-08-23 01:49:05,810 - Model-rank0 - INFO - Eval mean loss: 0.770927
2026-08-23 01:49:05,810 - Model-rank0 - INFO - Eval avg class IoU of prediction: 0.345993
2026-08-23 01:49:05,810 - Model-rank0 - INFO - Eval pixel precision: 0.792455
2026-08-23 01:49:05,810 - Model-rank0 - INFO - Eval pixel recall: 0.380470
2026-08-23 01:49:05,810 - Model-rank0 - INFO - Eval pixel F1: 0.514108
2026-08-23 01:49:05,810 - Model-rank0 - INFO - Early stopping eval_f1=0.514108; best=0.520371 at epoch 67; bad_epochs=1/30.
2026-08-23 01:49:05,837 - Model-rank0 - INFO - Saved recoverable checkpoint at /home/devbox/project/model/sjy/CSIG2026/Deeppro_v2/DeepPro-main/log/sem_seg/2026-08-22/SatVideoIRSDT_v1__2026-08-22_08-27-32__F1OHEM-brtd3_raw_apmd_hybrid_rms_scratch_seed47_E100/checkpoints/latest_model.pth
2026-08-23 01:49:05,837 - Model-rank0 - INFO - Best mIoU_mid: 0.351690
2026-08-23 01:49:05,967 - Model-rank0 - INFO - CUDA memory after evaluation cleanup: allocated=0.017 GiB, reserved=0.447 GiB
2026-08-23 01:49:05,967 - Model-rank0 - INFO - **** Epoch 69/100 ****
2026-08-23 01:49:05,967 - Model-rank0 - INFO - Learning rate:0.000118
2026-08-23 01:57:46,841 - Model-rank0 - INFO - CUDA memory after training cleanup: allocated=0.017 GiB, reserved=0.451 GiB
2026-08-23 01:57:46,842 - Model-rank0 - INFO - Training mean loss: 0.314995
2026-08-23 01:57:46,842 - Model-rank0 - INFO - Training accuracy (IoU) of prediction: 0.618306
2026-08-23 01:57:46,842 - Model-rank0 - INFO - Training pixel precision: 0.836248
2026-08-23 01:57:46,842 - Model-rank0 - INFO - Training pixel recall: 0.703479
2026-08-23 01:57:46,842 - Model-rank0 - INFO - Training pixel F1: 0.764140
2026-08-23 01:57:46,842 - Model-rank0 - INFO - Training loss component tversky: 0.196318
2026-08-23 01:57:46,842 - Model-rank0 - INFO - Training loss component dice: 0.217440
2026-08-23 01:57:46,842 - Model-rank0 - INFO - Training loss component hard_margin: 0.860610
2026-08-23 01:57:46,842 - Model-rank0 - INFO - Training loss component hard_weight: 0.100000
2026-08-23 01:57:46,842 - Model-rank0 - INFO - ---- EPOCH 069 EVALUATION ----
2026-08-23 02:02:37,786 - Model-rank0 - INFO - Eval mean loss: 0.771262
2026-08-23 02:02:37,787 - Model-rank0 - INFO - Eval avg class IoU of prediction: 0.347329
2026-08-23 02:02:37,787 - Model-rank0 - INFO - Eval pixel precision: 0.798923
2026-08-23 02:02:37,787 - Model-rank0 - INFO - Eval pixel recall: 0.380600
2026-08-23 02:02:37,787 - Model-rank0 - INFO - Eval pixel F1: 0.515582
2026-08-23 02:02:37,787 - Model-rank0 - INFO - Early stopping eval_f1=0.515582; best=0.520371 at epoch 67; bad_epochs=2/30.
2026-08-23 02:02:37,815 - Model-rank0 - INFO - Saved recoverable checkpoint at /home/devbox/project/model/sjy/CSIG2026/Deeppro_v2/DeepPro-main/log/sem_seg/2026-08-22/SatVideoIRSDT_v1__2026-08-22_08-27-32__F1OHEM-brtd3_raw_apmd_hybrid_rms_scratch_seed47_E100/checkpoints/latest_model.pth
2026-08-23 02:02:37,815 - Model-rank0 - INFO - Best mIoU_mid: 0.351690
2026-08-23 02:02:37,914 - Model-rank0 - INFO - CUDA memory after evaluation cleanup: allocated=0.017 GiB, reserved=0.447 GiB
2026-08-23 02:02:37,915 - Model-rank0 - INFO - **** Epoch 70/100 ****
2026-08-23 02:02:37,915 - Model-rank0 - INFO - Learning rate:0.000118
2026-08-23 02:10:58,416 - Model-rank0 - INFO - CUDA memory after training cleanup: allocated=0.017 GiB, reserved=0.451 GiB
2026-08-23 02:10:58,417 - Model-rank0 - INFO - Training mean loss: 0.321370
2026-08-23 02:10:58,417 - Model-rank0 - INFO - Training accuracy (IoU) of prediction: 0.611735
2026-08-23 02:10:58,417 - Model-rank0 - INFO - Training pixel precision: 0.833171
2026-08-23 02:10:58,417 - Model-rank0 - INFO - Training pixel recall: 0.697126
2026-08-23 02:10:58,417 - Model-rank0 - INFO - Training pixel F1: 0.759101
2026-08-23 02:10:58,417 - Model-rank0 - INFO - Training loss component tversky: 0.201079
2026-08-23 02:10:58,417 - Model-rank0 - INFO - Training loss component dice: 0.223262
2026-08-23 02:10:58,417 - Model-rank0 - INFO - Training loss component hard_margin: 0.868021
2026-08-23 02:10:58,417 - Model-rank0 - INFO - Training loss component hard_weight: 0.100000
2026-08-23 02:10:58,417 - Model-rank0 - INFO - ---- EPOCH 070 EVALUATION ----
2026-08-23 02:15:52,076 - Model-rank0 - INFO - Eval mean loss: 0.769632
2026-08-23 02:15:52,076 - Model-rank0 - INFO - Eval avg class IoU of prediction: 0.348048
2026-08-23 02:15:52,076 - Model-rank0 - INFO - Eval pixel precision: 0.794232
2026-08-23 02:15:52,076 - Model-rank0 - INFO - Eval pixel recall: 0.382543
2026-08-23 02:15:52,076 - Model-rank0 - INFO - Eval pixel F1: 0.516374
2026-08-23 02:15:52,076 - Model-rank0 - INFO - Early stopping eval_f1=0.516374; best=0.520371 at epoch 67; bad_epochs=3/30.
2026-08-23 02:15:52,105 - Model-rank0 - INFO - Saved recoverable checkpoint at /home/devbox/project/model/sjy/CSIG2026/Deeppro_v2/DeepPro-main/log/sem_seg/2026-08-22/SatVideoIRSDT_v1__2026-08-22_08-27-32__F1OHEM-brtd3_raw_apmd_hybrid_rms_scratch_seed47_E100/checkpoints/latest_model.pth
2026-08-23 02:15:52,127 - Model-rank0 - INFO - Saved epoch checkpoint at /home/devbox/project/model/sjy/CSIG2026/Deeppro_v2/DeepPro-main/log/sem_seg/2026-08-22/SatVideoIRSDT_v1__2026-08-22_08-27-32__F1OHEM-brtd3_raw_apmd_hybrid_rms_scratch_seed47_E100/checkpoints/epoch_70_model.pth
2026-08-23 02:15:52,127 - Model-rank0 - INFO - Best mIoU_mid: 0.351690
2026-08-23 02:15:52,277 - Model-rank0 - INFO - CUDA memory after evaluation cleanup: allocated=0.017 GiB, reserved=0.449 GiB
2026-08-23 02:15:52,277 - Model-rank0 - INFO - **** Epoch 71/100 ****
2026-08-23 02:15:52,277 - Model-rank0 - INFO - Learning rate:0.000082
2026-08-23 02:24:32,158 - Model-rank0 - INFO - CUDA memory after training cleanup: allocated=0.017 GiB, reserved=0.449 GiB
2026-08-23 02:24:32,158 - Model-rank0 - INFO - Training mean loss: 0.317545
2026-08-23 02:24:32,158 - Model-rank0 - INFO - Training accuracy (IoU) of prediction: 0.617611
2026-08-23 02:24:32,158 - Model-rank0 - INFO - Training pixel precision: 0.830782
2026-08-23 02:24:32,158 - Model-rank0 - INFO - Training pixel recall: 0.706485
2026-08-23 02:24:32,158 - Model-rank0 - INFO - Training pixel F1: 0.763609
2026-08-23 02:24:32,158 - Model-rank0 - INFO - Training loss component tversky: 0.199789
2026-08-23 02:24:32,158 - Model-rank0 - INFO - Training loss component dice: 0.221253
2026-08-23 02:24:32,158 - Model-rank0 - INFO - Training loss component hard_margin: 0.845681
2026-08-23 02:24:32,158 - Model-rank0 - INFO - Training loss component hard_weight: 0.100000
2026-08-23 02:24:32,158 - Model-rank0 - INFO - ---- EPOCH 071 EVALUATION ----
2026-08-23 02:29:26,384 - Model-rank0 - INFO - Eval mean loss: 0.777355
2026-08-23 02:29:26,385 - Model-rank0 - INFO - Eval avg class IoU of prediction: 0.340305
2026-08-23 02:29:26,385 - Model-rank0 - INFO - Eval pixel precision: 0.803174
2026-08-23 02:29:26,385 - Model-rank0 - INFO - Eval pixel recall: 0.371267
2026-08-23 02:29:26,385 - Model-rank0 - INFO - Eval pixel F1: 0.507803
2026-08-23 02:29:26,385 - Model-rank0 - INFO - Early stopping eval_f1=0.507803; best=0.520371 at epoch 67; bad_epochs=4/30.
2026-08-23 02:29:26,412 - Model-rank0 - INFO - Saved recoverable checkpoint at /home/devbox/project/model/sjy/CSIG2026/Deeppro_v2/DeepPro-main/log/sem_seg/2026-08-22/SatVideoIRSDT_v1__2026-08-22_08-27-32__F1OHEM-brtd3_raw_apmd_hybrid_rms_scratch_seed47_E100/checkpoints/latest_model.pth
2026-08-23 02:29:26,412 - Model-rank0 - INFO - Best mIoU_mid: 0.351690
2026-08-23 02:29:26,512 - Model-rank0 - INFO - CUDA memory after evaluation cleanup: allocated=0.017 GiB, reserved=0.447 GiB
2026-08-23 02:29:26,512 - Model-rank0 - INFO - **** Epoch 72/100 ****
2026-08-23 02:29:26,512 - Model-rank0 - INFO - Learning rate:0.000082
2026-08-23 02:38:07,104 - Model-rank0 - INFO - CUDA memory after training cleanup: allocated=0.017 GiB, reserved=0.451 GiB
2026-08-23 02:38:07,104 - Model-rank0 - INFO - Training mean loss: 0.318990
2026-08-23 02:38:07,104 - Model-rank0 - INFO - Training accuracy (IoU) of prediction: 0.614769
2026-08-23 02:38:07,104 - Model-rank0 - INFO - Training pixel precision: 0.833942
2026-08-23 02:38:07,104 - Model-rank0 - INFO - Training pixel recall: 0.700525
2026-08-23 02:38:07,104 - Model-rank0 - INFO - Training pixel F1: 0.761433
2026-08-23 02:38:07,104 - Model-rank0 - INFO - Training loss component tversky: 0.200454
2026-08-23 02:38:07,104 - Model-rank0 - INFO - Training loss component dice: 0.221633
2026-08-23 02:38:07,104 - Model-rank0 - INFO - Training loss component hard_margin: 0.852915
2026-08-23 02:38:07,104 - Model-rank0 - INFO - Training loss component hard_weight: 0.100000
2026-08-23 02:38:07,104 - Model-rank0 - INFO - ---- EPOCH 072 EVALUATION ----
2026-08-23 02:43:02,145 - Model-rank0 - INFO - Eval mean loss: 0.762135
2026-08-23 02:43:02,145 - Model-rank0 - INFO - Eval avg class IoU of prediction: 0.356895
2026-08-23 02:43:02,145 - Model-rank0 - INFO - Eval pixel precision: 0.782640
2026-08-23 02:43:02,145 - Model-rank0 - INFO - Eval pixel recall: 0.396163
2026-08-23 02:43:02,145 - Model-rank0 - INFO - Eval pixel F1: 0.526047
2026-08-23 02:43:02,145 - Model-rank0 - INFO - Early stopping eval_f1=0.526047; best=0.526047 at epoch 72; bad_epochs=0/30.
2026-08-23 02:43:02,174 - Model-rank0 - INFO - Saved recoverable checkpoint at /home/devbox/project/model/sjy/CSIG2026/Deeppro_v2/DeepPro-main/log/sem_seg/2026-08-22/SatVideoIRSDT_v1__2026-08-22_08-27-32__F1OHEM-brtd3_raw_apmd_hybrid_rms_scratch_seed47_E100/checkpoints/latest_model.pth
2026-08-23 02:43:02,194 - Model-rank0 - INFO - Saved epoch checkpoint at /home/devbox/project/model/sjy/CSIG2026/Deeppro_v2/DeepPro-main/log/sem_seg/2026-08-22/SatVideoIRSDT_v1__2026-08-22_08-27-32__F1OHEM-brtd3_raw_apmd_hybrid_rms_scratch_seed47_E100/checkpoints/epoch_72_model.pth
2026-08-23 02:43:02,215 - Model-rank0 - INFO - Saved best checkpoint at /home/devbox/project/model/sjy/CSIG2026/Deeppro_v2/DeepPro-main/log/sem_seg/2026-08-22/SatVideoIRSDT_v1__2026-08-22_08-27-32__F1OHEM-brtd3_raw_apmd_hybrid_rms_scratch_seed47_E100/checkpoints/best_model.pth
2026-08-23 02:43:02,236 - Model-rank0 - INFO - Saved early-stopping best checkpoint at /home/devbox/project/model/sjy/CSIG2026/Deeppro_v2/DeepPro-main/log/sem_seg/2026-08-22/SatVideoIRSDT_v1__2026-08-22_08-27-32__F1OHEM-brtd3_raw_apmd_hybrid_rms_scratch_seed47_E100/checkpoints/early_stopping_best_model.pth
2026-08-23 02:43:02,236 - Model-rank0 - INFO - Best mIoU_mid: 0.356895
2026-08-23 02:43:02,346 - Model-rank0 - INFO - CUDA memory after evaluation cleanup: allocated=0.017 GiB, reserved=0.447 GiB
2026-08-23 02:43:02,346 - Model-rank0 - INFO - **** Epoch 73/100 ****
2026-08-23 02:43:02,346 - Model-rank0 - INFO - Learning rate:0.000082
2026-08-23 02:51:29,656 - Model-rank0 - INFO - CUDA memory after training cleanup: allocated=0.017 GiB, reserved=0.449 GiB
2026-08-23 02:51:29,656 - Model-rank0 - INFO - Training mean loss: 0.312014
2026-08-23 02:51:29,656 - Model-rank0 - INFO - Training accuracy (IoU) of prediction: 0.619640
2026-08-23 02:51:29,656 - Model-rank0 - INFO - Training pixel precision: 0.828801
2026-08-23 02:51:29,656 - Model-rank0 - INFO - Training pixel recall: 0.710592
2026-08-23 02:51:29,657 - Model-rank0 - INFO - Training pixel F1: 0.765158
2026-08-23 02:51:29,657 - Model-rank0 - INFO - Training loss component tversky: 0.196591
2026-08-23 02:51:29,657 - Model-rank0 - INFO - Training loss component dice: 0.217510
2026-08-23 02:51:29,657 - Model-rank0 - INFO - Training loss component hard_margin: 0.827968
2026-08-23 02:51:29,657 - Model-rank0 - INFO - Training loss component hard_weight: 0.100000
2026-08-23 02:51:29,657 - Model-rank0 - INFO - ---- EPOCH 073 EVALUATION ----
2026-08-23 02:56:43,306 - Model-rank0 - INFO - Eval mean loss: 0.773719
2026-08-23 02:56:43,306 - Model-rank0 - INFO - Eval avg class IoU of prediction: 0.344528
2026-08-23 02:56:43,306 - Model-rank0 - INFO - Eval pixel precision: 0.809881
2026-08-23 02:56:43,306 - Model-rank0 - INFO - Eval pixel recall: 0.374844
2026-08-23 02:56:43,306 - Model-rank0 - INFO - Eval pixel F1: 0.512489
2026-08-23 02:56:43,306 - Model-rank0 - INFO - Early stopping eval_f1=0.512489; best=0.526047 at epoch 72; bad_epochs=1/30.
2026-08-23 02:56:43,337 - Model-rank0 - INFO - Saved recoverable checkpoint at /home/devbox/project/model/sjy/CSIG2026/Deeppro_v2/DeepPro-main/log/sem_seg/2026-08-22/SatVideoIRSDT_v1__2026-08-22_08-27-32__F1OHEM-brtd3_raw_apmd_hybrid_rms_scratch_seed47_E100/checkpoints/latest_model.pth
2026-08-23 02:56:43,337 - Model-rank0 - INFO - Best mIoU_mid: 0.356895
2026-08-23 02:56:43,511 - Model-rank0 - INFO - CUDA memory after evaluation cleanup: allocated=0.017 GiB, reserved=0.449 GiB
2026-08-23 02:56:43,511 - Model-rank0 - INFO - **** Epoch 74/100 ****
2026-08-23 02:56:43,511 - Model-rank0 - INFO - Learning rate:0.000082
2026-08-23 03:06:32,295 - Model-rank0 - INFO - CUDA memory after training cleanup: allocated=0.017 GiB, reserved=0.449 GiB
2026-08-23 03:06:32,295 - Model-rank0 - INFO - Training mean loss: 0.318950
2026-08-23 03:06:32,295 - Model-rank0 - INFO - Training accuracy (IoU) of prediction: 0.614983
2026-08-23 03:06:32,295 - Model-rank0 - INFO - Training pixel precision: 0.827274
2026-08-23 03:06:32,295 - Model-rank0 - INFO - Training pixel recall: 0.705581
2026-08-23 03:06:32,295 - Model-rank0 - INFO - Training pixel F1: 0.761597
2026-08-23 03:06:32,295 - Model-rank0 - INFO - Training loss component tversky: 0.199572
2026-08-23 03:06:32,295 - Model-rank0 - INFO - Training loss component dice: 0.221553
2026-08-23 03:06:32,295 - Model-rank0 - INFO - Training loss component hard_margin: 0.861458
2026-08-23 03:06:32,295 - Model-rank0 - INFO - Training loss component hard_weight: 0.100000
2026-08-23 03:06:32,296 - Model-rank0 - INFO - ---- EPOCH 074 EVALUATION ----
2026-08-23 03:11:28,849 - Model-rank0 - INFO - Eval mean loss: 0.771843
2026-08-23 03:11:28,849 - Model-rank0 - INFO - Eval avg class IoU of prediction: 0.347457
2026-08-23 03:11:28,849 - Model-rank0 - INFO - Eval pixel precision: 0.802748
2026-08-23 03:11:28,849 - Model-rank0 - INFO - Eval pixel recall: 0.379891
2026-08-23 03:11:28,849 - Model-rank0 - INFO - Eval pixel F1: 0.515723
2026-08-23 03:11:28,849 - Model-rank0 - INFO - Early stopping eval_f1=0.515723; best=0.526047 at epoch 72; bad_epochs=2/30.
2026-08-23 03:11:28,879 - Model-rank0 - INFO - Saved recoverable checkpoint at /home/devbox/project/model/sjy/CSIG2026/Deeppro_v2/DeepPro-main/log/sem_seg/2026-08-22/SatVideoIRSDT_v1__2026-08-22_08-27-32__F1OHEM-brtd3_raw_apmd_hybrid_rms_scratch_seed47_E100/checkpoints/latest_model.pth
2026-08-23 03:11:28,879 - Model-rank0 - INFO - Best mIoU_mid: 0.356895
2026-08-23 03:11:29,044 - Model-rank0 - INFO - CUDA memory after evaluation cleanup: allocated=0.017 GiB, reserved=0.449 GiB
2026-08-23 03:11:29,044 - Model-rank0 - INFO - **** Epoch 75/100 ****
2026-08-23 03:11:29,044 - Model-rank0 - INFO - Learning rate:0.000082
2026-08-23 03:20:00,794 - Model-rank0 - INFO - CUDA memory after training cleanup: allocated=0.017 GiB, reserved=0.449 GiB
2026-08-23 03:20:00,795 - Model-rank0 - INFO - Training mean loss: 0.315949
2026-08-23 03:20:00,795 - Model-rank0 - INFO - Training accuracy (IoU) of prediction: 0.616195
2026-08-23 03:20:00,795 - Model-rank0 - INFO - Training pixel precision: 0.834328
2026-08-23 03:20:00,795 - Model-rank0 - INFO - Training pixel recall: 0.702103
2026-08-23 03:20:00,795 - Model-rank0 - INFO - Training pixel F1: 0.762526
2026-08-23 03:20:00,795 - Model-rank0 - INFO - Training loss component tversky: 0.198191
2026-08-23 03:20:00,795 - Model-rank0 - INFO - Training loss component dice: 0.219642
2026-08-23 03:20:00,795 - Model-rank0 - INFO - Training loss component hard_margin: 0.848122
2026-08-23 03:20:00,795 - Model-rank0 - INFO - Training loss component hard_weight: 0.100000
2026-08-23 03:20:00,795 - Model-rank0 - INFO - ---- EPOCH 075 EVALUATION ----
2026-08-23 03:24:57,121 - Model-rank0 - INFO - Eval mean loss: 0.769254
2026-08-23 03:24:57,121 - Model-rank0 - INFO - Eval avg class IoU of prediction: 0.349050
2026-08-23 03:24:57,121 - Model-rank0 - INFO - Eval pixel precision: 0.793266
2026-08-23 03:24:57,121 - Model-rank0 - INFO - Eval pixel recall: 0.383979
2026-08-23 03:24:57,121 - Model-rank0 - INFO - Eval pixel F1: 0.517475
2026-08-23 03:24:57,121 - Model-rank0 - INFO - Early stopping eval_f1=0.517475; best=0.526047 at epoch 72; bad_epochs=3/30.
2026-08-23 03:24:57,150 - Model-rank0 - INFO - Saved recoverable checkpoint at /home/devbox/project/model/sjy/CSIG2026/Deeppro_v2/DeepPro-main/log/sem_seg/2026-08-22/SatVideoIRSDT_v1__2026-08-22_08-27-32__F1OHEM-brtd3_raw_apmd_hybrid_rms_scratch_seed47_E100/checkpoints/latest_model.pth
2026-08-23 03:24:57,169 - Model-rank0 - INFO - Saved epoch checkpoint at /home/devbox/project/model/sjy/CSIG2026/Deeppro_v2/DeepPro-main/log/sem_seg/2026-08-22/SatVideoIRSDT_v1__2026-08-22_08-27-32__F1OHEM-brtd3_raw_apmd_hybrid_rms_scratch_seed47_E100/checkpoints/epoch_75_model.pth
2026-08-23 03:24:57,169 - Model-rank0 - INFO - Best mIoU_mid: 0.356895
2026-08-23 03:24:57,316 - Model-rank0 - INFO - CUDA memory after evaluation cleanup: allocated=0.017 GiB, reserved=0.447 GiB
2026-08-23 03:24:57,316 - Model-rank0 - INFO - **** Epoch 76/100 ****
2026-08-23 03:24:57,316 - Model-rank0 - INFO - Learning rate:0.000082
2026-08-23 03:33:19,752 - Model-rank0 - INFO - CUDA memory after training cleanup: allocated=0.017 GiB, reserved=0.453 GiB
2026-08-23 03:33:19,753 - Model-rank0 - INFO - Training mean loss: 0.312844
2026-08-23 03:33:19,753 - Model-rank0 - INFO - Training accuracy (IoU) of prediction: 0.635190
2026-08-23 03:33:19,753 - Model-rank0 - INFO - Training pixel precision: 0.839746
2026-08-23 03:33:19,753 - Model-rank0 - INFO - Training pixel recall: 0.722806
2026-08-23 03:33:19,753 - Model-rank0 - INFO - Training pixel F1: 0.776901
2026-08-23 03:33:19,753 - Model-rank0 - INFO - Training loss component tversky: 0.196368
2026-08-23 03:33:19,753 - Model-rank0 - INFO - Training loss component dice: 0.217906
2026-08-23 03:33:19,753 - Model-rank0 - INFO - Training loss component hard_margin: 0.837907
2026-08-23 03:33:19,753 - Model-rank0 - INFO - Training loss component hard_weight: 0.100000
2026-08-23 03:33:19,753 - Model-rank0 - INFO - ---- EPOCH 076 EVALUATION ----
2026-08-23 03:38:13,561 - Model-rank0 - INFO - Eval mean loss: 0.776839
2026-08-23 03:38:13,561 - Model-rank0 - INFO - Eval avg class IoU of prediction: 0.344005
2026-08-23 03:38:13,561 - Model-rank0 - INFO - Eval pixel precision: 0.807488
2026-08-23 03:38:13,561 - Model-rank0 - INFO - Eval pixel recall: 0.374739
2026-08-23 03:38:13,561 - Model-rank0 - INFO - Eval pixel F1: 0.511910
2026-08-23 03:38:13,561 - Model-rank0 - INFO - Early stopping eval_f1=0.511910; best=0.526047 at epoch 72; bad_epochs=4/30.
2026-08-23 03:38:13,588 - Model-rank0 - INFO - Saved recoverable checkpoint at /home/devbox/project/model/sjy/CSIG2026/Deeppro_v2/DeepPro-main/log/sem_seg/2026-08-22/SatVideoIRSDT_v1__2026-08-22_08-27-32__F1OHEM-brtd3_raw_apmd_hybrid_rms_scratch_seed47_E100/checkpoints/latest_model.pth
2026-08-23 03:38:13,588 - Model-rank0 - INFO - Best mIoU_mid: 0.356895
2026-08-23 03:38:13,716 - Model-rank0 - INFO - CUDA memory after evaluation cleanup: allocated=0.017 GiB, reserved=0.449 GiB
2026-08-23 03:38:13,716 - Model-rank0 - INFO - **** Epoch 77/100 ****
2026-08-23 03:38:13,716 - Model-rank0 - INFO - Learning rate:0.000082
2026-08-23 03:46:32,901 - Model-rank0 - INFO - CUDA memory after training cleanup: allocated=0.017 GiB, reserved=0.449 GiB
2026-08-23 03:46:32,902 - Model-rank0 - INFO - Training mean loss: 0.317148
2026-08-23 03:46:32,902 - Model-rank0 - INFO - Training accuracy (IoU) of prediction: 0.609619
2026-08-23 03:46:32,902 - Model-rank0 - INFO - Training pixel precision: 0.833847
2026-08-23 03:46:32,902 - Model-rank0 - INFO - Training pixel recall: 0.693910
2026-08-23 03:46:32,902 - Model-rank0 - INFO - Training pixel F1: 0.757470
2026-08-23 03:46:32,902 - Model-rank0 - INFO - Training loss component tversky: 0.199395
2026-08-23 03:46:32,902 - Model-rank0 - INFO - Training loss component dice: 0.220367
2026-08-23 03:46:32,902 - Model-rank0 - INFO - Training loss component hard_margin: 0.846983
2026-08-23 03:46:32,902 - Model-rank0 - INFO - Training loss component hard_weight: 0.100000
2026-08-23 03:46:32,902 - Model-rank0 - INFO - ---- EPOCH 077 EVALUATION ----
2026-08-23 03:51:28,150 - Model-rank0 - INFO - Eval mean loss: 0.769581
2026-08-23 03:51:28,150 - Model-rank0 - INFO - Eval avg class IoU of prediction: 0.351537
2026-08-23 03:51:28,150 - Model-rank0 - INFO - Eval pixel precision: 0.788642
2026-08-23 03:51:28,150 - Model-rank0 - INFO - Eval pixel recall: 0.388101
2026-08-23 03:51:28,150 - Model-rank0 - INFO - Eval pixel F1: 0.520203
2026-08-23 03:51:28,150 - Model-rank0 - INFO - Early stopping eval_f1=0.520203; best=0.526047 at epoch 72; bad_epochs=5/30.
2026-08-23 03:51:28,177 - Model-rank0 - INFO - Saved recoverable checkpoint at /home/devbox/project/model/sjy/CSIG2026/Deeppro_v2/DeepPro-main/log/sem_seg/2026-08-22/SatVideoIRSDT_v1__2026-08-22_08-27-32__F1OHEM-brtd3_raw_apmd_hybrid_rms_scratch_seed47_E100/checkpoints/latest_model.pth
2026-08-23 03:51:28,177 - Model-rank0 - INFO - Best mIoU_mid: 0.356895
2026-08-23 03:51:28,328 - Model-rank0 - INFO - CUDA memory after evaluation cleanup: allocated=0.017 GiB, reserved=0.447 GiB
2026-08-23 03:51:28,328 - Model-rank0 - INFO - **** Epoch 78/100 ****
2026-08-23 03:51:28,328 - Model-rank0 - INFO - Learning rate:0.000082
2026-08-23 04:00:00,127 - Model-rank0 - INFO - CUDA memory after training cleanup: allocated=0.017 GiB, reserved=0.451 GiB
2026-08-23 04:00:00,127 - Model-rank0 - INFO - Training mean loss: 0.315935
2026-08-23 04:00:00,127 - Model-rank0 - INFO - Training accuracy (IoU) of prediction: 0.612397
2026-08-23 04:00:00,127 - Model-rank0 - INFO - Training pixel precision: 0.831053
2026-08-23 04:00:00,127 - Model-rank0 - INFO - Training pixel recall: 0.699480
2026-08-23 04:00:00,128 - Model-rank0 - INFO - Training pixel F1: 0.759611
2026-08-23 04:00:00,128 - Model-rank0 - INFO - Training loss component tversky: 0.199797
2026-08-23 04:00:00,128 - Model-rank0 - INFO - Training loss component dice: 0.220714
2026-08-23 04:00:00,128 - Model-rank0 - INFO - Training loss component hard_margin: 0.830317
2026-08-23 04:00:00,128 - Model-rank0 - INFO - Training loss component hard_weight: 0.100000
2026-08-23 04:00:00,128 - Model-rank0 - INFO - ---- EPOCH 078 EVALUATION ----
2026-08-23 04:04:54,978 - Model-rank0 - INFO - Eval mean loss: 0.766424
2026-08-23 04:04:54,978 - Model-rank0 - INFO - Eval avg class IoU of prediction: 0.354629
2026-08-23 04:04:54,978 - Model-rank0 - INFO - Eval pixel precision: 0.780502
2026-08-23 04:04:54,978 - Model-rank0 - INFO - Eval pixel recall: 0.393915
2026-08-23 04:04:54,978 - Model-rank0 - INFO - Eval pixel F1: 0.523581
2026-08-23 04:04:54,978 - Model-rank0 - INFO - Early stopping eval_f1=0.523581; best=0.526047 at epoch 72; bad_epochs=6/30.
2026-08-23 04:04:55,005 - Model-rank0 - INFO - Saved recoverable checkpoint at /home/devbox/project/model/sjy/CSIG2026/Deeppro_v2/DeepPro-main/log/sem_seg/2026-08-22/SatVideoIRSDT_v1__2026-08-22_08-27-32__F1OHEM-brtd3_raw_apmd_hybrid_rms_scratch_seed47_E100/checkpoints/latest_model.pth
2026-08-23 04:04:55,005 - Model-rank0 - INFO - Best mIoU_mid: 0.356895
2026-08-23 04:04:55,163 - Model-rank0 - INFO - CUDA memory after evaluation cleanup: allocated=0.017 GiB, reserved=0.449 GiB
2026-08-23 04:04:55,163 - Model-rank0 - INFO - **** Epoch 79/100 ****
2026-08-23 04:04:55,163 - Model-rank0 - INFO - Learning rate:0.000082
2026-08-23 04:13:40,360 - Model-rank0 - INFO - CUDA memory after training cleanup: allocated=0.017 GiB, reserved=0.449 GiB
2026-08-23 04:13:40,360 - Model-rank0 - INFO - Training mean loss: 0.306198
2026-08-23 04:13:40,360 - Model-rank0 - INFO - Training accuracy (IoU) of prediction: 0.613255
2026-08-23 04:13:40,360 - Model-rank0 - INFO - Training pixel precision: 0.831869
2026-08-23 04:13:40,360 - Model-rank0 - INFO - Training pixel recall: 0.700020
2026-08-23 04:13:40,360 - Model-rank0 - INFO - Training pixel F1: 0.760270
2026-08-23 04:13:40,360 - Model-rank0 - INFO - Training loss component tversky: 0.193321
2026-08-23 04:13:40,360 - Model-rank0 - INFO - Training loss component dice: 0.213689
2026-08-23 04:13:40,360 - Model-rank0 - INFO - Training loss component hard_margin: 0.808228
2026-08-23 04:13:40,360 - Model-rank0 - INFO - Training loss component hard_weight: 0.100000
2026-08-23 04:13:40,361 - Model-rank0 - INFO - ---- EPOCH 079 EVALUATION ----
2026-08-23 04:18:35,008 - Model-rank0 - INFO - Eval mean loss: 0.764698
2026-08-23 04:18:35,008 - Model-rank0 - INFO - Eval avg class IoU of prediction: 0.354063
2026-08-23 04:18:35,008 - Model-rank0 - INFO - Eval pixel precision: 0.783233
2026-08-23 04:18:35,008 - Model-rank0 - INFO - Eval pixel recall: 0.392527
2026-08-23 04:18:35,008 - Model-rank0 - INFO - Eval pixel F1: 0.522964
2026-08-23 04:18:35,008 - Model-rank0 - INFO - Early stopping eval_f1=0.522964; best=0.526047 at epoch 72; bad_epochs=7/30.
2026-08-23 04:18:35,035 - Model-rank0 - INFO - Saved recoverable checkpoint at /home/devbox/project/model/sjy/CSIG2026/Deeppro_v2/DeepPro-main/log/sem_seg/2026-08-22/SatVideoIRSDT_v1__2026-08-22_08-27-32__F1OHEM-brtd3_raw_apmd_hybrid_rms_scratch_seed47_E100/checkpoints/latest_model.pth
2026-08-23 04:18:35,036 - Model-rank0 - INFO - Best mIoU_mid: 0.356895
2026-08-23 04:18:35,169 - Model-rank0 - INFO - CUDA memory after evaluation cleanup: allocated=0.017 GiB, reserved=0.447 GiB
2026-08-23 04:18:35,170 - Model-rank0 - INFO - **** Epoch 80/100 ****
2026-08-23 04:18:35,170 - Model-rank0 - INFO - Learning rate:0.000082
2026-08-23 04:26:37,916 - Model-rank0 - INFO - CUDA memory after training cleanup: allocated=0.017 GiB, reserved=0.451 GiB
2026-08-23 04:26:37,916 - Model-rank0 - INFO - Training mean loss: 0.311584
2026-08-23 04:26:37,916 - Model-rank0 - INFO - Training accuracy (IoU) of prediction: 0.635929
2026-08-23 04:26:37,916 - Model-rank0 - INFO - Training pixel precision: 0.834565
2026-08-23 04:26:37,916 - Model-rank0 - INFO - Training pixel recall: 0.727657
2026-08-23 04:26:37,916 - Model-rank0 - INFO - Training pixel F1: 0.777453
2026-08-23 04:26:37,916 - Model-rank0 - INFO - Training loss component tversky: 0.196271
2026-08-23 04:26:37,916 - Model-rank0 - INFO - Training loss component dice: 0.217185
2026-08-23 04:26:37,916 - Model-rank0 - INFO - Training loss component hard_margin: 0.827355
2026-08-23 04:26:37,916 - Model-rank0 - INFO - Training loss component hard_weight: 0.100000
2026-08-23 04:26:37,916 - Model-rank0 - INFO - ---- EPOCH 080 EVALUATION ----
2026-08-23 04:31:35,412 - Model-rank0 - INFO - Eval mean loss: 0.773233
2026-08-23 04:31:35,412 - Model-rank0 - INFO - Eval avg class IoU of prediction: 0.341951
2026-08-23 04:31:35,412 - Model-rank0 - INFO - Eval pixel precision: 0.801842
2026-08-23 04:31:35,412 - Model-rank0 - INFO - Eval pixel recall: 0.373515
2026-08-23 04:31:35,412 - Model-rank0 - INFO - Eval pixel F1: 0.509633
2026-08-23 04:31:35,412 - Model-rank0 - INFO - Early stopping eval_f1=0.509633; best=0.526047 at epoch 72; bad_epochs=8/30.
2026-08-23 04:31:35,446 - Model-rank0 - INFO - Saved recoverable checkpoint at /home/devbox/project/model/sjy/CSIG2026/Deeppro_v2/DeepPro-main/log/sem_seg/2026-08-22/SatVideoIRSDT_v1__2026-08-22_08-27-32__F1OHEM-brtd3_raw_apmd_hybrid_rms_scratch_seed47_E100/checkpoints/latest_model.pth
2026-08-23 04:31:35,464 - Model-rank0 - INFO - Saved epoch checkpoint at /home/devbox/project/model/sjy/CSIG2026/Deeppro_v2/DeepPro-main/log/sem_seg/2026-08-22/SatVideoIRSDT_v1__2026-08-22_08-27-32__F1OHEM-brtd3_raw_apmd_hybrid_rms_scratch_seed47_E100/checkpoints/epoch_80_model.pth
2026-08-23 04:31:35,464 - Model-rank0 - INFO - Best mIoU_mid: 0.356895
2026-08-23 04:31:35,561 - Model-rank0 - INFO - CUDA memory after evaluation cleanup: allocated=0.017 GiB, reserved=0.447 GiB
2026-08-23 04:31:35,562 - Model-rank0 - INFO - **** Epoch 81/100 ****
2026-08-23 04:31:35,562 - Model-rank0 - INFO - Learning rate:0.000058
2026-08-23 04:39:33,803 - Model-rank0 - INFO - CUDA memory after training cleanup: allocated=0.017 GiB, reserved=0.449 GiB
2026-08-23 04:39:33,803 - Model-rank0 - INFO - Training mean loss: 0.315707
2026-08-23 04:39:33,804 - Model-rank0 - INFO - Training accuracy (IoU) of prediction: 0.622100
2026-08-23 04:39:33,804 - Model-rank0 - INFO - Training pixel precision: 0.830775
2026-08-23 04:39:33,804 - Model-rank0 - INFO - Training pixel recall: 0.712371
2026-08-23 04:39:33,804 - Model-rank0 - INFO - Training pixel F1: 0.767030
2026-08-23 04:39:33,804 - Model-rank0 - INFO - Training loss component tversky: 0.198417
2026-08-23 04:39:33,804 - Model-rank0 - INFO - Training loss component dice: 0.219659
2026-08-23 04:39:33,804 - Model-rank0 - INFO - Training loss component hard_margin: 0.843414
2026-08-23 04:39:33,804 - Model-rank0 - INFO - Training loss component hard_weight: 0.100000
2026-08-23 04:39:33,804 - Model-rank0 - INFO - ---- EPOCH 081 EVALUATION ----
2026-08-23 04:44:31,066 - Model-rank0 - INFO - Eval mean loss: 0.764429
2026-08-23 04:44:31,067 - Model-rank0 - INFO - Eval avg class IoU of prediction: 0.347639
2026-08-23 04:44:31,067 - Model-rank0 - INFO - Eval pixel precision: 0.809821
2026-08-23 04:44:31,067 - Model-rank0 - INFO - Eval pixel recall: 0.378543
2026-08-23 04:44:31,067 - Model-rank0 - INFO - Eval pixel F1: 0.515923
2026-08-23 04:44:31,067 - Model-rank0 - INFO - Early stopping eval_f1=0.515923; best=0.526047 at epoch 72; bad_epochs=9/30.
2026-08-23 04:44:31,099 - Model-rank0 - INFO - Saved recoverable checkpoint at /home/devbox/project/model/sjy/CSIG2026/Deeppro_v2/DeepPro-main/log/sem_seg/2026-08-22/SatVideoIRSDT_v1__2026-08-22_08-27-32__F1OHEM-brtd3_raw_apmd_hybrid_rms_scratch_seed47_E100/checkpoints/latest_model.pth
2026-08-23 04:44:31,099 - Model-rank0 - INFO - Best mIoU_mid: 0.356895
2026-08-23 04:44:31,231 - Model-rank0 - INFO - CUDA memory after evaluation cleanup: allocated=0.017 GiB, reserved=0.447 GiB
2026-08-23 04:44:31,231 - Model-rank0 - INFO - **** Epoch 82/100 ****
2026-08-23 04:44:31,231 - Model-rank0 - INFO - Learning rate:0.000058
2026-08-23 04:52:40,519 - Model-rank0 - INFO - CUDA memory after training cleanup: allocated=0.017 GiB, reserved=0.451 GiB
2026-08-23 04:52:40,519 - Model-rank0 - INFO - Training mean loss: 0.304553
2026-08-23 04:52:40,519 - Model-rank0 - INFO - Training accuracy (IoU) of prediction: 0.630242
2026-08-23 04:52:40,519 - Model-rank0 - INFO - Training pixel precision: 0.836920
2026-08-23 04:52:40,520 - Model-rank0 - INFO - Training pixel recall: 0.718476
2026-08-23 04:52:40,520 - Model-rank0 - INFO - Training pixel F1: 0.773188
2026-08-23 04:52:40,520 - Model-rank0 - INFO - Training loss component tversky: 0.192076
2026-08-23 04:52:40,520 - Model-rank0 - INFO - Training loss component dice: 0.212679
2026-08-23 04:52:40,520 - Model-rank0 - INFO - Training loss component hard_margin: 0.805752
2026-08-23 04:52:40,520 - Model-rank0 - INFO - Training loss component hard_weight: 0.100000
2026-08-23 04:52:40,520 - Model-rank0 - INFO - ---- EPOCH 082 EVALUATION ----
2026-08-23 04:57:38,074 - Model-rank0 - INFO - Eval mean loss: 0.763514
2026-08-23 04:57:38,074 - Model-rank0 - INFO - Eval avg class IoU of prediction: 0.353026
2026-08-23 04:57:38,074 - Model-rank0 - INFO - Eval pixel precision: 0.793763
2026-08-23 04:57:38,074 - Model-rank0 - INFO - Eval pixel recall: 0.388677
2026-08-23 04:57:38,075 - Model-rank0 - INFO - Eval pixel F1: 0.521832
2026-08-23 04:57:38,075 - Model-rank0 - INFO - Early stopping eval_f1=0.521832; best=0.526047 at epoch 72; bad_epochs=10/30.
2026-08-23 04:57:38,104 - Model-rank0 - INFO - Saved recoverable checkpoint at /home/devbox/project/model/sjy/CSIG2026/Deeppro_v2/DeepPro-main/log/sem_seg/2026-08-22/SatVideoIRSDT_v1__2026-08-22_08-27-32__F1OHEM-brtd3_raw_apmd_hybrid_rms_scratch_seed47_E100/checkpoints/latest_model.pth
2026-08-23 04:57:38,104 - Model-rank0 - INFO - Best mIoU_mid: 0.356895
2026-08-23 04:57:38,207 - Model-rank0 - INFO - CUDA memory after evaluation cleanup: allocated=0.017 GiB, reserved=0.447 GiB
2026-08-23 04:57:38,207 - Model-rank0 - INFO - **** Epoch 83/100 ****
2026-08-23 04:57:38,207 - Model-rank0 - INFO - Learning rate:0.000058
2026-08-23 05:05:47,959 - Model-rank0 - INFO - CUDA memory after training cleanup: allocated=0.017 GiB, reserved=0.451 GiB
2026-08-23 05:05:47,959 - Model-rank0 - INFO - Training mean loss: 0.311020
2026-08-23 05:05:47,959 - Model-rank0 - INFO - Training accuracy (IoU) of prediction: 0.623176
2026-08-23 05:05:47,959 - Model-rank0 - INFO - Training pixel precision: 0.833317
2026-08-23 05:05:47,959 - Model-rank0 - INFO - Training pixel recall: 0.711916
2026-08-23 05:05:47,959 - Model-rank0 - INFO - Training pixel F1: 0.767848
2026-08-23 05:05:47,959 - Model-rank0 - INFO - Training loss component tversky: 0.196086
2026-08-23 05:05:47,959 - Model-rank0 - INFO - Training loss component dice: 0.216615
2026-08-23 05:05:47,959 - Model-rank0 - INFO - Training loss component hard_margin: 0.824418
2026-08-23 05:05:47,960 - Model-rank0 - INFO - Training loss component hard_weight: 0.100000
2026-08-23 05:05:47,960 - Model-rank0 - INFO - ---- EPOCH 083 EVALUATION ----
2026-08-23 05:10:44,537 - Model-rank0 - INFO - Eval mean loss: 0.768570
2026-08-23 05:10:44,537 - Model-rank0 - INFO - Eval avg class IoU of prediction: 0.351954
2026-08-23 05:10:44,537 - Model-rank0 - INFO - Eval pixel precision: 0.797711
2026-08-23 05:10:44,537 - Model-rank0 - INFO - Eval pixel recall: 0.386445
2026-08-23 05:10:44,537 - Model-rank0 - INFO - Eval pixel F1: 0.520660
2026-08-23 05:10:44,537 - Model-rank0 - INFO - Early stopping eval_f1=0.520660; best=0.526047 at epoch 72; bad_epochs=11/30.
2026-08-23 05:10:44,567 - Model-rank0 - INFO - Saved recoverable checkpoint at /home/devbox/project/model/sjy/CSIG2026/Deeppro_v2/DeepPro-main/log/sem_seg/2026-08-22/SatVideoIRSDT_v1__2026-08-22_08-27-32__F1OHEM-brtd3_raw_apmd_hybrid_rms_scratch_seed47_E100/checkpoints/latest_model.pth
2026-08-23 05:10:44,568 - Model-rank0 - INFO - Best mIoU_mid: 0.356895
2026-08-23 05:10:44,666 - Model-rank0 - INFO - CUDA memory after evaluation cleanup: allocated=0.017 GiB, reserved=0.449 GiB
2026-08-23 05:10:44,666 - Model-rank0 - INFO - **** Epoch 84/100 ****
2026-08-23 05:10:44,666 - Model-rank0 - INFO - Learning rate:0.000058
2026-08-23 05:18:38,998 - Model-rank0 - INFO - CUDA memory after training cleanup: allocated=0.017 GiB, reserved=0.451 GiB
2026-08-23 05:18:38,998 - Model-rank0 - INFO - Training mean loss: 0.319772
2026-08-23 05:18:38,998 - Model-rank0 - INFO - Training accuracy (IoU) of prediction: 0.612226
2026-08-23 05:18:38,998 - Model-rank0 - INFO - Training pixel precision: 0.835976
2026-08-23 05:18:38,998 - Model-rank0 - INFO - Training pixel recall: 0.695808
2026-08-23 05:18:38,998 - Model-rank0 - INFO - Training pixel F1: 0.759479
2026-08-23 05:18:38,998 - Model-rank0 - INFO - Training loss component tversky: 0.200004
2026-08-23 05:18:38,998 - Model-rank0 - INFO - Training loss component dice: 0.221355
2026-08-23 05:18:38,998 - Model-rank0 - INFO - Training loss component hard_margin: 0.865641
2026-08-23 05:18:38,998 - Model-rank0 - INFO - Training loss component hard_weight: 0.100000
2026-08-23 05:18:38,998 - Model-rank0 - INFO - ---- EPOCH 084 EVALUATION ----
2026-08-23 05:23:36,130 - Model-rank0 - INFO - Eval mean loss: 0.770708
2026-08-23 05:23:36,131 - Model-rank0 - INFO - Eval avg class IoU of prediction: 0.347532
2026-08-23 05:23:36,131 - Model-rank0 - INFO - Eval pixel precision: 0.807338
2026-08-23 05:23:36,131 - Model-rank0 - INFO - Eval pixel recall: 0.378961
2026-08-23 05:23:36,131 - Model-rank0 - INFO - Eval pixel F1: 0.515806
2026-08-23 05:23:36,131 - Model-rank0 - INFO - Early stopping eval_f1=0.515806; best=0.526047 at epoch 72; bad_epochs=12/30.
2026-08-23 05:23:36,165 - Model-rank0 - INFO - Saved recoverable checkpoint at /home/devbox/project/model/sjy/CSIG2026/Deeppro_v2/DeepPro-main/log/sem_seg/2026-08-22/SatVideoIRSDT_v1__2026-08-22_08-27-32__F1OHEM-brtd3_raw_apmd_hybrid_rms_scratch_seed47_E100/checkpoints/latest_model.pth
2026-08-23 05:23:36,165 - Model-rank0 - INFO - Best mIoU_mid: 0.356895
2026-08-23 05:23:36,272 - Model-rank0 - INFO - CUDA memory after evaluation cleanup: allocated=0.017 GiB, reserved=0.447 GiB
2026-08-23 05:23:36,272 - Model-rank0 - INFO - **** Epoch 85/100 ****
2026-08-23 05:23:36,272 - Model-rank0 - INFO - Learning rate:0.000058
2026-08-23 05:31:46,643 - Model-rank0 - INFO - CUDA memory after training cleanup: allocated=0.017 GiB, reserved=0.451 GiB
2026-08-23 05:31:46,644 - Model-rank0 - INFO - Training mean loss: 0.308538
2026-08-23 05:31:46,644 - Model-rank0 - INFO - Training accuracy (IoU) of prediction: 0.616853
2026-08-23 05:31:46,644 - Model-rank0 - INFO - Training pixel precision: 0.834238
2026-08-23 05:31:46,644 - Model-rank0 - INFO - Training pixel recall: 0.703020
2026-08-23 05:31:46,644 - Model-rank0 - INFO - Training pixel F1: 0.763029
2026-08-23 05:31:46,644 - Model-rank0 - INFO - Training loss component tversky: 0.194839
2026-08-23 05:31:46,644 - Model-rank0 - INFO - Training loss component dice: 0.215560
2026-08-23 05:31:46,644 - Model-rank0 - INFO - Training loss component hard_margin: 0.813650
2026-08-23 05:31:46,644 - Model-rank0 - INFO - Training loss component hard_weight: 0.100000
2026-08-23 05:31:46,644 - Model-rank0 - INFO - ---- EPOCH 085 EVALUATION ----
2026-08-23 05:36:44,514 - Model-rank0 - INFO - Eval mean loss: 0.773085
2026-08-23 05:36:44,514 - Model-rank0 - INFO - Eval avg class IoU of prediction: 0.342457
2026-08-23 05:36:44,514 - Model-rank0 - INFO - Eval pixel precision: 0.809558
2026-08-23 05:36:44,514 - Model-rank0 - INFO - Eval pixel recall: 0.372463
2026-08-23 05:36:44,514 - Model-rank0 - INFO - Eval pixel F1: 0.510194
2026-08-23 05:36:44,515 - Model-rank0 - INFO - Early stopping eval_f1=0.510194; best=0.526047 at epoch 72; bad_epochs=13/30.
2026-08-23 05:36:44,547 - Model-rank0 - INFO - Saved recoverable checkpoint at /home/devbox/project/model/sjy/CSIG2026/Deeppro_v2/DeepPro-main/log/sem_seg/2026-08-22/SatVideoIRSDT_v1__2026-08-22_08-27-32__F1OHEM-brtd3_raw_apmd_hybrid_rms_scratch_seed47_E100/checkpoints/latest_model.pth
2026-08-23 05:36:44,568 - Model-rank0 - INFO - Saved epoch checkpoint at /home/devbox/project/model/sjy/CSIG2026/Deeppro_v2/DeepPro-main/log/sem_seg/2026-08-22/SatVideoIRSDT_v1__2026-08-22_08-27-32__F1OHEM-brtd3_raw_apmd_hybrid_rms_scratch_seed47_E100/checkpoints/epoch_85_model.pth
2026-08-23 05:36:44,568 - Model-rank0 - INFO - Best mIoU_mid: 0.356895
2026-08-23 05:36:44,721 - Model-rank0 - INFO - CUDA memory after evaluation cleanup: allocated=0.017 GiB, reserved=0.447 GiB
2026-08-23 05:36:44,721 - Model-rank0 - INFO - **** Epoch 86/100 ****
2026-08-23 05:36:44,721 - Model-rank0 - INFO - Learning rate:0.000058
2026-08-23 05:44:36,816 - Model-rank0 - INFO - CUDA memory after training cleanup: allocated=0.017 GiB, reserved=0.449 GiB
2026-08-23 05:44:36,816 - Model-rank0 - INFO - Training mean loss: 0.316522
2026-08-23 05:44:36,816 - Model-rank0 - INFO - Training accuracy (IoU) of prediction: 0.625600
2026-08-23 05:44:36,816 - Model-rank0 - INFO - Training pixel precision: 0.841657
2026-08-23 05:44:36,816 - Model-rank0 - INFO - Training pixel recall: 0.709053
2026-08-23 05:44:36,816 - Model-rank0 - INFO - Training pixel F1: 0.769685
2026-08-23 05:44:36,816 - Model-rank0 - INFO - Training loss component tversky: 0.198772
2026-08-23 05:44:36,816 - Model-rank0 - INFO - Training loss component dice: 0.219779
2026-08-23 05:44:36,816 - Model-rank0 - INFO - Training loss component hard_margin: 0.847828
2026-08-23 05:44:36,816 - Model-rank0 - INFO - Training loss component hard_weight: 0.100000
2026-08-23 05:44:36,816 - Model-rank0 - INFO - ---- EPOCH 086 EVALUATION ----
2026-08-23 05:49:34,044 - Model-rank0 - INFO - Eval mean loss: 0.758974
2026-08-23 05:49:34,045 - Model-rank0 - INFO - Eval avg class IoU of prediction: 0.357411
2026-08-23 05:49:34,045 - Model-rank0 - INFO - Eval pixel precision: 0.781793
2026-08-23 05:49:34,045 - Model-rank0 - INFO - Eval pixel recall: 0.397016
2026-08-23 05:49:34,045 - Model-rank0 - INFO - Eval pixel F1: 0.526607
2026-08-23 05:49:34,045 - Model-rank0 - INFO - Early stopping eval_f1=0.526607; best=0.526607 at epoch 86; bad_epochs=0/30.
2026-08-23 05:49:34,073 - Model-rank0 - INFO - Saved recoverable checkpoint at /home/devbox/project/model/sjy/CSIG2026/Deeppro_v2/DeepPro-main/log/sem_seg/2026-08-22/SatVideoIRSDT_v1__2026-08-22_08-27-32__F1OHEM-brtd3_raw_apmd_hybrid_rms_scratch_seed47_E100/checkpoints/latest_model.pth
2026-08-23 05:49:34,092 - Model-rank0 - INFO - Saved epoch checkpoint at /home/devbox/project/model/sjy/CSIG2026/Deeppro_v2/DeepPro-main/log/sem_seg/2026-08-22/SatVideoIRSDT_v1__2026-08-22_08-27-32__F1OHEM-brtd3_raw_apmd_hybrid_rms_scratch_seed47_E100/checkpoints/epoch_86_model.pth
2026-08-23 05:49:34,112 - Model-rank0 - INFO - Saved best checkpoint at /home/devbox/project/model/sjy/CSIG2026/Deeppro_v2/DeepPro-main/log/sem_seg/2026-08-22/SatVideoIRSDT_v1__2026-08-22_08-27-32__F1OHEM-brtd3_raw_apmd_hybrid_rms_scratch_seed47_E100/checkpoints/best_model.pth
2026-08-23 05:49:34,132 - Model-rank0 - INFO - Saved early-stopping best checkpoint at /home/devbox/project/model/sjy/CSIG2026/Deeppro_v2/DeepPro-main/log/sem_seg/2026-08-22/SatVideoIRSDT_v1__2026-08-22_08-27-32__F1OHEM-brtd3_raw_apmd_hybrid_rms_scratch_seed47_E100/checkpoints/early_stopping_best_model.pth
2026-08-23 05:49:34,132 - Model-rank0 - INFO - Best mIoU_mid: 0.357411
2026-08-23 05:49:34,238 - Model-rank0 - INFO - CUDA memory after evaluation cleanup: allocated=0.017 GiB, reserved=0.447 GiB
2026-08-23 05:49:34,238 - Model-rank0 - INFO - **** Epoch 87/100 ****
2026-08-23 05:49:34,238 - Model-rank0 - INFO - Learning rate:0.000058
2026-08-23 05:57:11,195 - Model-rank0 - INFO - CUDA memory after training cleanup: allocated=0.017 GiB, reserved=0.453 GiB
2026-08-23 05:57:11,196 - Model-rank0 - INFO - Training mean loss: 0.314378
2026-08-23 05:57:11,196 - Model-rank0 - INFO - Training accuracy (IoU) of prediction: 0.634419
2026-08-23 05:57:11,196 - Model-rank0 - INFO - Training pixel precision: 0.842282
2026-08-23 05:57:11,196 - Model-rank0 - INFO - Training pixel recall: 0.719946
2026-08-23 05:57:11,196 - Model-rank0 - INFO - Training pixel F1: 0.776324
2026-08-23 05:57:11,197 - Model-rank0 - INFO - Training loss component tversky: 0.198175
2026-08-23 05:57:11,197 - Model-rank0 - INFO - Training loss component dice: 0.219289
2026-08-23 05:57:11,197 - Model-rank0 - INFO - Training loss component hard_margin: 0.833093
2026-08-23 05:57:11,197 - Model-rank0 - INFO - Training loss component hard_weight: 0.100000
2026-08-23 05:57:11,197 - Model-rank0 - INFO - ---- EPOCH 087 EVALUATION ----
2026-08-23 06:02:06,981 - Model-rank0 - INFO - Eval mean loss: 0.769435
2026-08-23 06:02:06,981 - Model-rank0 - INFO - Eval avg class IoU of prediction: 0.349005
2026-08-23 06:02:06,981 - Model-rank0 - INFO - Eval pixel precision: 0.797102
2026-08-23 06:02:06,981 - Model-rank0 - INFO - Eval pixel recall: 0.383033
2026-08-23 06:02:06,981 - Model-rank0 - INFO - Eval pixel F1: 0.517426
2026-08-23 06:02:06,981 - Model-rank0 - INFO - Early stopping eval_f1=0.517426; best=0.526607 at epoch 86; bad_epochs=1/30.
2026-08-23 06:02:07,009 - Model-rank0 - INFO - Saved recoverable checkpoint at /home/devbox/project/model/sjy/CSIG2026/Deeppro_v2/DeepPro-main/log/sem_seg/2026-08-22/SatVideoIRSDT_v1__2026-08-22_08-27-32__F1OHEM-brtd3_raw_apmd_hybrid_rms_scratch_seed47_E100/checkpoints/latest_model.pth
2026-08-23 06:02:07,010 - Model-rank0 - INFO - Best mIoU_mid: 0.357411
2026-08-23 06:02:07,146 - Model-rank0 - INFO - CUDA memory after evaluation cleanup: allocated=0.017 GiB, reserved=0.449 GiB
2026-08-23 06:02:07,146 - Model-rank0 - INFO - **** Epoch 88/100 ****
2026-08-23 06:02:07,146 - Model-rank0 - INFO - Learning rate:0.000058
2026-08-23 06:09:59,106 - Model-rank0 - INFO - CUDA memory after training cleanup: allocated=0.017 GiB, reserved=0.449 GiB
2026-08-23 06:09:59,106 - Model-rank0 - INFO - Training mean loss: 0.318145
2026-08-23 06:09:59,106 - Model-rank0 - INFO - Training accuracy (IoU) of prediction: 0.608929
2026-08-23 06:09:59,106 - Model-rank0 - INFO - Training pixel precision: 0.831029
2026-08-23 06:09:59,106 - Model-rank0 - INFO - Training pixel recall: 0.694975
2026-08-23 06:09:59,106 - Model-rank0 - INFO - Training pixel F1: 0.756937
2026-08-23 06:09:59,106 - Model-rank0 - INFO - Training loss component tversky: 0.199977
2026-08-23 06:09:59,106 - Model-rank0 - INFO - Training loss component dice: 0.221353
2026-08-23 06:09:59,106 - Model-rank0 - INFO - Training loss component hard_margin: 0.849651
2026-08-23 06:09:59,106 - Model-rank0 - INFO - Training loss component hard_weight: 0.100000
2026-08-23 06:09:59,106 - Model-rank0 - INFO - ---- EPOCH 088 EVALUATION ----
2026-08-23 06:14:56,054 - Model-rank0 - INFO - Eval mean loss: 0.757148
2026-08-23 06:14:56,054 - Model-rank0 - INFO - Eval avg class IoU of prediction: 0.353439
2026-08-23 06:14:56,054 - Model-rank0 - INFO - Eval pixel precision: 0.787808
2026-08-23 06:14:56,054 - Model-rank0 - INFO - Eval pixel recall: 0.390626
2026-08-23 06:14:56,054 - Model-rank0 - INFO - Eval pixel F1: 0.522283
2026-08-23 06:14:56,054 - Model-rank0 - INFO - Early stopping eval_f1=0.522283; best=0.526607 at epoch 86; bad_epochs=2/30.
2026-08-23 06:14:56,086 - Model-rank0 - INFO - Saved recoverable checkpoint at /home/devbox/project/model/sjy/CSIG2026/Deeppro_v2/DeepPro-main/log/sem_seg/2026-08-22/SatVideoIRSDT_v1__2026-08-22_08-27-32__F1OHEM-brtd3_raw_apmd_hybrid_rms_scratch_seed47_E100/checkpoints/latest_model.pth
2026-08-23 06:14:56,086 - Model-rank0 - INFO - Best mIoU_mid: 0.357411
2026-08-23 06:14:56,214 - Model-rank0 - INFO - CUDA memory after evaluation cleanup: allocated=0.017 GiB, reserved=0.449 GiB
2026-08-23 06:14:56,214 - Model-rank0 - INFO - **** Epoch 89/100 ****
2026-08-23 06:14:56,214 - Model-rank0 - INFO - Learning rate:0.000058
2026-08-23 06:22:51,221 - Model-rank0 - INFO - CUDA memory after training cleanup: allocated=0.017 GiB, reserved=0.451 GiB
2026-08-23 06:22:51,221 - Model-rank0 - INFO - Training mean loss: 0.312353
2026-08-23 06:22:51,221 - Model-rank0 - INFO - Training accuracy (IoU) of prediction: 0.630319
2026-08-23 06:22:51,221 - Model-rank0 - INFO - Training pixel precision: 0.836565
2026-08-23 06:22:51,221 - Model-rank0 - INFO - Training pixel recall: 0.718838
2026-08-23 06:22:51,221 - Model-rank0 - INFO - Training pixel F1: 0.773246
2026-08-23 06:22:51,221 - Model-rank0 - INFO - Training loss component tversky: 0.196653
2026-08-23 06:22:51,221 - Model-rank0 - INFO - Training loss component dice: 0.217677
2026-08-23 06:22:51,221 - Model-rank0 - INFO - Training loss component hard_margin: 0.830488
2026-08-23 06:22:51,221 - Model-rank0 - INFO - Training loss component hard_weight: 0.100000
2026-08-23 06:22:51,221 - Model-rank0 - INFO - ---- EPOCH 089 EVALUATION ----
2026-08-23 06:27:46,862 - Model-rank0 - INFO - Eval mean loss: 0.769353
2026-08-23 06:27:46,862 - Model-rank0 - INFO - Eval avg class IoU of prediction: 0.350172
2026-08-23 06:27:46,862 - Model-rank0 - INFO - Eval pixel precision: 0.797563
2026-08-23 06:27:46,862 - Model-rank0 - INFO - Eval pixel recall: 0.384331
2026-08-23 06:27:46,862 - Model-rank0 - INFO - Eval pixel F1: 0.518707
2026-08-23 06:27:46,862 - Model-rank0 - INFO - Early stopping eval_f1=0.518707; best=0.526607 at epoch 86; bad_epochs=3/30.
2026-08-23 06:27:46,890 - Model-rank0 - INFO - Saved recoverable checkpoint at /home/devbox/project/model/sjy/CSIG2026/Deeppro_v2/DeepPro-main/log/sem_seg/2026-08-22/SatVideoIRSDT_v1__2026-08-22_08-27-32__F1OHEM-brtd3_raw_apmd_hybrid_rms_scratch_seed47_E100/checkpoints/latest_model.pth
2026-08-23 06:27:46,891 - Model-rank0 - INFO - Best mIoU_mid: 0.357411
2026-08-23 06:27:47,040 - Model-rank0 - INFO - CUDA memory after evaluation cleanup: allocated=0.017 GiB, reserved=0.447 GiB
2026-08-23 06:27:47,040 - Model-rank0 - INFO - **** Epoch 90/100 ****
2026-08-23 06:27:47,040 - Model-rank0 - INFO - Learning rate:0.000058
2026-08-23 06:35:55,972 - Model-rank0 - INFO - CUDA memory after training cleanup: allocated=0.017 GiB, reserved=0.451 GiB
2026-08-23 06:35:55,972 - Model-rank0 - INFO - Training mean loss: 0.312548
2026-08-23 06:35:55,972 - Model-rank0 - INFO - Training accuracy (IoU) of prediction: 0.633267
2026-08-23 06:35:55,972 - Model-rank0 - INFO - Training pixel precision: 0.839338
2026-08-23 06:35:55,972 - Model-rank0 - INFO - Training pixel recall: 0.720618
2026-08-23 06:35:55,972 - Model-rank0 - INFO - Training pixel F1: 0.775460
2026-08-23 06:35:55,973 - Model-rank0 - INFO - Training loss component tversky: 0.195722
2026-08-23 06:35:55,973 - Model-rank0 - INFO - Training loss component dice: 0.216888
2026-08-23 06:35:55,973 - Model-rank0 - INFO - Training loss component hard_margin: 0.842926
2026-08-23 06:35:55,973 - Model-rank0 - INFO - Training loss component hard_weight: 0.100000
2026-08-23 06:35:55,973 - Model-rank0 - INFO - ---- EPOCH 090 EVALUATION ----
2026-08-23 06:40:51,830 - Model-rank0 - INFO - Eval mean loss: 0.770238
2026-08-23 06:40:51,830 - Model-rank0 - INFO - Eval avg class IoU of prediction: 0.347433
2026-08-23 06:40:51,830 - Model-rank0 - INFO - Eval pixel precision: 0.799106
2026-08-23 06:40:51,830 - Model-rank0 - INFO - Eval pixel recall: 0.380683
2026-08-23 06:40:51,830 - Model-rank0 - INFO - Eval pixel F1: 0.515696
2026-08-23 06:40:51,830 - Model-rank0 - INFO - Early stopping eval_f1=0.515696; best=0.526607 at epoch 86; bad_epochs=4/30.
2026-08-23 06:40:51,860 - Model-rank0 - INFO - Saved recoverable checkpoint at /home/devbox/project/model/sjy/CSIG2026/Deeppro_v2/DeepPro-main/log/sem_seg/2026-08-22/SatVideoIRSDT_v1__2026-08-22_08-27-32__F1OHEM-brtd3_raw_apmd_hybrid_rms_scratch_seed47_E100/checkpoints/latest_model.pth
2026-08-23 06:40:51,879 - Model-rank0 - INFO - Saved epoch checkpoint at /home/devbox/project/model/sjy/CSIG2026/Deeppro_v2/DeepPro-main/log/sem_seg/2026-08-22/SatVideoIRSDT_v1__2026-08-22_08-27-32__F1OHEM-brtd3_raw_apmd_hybrid_rms_scratch_seed47_E100/checkpoints/epoch_90_model.pth
2026-08-23 06:40:51,880 - Model-rank0 - INFO - Best mIoU_mid: 0.357411
2026-08-23 06:40:52,007 - Model-rank0 - INFO - CUDA memory after evaluation cleanup: allocated=0.017 GiB, reserved=0.447 GiB
2026-08-23 06:40:52,007 - Model-rank0 - INFO - **** Epoch 91/100 ****
2026-08-23 06:40:52,007 - Model-rank0 - INFO - Learning rate:0.000040
2026-08-23 06:48:46,070 - Model-rank0 - INFO - CUDA memory after training cleanup: allocated=0.017 GiB, reserved=0.451 GiB
2026-08-23 06:48:46,070 - Model-rank0 - INFO - Training mean loss: 0.310230
2026-08-23 06:48:46,070 - Model-rank0 - INFO - Training accuracy (IoU) of prediction: 0.624073
2026-08-23 06:48:46,070 - Model-rank0 - INFO - Training pixel precision: 0.839262
2026-08-23 06:48:46,070 - Model-rank0 - INFO - Training pixel recall: 0.708791
2026-08-23 06:48:46,070 - Model-rank0 - INFO - Training pixel F1: 0.768528
2026-08-23 06:48:46,070 - Model-rank0 - INFO - Training loss component tversky: 0.194258
2026-08-23 06:48:46,070 - Model-rank0 - INFO - Training loss component dice: 0.215474
2026-08-23 06:48:46,070 - Model-rank0 - INFO - Training loss component hard_margin: 0.836504
2026-08-23 06:48:46,070 - Model-rank0 - INFO - Training loss component hard_weight: 0.100000
2026-08-23 06:48:46,070 - Model-rank0 - INFO - ---- EPOCH 091 EVALUATION ----
2026-08-23 06:53:41,248 - Model-rank0 - INFO - Eval mean loss: 0.771135
2026-08-23 06:53:41,248 - Model-rank0 - INFO - Eval avg class IoU of prediction: 0.348976
2026-08-23 06:53:41,248 - Model-rank0 - INFO - Eval pixel precision: 0.796125
2026-08-23 06:53:41,248 - Model-rank0 - INFO - Eval pixel recall: 0.383224
2026-08-23 06:53:41,248 - Model-rank0 - INFO - Eval pixel F1: 0.517394
2026-08-23 06:53:41,248 - Model-rank0 - INFO - Early stopping eval_f1=0.517394; best=0.526607 at epoch 86; bad_epochs=5/30.
2026-08-23 06:53:41,281 - Model-rank0 - INFO - Saved recoverable checkpoint at /home/devbox/project/model/sjy/CSIG2026/Deeppro_v2/DeepPro-main/log/sem_seg/2026-08-22/SatVideoIRSDT_v1__2026-08-22_08-27-32__F1OHEM-brtd3_raw_apmd_hybrid_rms_scratch_seed47_E100/checkpoints/latest_model.pth
2026-08-23 06:53:41,281 - Model-rank0 - INFO - Best mIoU_mid: 0.357411
2026-08-23 06:53:41,391 - Model-rank0 - INFO - CUDA memory after evaluation cleanup: allocated=0.017 GiB, reserved=0.449 GiB
2026-08-23 06:53:41,391 - Model-rank0 - INFO - **** Epoch 92/100 ****
2026-08-23 06:53:41,391 - Model-rank0 - INFO - Learning rate:0.000040
2026-08-23 07:01:45,693 - Model-rank0 - INFO - CUDA memory after training cleanup: allocated=0.017 GiB, reserved=0.449 GiB
2026-08-23 07:01:45,693 - Model-rank0 - INFO - Training mean loss: 0.310785
2026-08-23 07:01:45,693 - Model-rank0 - INFO - Training accuracy (IoU) of prediction: 0.612647
2026-08-23 07:01:45,693 - Model-rank0 - INFO - Training pixel precision: 0.835176
2026-08-23 07:01:45,693 - Model-rank0 - INFO - Training pixel recall: 0.696908
2026-08-23 07:01:45,693 - Model-rank0 - INFO - Training pixel F1: 0.759803
2026-08-23 07:01:45,693 - Model-rank0 - INFO - Training loss component tversky: 0.196950
2026-08-23 07:01:45,693 - Model-rank0 - INFO - Training loss component dice: 0.216678
2026-08-23 07:01:45,693 - Model-rank0 - INFO - Training loss component hard_margin: 0.813330
2026-08-23 07:01:45,693 - Model-rank0 - INFO - Training loss component hard_weight: 0.100000
2026-08-23 07:01:45,693 - Model-rank0 - INFO - ---- EPOCH 092 EVALUATION ----
2026-08-23 07:06:39,785 - Model-rank0 - INFO - Eval mean loss: 0.768727
2026-08-23 07:06:39,785 - Model-rank0 - INFO - Eval avg class IoU of prediction: 0.348477
2026-08-23 07:06:39,785 - Model-rank0 - INFO - Eval pixel precision: 0.792730
2026-08-23 07:06:39,785 - Model-rank0 - INFO - Eval pixel recall: 0.383411
2026-08-23 07:06:39,785 - Model-rank0 - INFO - Eval pixel F1: 0.516845
2026-08-23 07:06:39,785 - Model-rank0 - INFO - Early stopping eval_f1=0.516845; best=0.526607 at epoch 86; bad_epochs=6/30.
2026-08-23 07:06:39,815 - Model-rank0 - INFO - Saved recoverable checkpoint at /home/devbox/project/model/sjy/CSIG2026/Deeppro_v2/DeepPro-main/log/sem_seg/2026-08-22/SatVideoIRSDT_v1__2026-08-22_08-27-32__F1OHEM-brtd3_raw_apmd_hybrid_rms_scratch_seed47_E100/checkpoints/latest_model.pth
2026-08-23 07:06:39,816 - Model-rank0 - INFO - Best mIoU_mid: 0.357411
2026-08-23 07:06:39,919 - Model-rank0 - INFO - CUDA memory after evaluation cleanup: allocated=0.017 GiB, reserved=0.447 GiB
2026-08-23 07:06:39,919 - Model-rank0 - INFO - **** Epoch 93/100 ****
2026-08-23 07:06:39,919 - Model-rank0 - INFO - Learning rate:0.000040
2026-08-23 07:14:41,874 - Model-rank0 - INFO - CUDA memory after training cleanup: allocated=0.017 GiB, reserved=0.449 GiB
2026-08-23 07:14:41,874 - Model-rank0 - INFO - Training mean loss: 0.304677
2026-08-23 07:14:41,874 - Model-rank0 - INFO - Training accuracy (IoU) of prediction: 0.633381
2026-08-23 07:14:41,875 - Model-rank0 - INFO - Training pixel precision: 0.837157
2026-08-23 07:14:41,875 - Model-rank0 - INFO - Training pixel recall: 0.722381
2026-08-23 07:14:41,875 - Model-rank0 - INFO - Training pixel F1: 0.775546
2026-08-23 07:14:41,875 - Model-rank0 - INFO - Training loss component tversky: 0.191862
2026-08-23 07:14:41,875 - Model-rank0 - INFO - Training loss component dice: 0.212351
2026-08-23 07:14:41,875 - Model-rank0 - INFO - Training loss component hard_margin: 0.809631
2026-08-23 07:14:41,875 - Model-rank0 - INFO - Training loss component hard_weight: 0.100000
2026-08-23 07:14:41,875 - Model-rank0 - INFO - ---- EPOCH 093 EVALUATION ----
2026-08-23 07:19:36,657 - Model-rank0 - INFO - Eval mean loss: 0.762950
2026-08-23 07:19:36,657 - Model-rank0 - INFO - Eval avg class IoU of prediction: 0.351683
2026-08-23 07:19:36,657 - Model-rank0 - INFO - Eval pixel precision: 0.788814
2026-08-23 07:19:36,657 - Model-rank0 - INFO - Eval pixel recall: 0.388237
2026-08-23 07:19:36,657 - Model-rank0 - INFO - Eval pixel F1: 0.520363
2026-08-23 07:19:36,657 - Model-rank0 - INFO - Early stopping eval_f1=0.520363; best=0.526607 at epoch 86; bad_epochs=7/30.
2026-08-23 07:19:36,684 - Model-rank0 - INFO - Saved recoverable checkpoint at /home/devbox/project/model/sjy/CSIG2026/Deeppro_v2/DeepPro-main/log/sem_seg/2026-08-22/SatVideoIRSDT_v1__2026-08-22_08-27-32__F1OHEM-brtd3_raw_apmd_hybrid_rms_scratch_seed47_E100/checkpoints/latest_model.pth
2026-08-23 07:19:36,684 - Model-rank0 - INFO - Best mIoU_mid: 0.357411
2026-08-23 07:19:36,844 - Model-rank0 - INFO - CUDA memory after evaluation cleanup: allocated=0.017 GiB, reserved=0.447 GiB
2026-08-23 07:19:36,844 - Model-rank0 - INFO - **** Epoch 94/100 ****
2026-08-23 07:19:36,844 - Model-rank0 - INFO - Learning rate:0.000040
2026-08-23 07:27:40,911 - Model-rank0 - INFO - CUDA memory after training cleanup: allocated=0.017 GiB, reserved=0.451 GiB
2026-08-23 07:27:40,911 - Model-rank0 - INFO - Training mean loss: 0.305533
2026-08-23 07:27:40,911 - Model-rank0 - INFO - Training accuracy (IoU) of prediction: 0.636033
2026-08-23 07:27:40,911 - Model-rank0 - INFO - Training pixel precision: 0.838857
2026-08-23 07:27:40,911 - Model-rank0 - INFO - Training pixel recall: 0.724561
2026-08-23 07:27:40,911 - Model-rank0 - INFO - Training pixel F1: 0.777531
2026-08-23 07:27:40,911 - Model-rank0 - INFO - Training loss component tversky: 0.193079
2026-08-23 07:27:40,911 - Model-rank0 - INFO - Training loss component dice: 0.213434
2026-08-23 07:27:40,911 - Model-rank0 - INFO - Training loss component hard_margin: 0.804384
2026-08-23 07:27:40,911 - Model-rank0 - INFO - Training loss component hard_weight: 0.100000
2026-08-23 07:27:40,911 - Model-rank0 - INFO - ---- EPOCH 094 EVALUATION ----
2026-08-23 07:32:35,325 - Model-rank0 - INFO - Eval mean loss: 0.763379
2026-08-23 07:32:35,325 - Model-rank0 - INFO - Eval avg class IoU of prediction: 0.349482
2026-08-23 07:32:35,325 - Model-rank0 - INFO - Eval pixel precision: 0.797719
2026-08-23 07:32:35,325 - Model-rank0 - INFO - Eval pixel recall: 0.383464
2026-08-23 07:32:35,325 - Model-rank0 - INFO - Eval pixel F1: 0.517950
2026-08-23 07:32:35,325 - Model-rank0 - INFO - Early stopping eval_f1=0.517950; best=0.526607 at epoch 86; bad_epochs=8/30.
2026-08-23 07:32:35,351 - Model-rank0 - INFO - Saved recoverable checkpoint at /home/devbox/project/model/sjy/CSIG2026/Deeppro_v2/DeepPro-main/log/sem_seg/2026-08-22/SatVideoIRSDT_v1__2026-08-22_08-27-32__F1OHEM-brtd3_raw_apmd_hybrid_rms_scratch_seed47_E100/checkpoints/latest_model.pth
2026-08-23 07:32:35,351 - Model-rank0 - INFO - Best mIoU_mid: 0.357411
2026-08-23 07:32:35,451 - Model-rank0 - INFO - CUDA memory after evaluation cleanup: allocated=0.017 GiB, reserved=0.447 GiB
2026-08-23 07:32:35,452 - Model-rank0 - INFO - **** Epoch 95/100 ****
2026-08-23 07:32:35,452 - Model-rank0 - INFO - Learning rate:0.000040
2026-08-23 07:40:27,752 - Model-rank0 - INFO - CUDA memory after training cleanup: allocated=0.017 GiB, reserved=0.451 GiB
2026-08-23 07:40:27,752 - Model-rank0 - INFO - Training mean loss: 0.314326
2026-08-23 07:40:27,752 - Model-rank0 - INFO - Training accuracy (IoU) of prediction: 0.627365
2026-08-23 07:40:27,752 - Model-rank0 - INFO - Training pixel precision: 0.838372
2026-08-23 07:40:27,752 - Model-rank0 - INFO - Training pixel recall: 0.713684
2026-08-23 07:40:27,752 - Model-rank0 - INFO - Training pixel F1: 0.771020
2026-08-23 07:40:27,752 - Model-rank0 - INFO - Training loss component tversky: 0.196744
2026-08-23 07:40:27,752 - Model-rank0 - INFO - Training loss component dice: 0.218017
2026-08-23 07:40:27,752 - Model-rank0 - INFO - Training loss component hard_margin: 0.848794
2026-08-23 07:40:27,752 - Model-rank0 - INFO - Training loss component hard_weight: 0.100000
2026-08-23 07:40:27,752 - Model-rank0 - INFO - ---- EPOCH 095 EVALUATION ----
2026-08-23 07:45:20,711 - Model-rank0 - INFO - Eval mean loss: 0.767049
2026-08-23 07:45:20,711 - Model-rank0 - INFO - Eval avg class IoU of prediction: 0.349626
2026-08-23 07:45:20,711 - Model-rank0 - INFO - Eval pixel precision: 0.781578
2026-08-23 07:45:20,711 - Model-rank0 - INFO - Eval pixel recall: 0.387487
2026-08-23 07:45:20,711 - Model-rank0 - INFO - Eval pixel F1: 0.518108
2026-08-23 07:45:20,711 - Model-rank0 - INFO - Early stopping eval_f1=0.518108; best=0.526607 at epoch 86; bad_epochs=9/30.
2026-08-23 07:45:20,740 - Model-rank0 - INFO - Saved recoverable checkpoint at /home/devbox/project/model/sjy/CSIG2026/Deeppro_v2/DeepPro-main/log/sem_seg/2026-08-22/SatVideoIRSDT_v1__2026-08-22_08-27-32__F1OHEM-brtd3_raw_apmd_hybrid_rms_scratch_seed47_E100/checkpoints/latest_model.pth
2026-08-23 07:45:20,759 - Model-rank0 - INFO - Saved epoch checkpoint at /home/devbox/project/model/sjy/CSIG2026/Deeppro_v2/DeepPro-main/log/sem_seg/2026-08-22/SatVideoIRSDT_v1__2026-08-22_08-27-32__F1OHEM-brtd3_raw_apmd_hybrid_rms_scratch_seed47_E100/checkpoints/epoch_95_model.pth
2026-08-23 07:45:20,759 - Model-rank0 - INFO - Best mIoU_mid: 0.357411
2026-08-23 07:45:20,885 - Model-rank0 - INFO - CUDA memory after evaluation cleanup: allocated=0.017 GiB, reserved=0.447 GiB
2026-08-23 07:45:20,885 - Model-rank0 - INFO - **** Epoch 96/100 ****
2026-08-23 07:45:20,886 - Model-rank0 - INFO - Learning rate:0.000040
2026-08-23 07:53:32,297 - Model-rank0 - INFO - CUDA memory after training cleanup: allocated=0.017 GiB, reserved=0.449 GiB
2026-08-23 07:53:32,297 - Model-rank0 - INFO - Training mean loss: 0.307634
2026-08-23 07:53:32,297 - Model-rank0 - INFO - Training accuracy (IoU) of prediction: 0.625380
2026-08-23 07:53:32,297 - Model-rank0 - INFO - Training pixel precision: 0.840016
2026-08-23 07:53:32,297 - Model-rank0 - INFO - Training pixel recall: 0.709938
2026-08-23 07:53:32,297 - Model-rank0 - INFO - Training pixel F1: 0.769519
2026-08-23 07:53:32,297 - Model-rank0 - INFO - Training loss component tversky: 0.194127
2026-08-23 07:53:32,297 - Model-rank0 - INFO - Training loss component dice: 0.214239
2026-08-23 07:53:32,297 - Model-rank0 - INFO - Training loss component hard_margin: 0.813709
2026-08-23 07:53:32,297 - Model-rank0 - INFO - Training loss component hard_weight: 0.100000
2026-08-23 07:53:32,297 - Model-rank0 - INFO - ---- EPOCH 096 EVALUATION ----
2026-08-23 07:58:25,635 - Model-rank0 - INFO - Eval mean loss: 0.767343
2026-08-23 07:58:25,635 - Model-rank0 - INFO - Eval avg class IoU of prediction: 0.353168
2026-08-23 07:58:25,636 - Model-rank0 - INFO - Eval pixel precision: 0.796831
2026-08-23 07:58:25,636 - Model-rank0 - INFO - Eval pixel recall: 0.388117
2026-08-23 07:58:25,636 - Model-rank0 - INFO - Eval pixel F1: 0.521987
2026-08-23 07:58:25,636 - Model-rank0 - INFO - Early stopping eval_f1=0.521987; best=0.526607 at epoch 86; bad_epochs=10/30.
2026-08-23 07:58:25,662 - Model-rank0 - INFO - Saved recoverable checkpoint at /home/devbox/project/model/sjy/CSIG2026/Deeppro_v2/DeepPro-main/log/sem_seg/2026-08-22/SatVideoIRSDT_v1__2026-08-22_08-27-32__F1OHEM-brtd3_raw_apmd_hybrid_rms_scratch_seed47_E100/checkpoints/latest_model.pth
2026-08-23 07:58:25,662 - Model-rank0 - INFO - Best mIoU_mid: 0.357411
2026-08-23 07:58:25,798 - Model-rank0 - INFO - CUDA memory after evaluation cleanup: allocated=0.017 GiB, reserved=0.447 GiB
2026-08-23 07:58:25,798 - Model-rank0 - INFO - **** Epoch 97/100 ****
2026-08-23 07:58:25,798 - Model-rank0 - INFO - Learning rate:0.000040
2026-08-23 08:06:27,563 - Model-rank0 - INFO - CUDA memory after training cleanup: allocated=0.017 GiB, reserved=0.451 GiB
2026-08-23 08:06:27,563 - Model-rank0 - INFO - Training mean loss: 0.313982
2026-08-23 08:06:27,563 - Model-rank0 - INFO - Training accuracy (IoU) of prediction: 0.632706
2026-08-23 08:06:27,563 - Model-rank0 - INFO - Training pixel precision: 0.836399
2026-08-23 08:06:27,563 - Model-rank0 - INFO - Training pixel recall: 0.722068
2026-08-23 08:06:27,564 - Model-rank0 - INFO - Training pixel F1: 0.775040
2026-08-23 08:06:27,564 - Model-rank0 - INFO - Training loss component tversky: 0.197596
2026-08-23 08:06:27,564 - Model-rank0 - INFO - Training loss component dice: 0.217687
2026-08-23 08:06:27,564 - Model-rank0 - INFO - Training loss component hard_margin: 0.837329
2026-08-23 08:06:27,564 - Model-rank0 - INFO - Training loss component hard_weight: 0.100000
2026-08-23 08:06:27,564 - Model-rank0 - INFO - ---- EPOCH 097 EVALUATION ----
2026-08-23 08:11:20,564 - Model-rank0 - INFO - Eval mean loss: 0.762702
2026-08-23 08:11:20,564 - Model-rank0 - INFO - Eval avg class IoU of prediction: 0.350434
2026-08-23 08:11:20,564 - Model-rank0 - INFO - Eval pixel precision: 0.792601
2026-08-23 08:11:20,565 - Model-rank0 - INFO - Eval pixel recall: 0.385811
2026-08-23 08:11:20,565 - Model-rank0 - INFO - Eval pixel F1: 0.518994
2026-08-23 08:11:20,565 - Model-rank0 - INFO - Early stopping eval_f1=0.518994; best=0.526607 at epoch 86; bad_epochs=11/30.
2026-08-23 08:11:20,594 - Model-rank0 - INFO - Saved recoverable checkpoint at /home/devbox/project/model/sjy/CSIG2026/Deeppro_v2/DeepPro-main/log/sem_seg/2026-08-22/SatVideoIRSDT_v1__2026-08-22_08-27-32__F1OHEM-brtd3_raw_apmd_hybrid_rms_scratch_seed47_E100/checkpoints/latest_model.pth
2026-08-23 08:11:20,594 - Model-rank0 - INFO - Best mIoU_mid: 0.357411
2026-08-23 08:11:20,700 - Model-rank0 - INFO - CUDA memory after evaluation cleanup: allocated=0.017 GiB, reserved=0.449 GiB
2026-08-23 08:11:20,700 - Model-rank0 - INFO - **** Epoch 98/100 ****
2026-08-23 08:11:20,700 - Model-rank0 - INFO - Learning rate:0.000040
2026-08-23 08:19:35,063 - Model-rank0 - INFO - CUDA memory after training cleanup: allocated=0.017 GiB, reserved=0.449 GiB
2026-08-23 08:19:35,063 - Model-rank0 - INFO - Training mean loss: 0.308524
2026-08-23 08:19:35,063 - Model-rank0 - INFO - Training accuracy (IoU) of prediction: 0.629182
2026-08-23 08:19:35,063 - Model-rank0 - INFO - Training pixel precision: 0.836895
2026-08-23 08:19:35,063 - Model-rank0 - INFO - Training pixel recall: 0.717117
2026-08-23 08:19:35,063 - Model-rank0 - INFO - Training pixel F1: 0.772390
2026-08-23 08:19:35,063 - Model-rank0 - INFO - Training loss component tversky: 0.194911
2026-08-23 08:19:35,063 - Model-rank0 - INFO - Training loss component dice: 0.215375
2026-08-23 08:19:35,063 - Model-rank0 - INFO - Training loss component hard_margin: 0.813061
2026-08-23 08:19:35,064 - Model-rank0 - INFO - Training loss component hard_weight: 0.100000
2026-08-23 08:19:35,064 - Model-rank0 - INFO - ---- EPOCH 098 EVALUATION ----
2026-08-23 08:24:22,498 - Model-rank0 - INFO - Eval mean loss: 0.763667
2026-08-23 08:24:22,498 - Model-rank0 - INFO - Eval avg class IoU of prediction: 0.355457
2026-08-23 08:24:22,498 - Model-rank0 - INFO - Eval pixel precision: 0.776763
2026-08-23 08:24:22,498 - Model-rank0 - INFO - Eval pixel recall: 0.395901
2026-08-23 08:24:22,498 - Model-rank0 - INFO - Eval pixel F1: 0.524483
2026-08-23 08:24:22,498 - Model-rank0 - INFO - Early stopping eval_f1=0.524483; best=0.526607 at epoch 86; bad_epochs=12/30.
2026-08-23 08:24:22,525 - Model-rank0 - INFO - Saved recoverable checkpoint at /home/devbox/project/model/sjy/CSIG2026/Deeppro_v2/DeepPro-main/log/sem_seg/2026-08-22/SatVideoIRSDT_v1__2026-08-22_08-27-32__F1OHEM-brtd3_raw_apmd_hybrid_rms_scratch_seed47_E100/checkpoints/latest_model.pth
2026-08-23 08:24:22,525 - Model-rank0 - INFO - Best mIoU_mid: 0.357411
2026-08-23 08:24:22,650 - Model-rank0 - INFO - CUDA memory after evaluation cleanup: allocated=0.017 GiB, reserved=0.447 GiB
2026-08-23 08:24:22,650 - Model-rank0 - INFO - **** Epoch 99/100 ****
2026-08-23 08:24:22,650 - Model-rank0 - INFO - Learning rate:0.000040
2026-08-23 08:32:30,435 - Model-rank0 - INFO - CUDA memory after training cleanup: allocated=0.017 GiB, reserved=0.449 GiB
2026-08-23 08:32:30,435 - Model-rank0 - INFO - Training mean loss: 0.305582
2026-08-23 08:32:30,435 - Model-rank0 - INFO - Training accuracy (IoU) of prediction: 0.641443
2026-08-23 08:32:30,435 - Model-rank0 - INFO - Training pixel precision: 0.846288
2026-08-23 08:32:30,435 - Model-rank0 - INFO - Training pixel recall: 0.726030
2026-08-23 08:32:30,435 - Model-rank0 - INFO - Training pixel F1: 0.781560
2026-08-23 08:32:30,435 - Model-rank0 - INFO - Training loss component tversky: 0.191398
2026-08-23 08:32:30,435 - Model-rank0 - INFO - Training loss component dice: 0.211883
2026-08-23 08:32:30,435 - Model-rank0 - INFO - Training loss component hard_margin: 0.824018
2026-08-23 08:32:30,435 - Model-rank0 - INFO - Training loss component hard_weight: 0.100000
2026-08-23 08:32:30,435 - Model-rank0 - INFO - ---- EPOCH 099 EVALUATION ----
2026-08-23 08:37:23,649 - Model-rank0 - INFO - Eval mean loss: 0.768271
2026-08-23 08:37:23,649 - Model-rank0 - INFO - Eval avg class IoU of prediction: 0.349789
2026-08-23 08:37:23,649 - Model-rank0 - INFO - Eval pixel precision: 0.793010
2026-08-23 08:37:23,649 - Model-rank0 - INFO - Eval pixel recall: 0.384934
2026-08-23 08:37:23,649 - Model-rank0 - INFO - Eval pixel F1: 0.518287
2026-08-23 08:37:23,649 - Model-rank0 - INFO - Early stopping eval_f1=0.518287; best=0.526607 at epoch 86; bad_epochs=13/30.
2026-08-23 08:37:23,674 - Model-rank0 - INFO - Saved recoverable checkpoint at /home/devbox/project/model/sjy/CSIG2026/Deeppro_v2/DeepPro-main/log/sem_seg/2026-08-22/SatVideoIRSDT_v1__2026-08-22_08-27-32__F1OHEM-brtd3_raw_apmd_hybrid_rms_scratch_seed47_E100/checkpoints/latest_model.pth
2026-08-23 08:37:23,674 - Model-rank0 - INFO - Best mIoU_mid: 0.357411
2026-08-23 08:37:23,816 - Model-rank0 - INFO - CUDA memory after evaluation cleanup: allocated=0.017 GiB, reserved=0.447 GiB
2026-08-23 08:37:23,816 - Model-rank0 - INFO - **** Epoch 100/100 ****
2026-08-23 08:37:23,816 - Model-rank0 - INFO - Learning rate:0.000040
2026-08-23 08:45:38,669 - Model-rank0 - INFO - CUDA memory after training cleanup: allocated=0.017 GiB, reserved=0.451 GiB
2026-08-23 08:45:38,669 - Model-rank0 - INFO - Training mean loss: 0.309496
2026-08-23 08:45:38,669 - Model-rank0 - INFO - Training accuracy (IoU) of prediction: 0.633332
2026-08-23 08:45:38,669 - Model-rank0 - INFO - Training pixel precision: 0.836959
2026-08-23 08:45:38,669 - Model-rank0 - INFO - Training pixel recall: 0.722465
2026-08-23 08:45:38,669 - Model-rank0 - INFO - Training pixel F1: 0.775509
2026-08-23 08:45:38,669 - Model-rank0 - INFO - Training loss component tversky: 0.194363
2026-08-23 08:45:38,670 - Model-rank0 - INFO - Training loss component dice: 0.214637
2026-08-23 08:45:38,670 - Model-rank0 - INFO - Training loss component hard_margin: 0.829365
2026-08-23 08:45:38,670 - Model-rank0 - INFO - Training loss component hard_weight: 0.100000
2026-08-23 08:45:38,670 - Model-rank0 - INFO - ---- EPOCH 100 EVALUATION ----
2026-08-23 08:50:31,371 - Model-rank0 - INFO - Eval mean loss: 0.773230
2026-08-23 08:50:31,372 - Model-rank0 - INFO - Eval avg class IoU of prediction: 0.347852
2026-08-23 08:50:31,372 - Model-rank0 - INFO - Eval pixel precision: 0.806044
2026-08-23 08:50:31,372 - Model-rank0 - INFO - Eval pixel recall: 0.379628
2026-08-23 08:50:31,372 - Model-rank0 - INFO - Eval pixel F1: 0.516158
2026-08-23 08:50:31,372 - Model-rank0 - INFO - Early stopping eval_f1=0.516158; best=0.526607 at epoch 86; bad_epochs=14/30.
2026-08-23 08:50:31,399 - Model-rank0 - INFO - Saved recoverable checkpoint at /home/devbox/project/model/sjy/CSIG2026/Deeppro_v2/DeepPro-main/log/sem_seg/2026-08-22/SatVideoIRSDT_v1__2026-08-22_08-27-32__F1OHEM-brtd3_raw_apmd_hybrid_rms_scratch_seed47_E100/checkpoints/latest_model.pth
2026-08-23 08:50:31,418 - Model-rank0 - INFO - Saved epoch checkpoint at /home/devbox/project/model/sjy/CSIG2026/Deeppro_v2/DeepPro-main/log/sem_seg/2026-08-22/SatVideoIRSDT_v1__2026-08-22_08-27-32__F1OHEM-brtd3_raw_apmd_hybrid_rms_scratch_seed47_E100/checkpoints/epoch_100_model.pth
2026-08-23 08:50:31,418 - Model-rank0 - INFO - Best mIoU_mid: 0.357411
2026-08-23 08:50:31,520 - Model-rank0 - INFO - CUDA memory after evaluation cleanup: allocated=0.017 GiB, reserved=0.449 GiB
2026-08-23 08:50:31,727 - Model-rank0 - INFO - CUDA memory after training shutdown: allocated=0.016 GiB, reserved=0.443 GiB
