2026-08-22 08:27:41,088 - Model-rank0 - INFO - PARAMETER ...
2026-08-22 08:27:41,088 - Model-rank0 - INFO - Namespace(base_ckpt='/home/devbox/project/model/sjy/CSIG2026/Deeppro_v2/DeepPro-main/pretrained/SatVideoIRSDT_DeepPro-Plus_pretrained_init.pth', base_lr_mult=5.0, batch_size=20, bce_weight=0.5, brtd_adaptive_tdc=1, brtd_use_background=1, brtd_use_gate=1, brtd_zero_init=1, datapath='/home/devbox/project/model/sjy/CSIG2026/datasets/SatVideoIRSDT_v1', dataset='SatVideoIRSDT_v1', decay_rate=0.0001, deterministic=0, early_stopping_metric='eval_f1', early_stopping_min_delta=0.0001, early_stopping_patience=30, early_stopping_start_epoch=15, epoch=100, eval_chunk_rows=64, focal_alpha=0.75, focal_gamma=2.0, freeze_pretrained=1, gpu='6', gpu_num=1, hard_focal_weight=0.25, hard_negative_topk=4096, learning_rate=0.001, log_dir='2026-08-22/SatVideoIRSDT_v1__2026-08-22_08-27-32__F1OHEM-brtd3_raw_apmd_hybrid_rms_motion_detrend_multiscale_contrast_pretrained_seed47_E100', loss='f1_calibrated_ohem', loss_eps=1.0, lr_decay=0.7, mask_padded_frames=1, model='DeepPro-Plus_BRTD3', optimizer='Adam', patch_size=128, prefetch_factor=2, resume='never', resume_checkpoint=None, run_test_after_train=0, sample_rate=0.04, savepath='/home/devbox/project/model/sjy/CSIG2026/Deeppro_v2/DeepPro-main/log', seed=47, seqlen=40, sls_eps=1e-06, sls_location_weight=1.0, sls_warmup_epochs=5, spatial_ckpt='', st_ckpt='', stc_center_weight=0.1, stc_temporal_weight=0.05, stc_warmup_epochs=5, step_size=10, structure_bottleneck_channels=8, structure_max_shift=4.0, structure_variant='raw_apmd_hybrid_rms_motion_detrend_multiscale_contrast', swanlab_group='f1_hybrid_rms_init_ablation_seed47_2026-08-22_08-27-32', swanlab_id=None, swanlab_mode='offline', swanlab_project='CSIG2026-DeepPro', swanlab_resume='never', swanlab_workspace=None, tda_dilation=3, tda_mean_contrast=0.0, tda_mean_size=0.0, tda_weight=0.2, threshold_eval=0.5, train_workers=4, tversky_fn_weight=0.4, tversky_fp_weight=0.6, tversky_gamma=1.33, use_swanlab=0, val_workers=2)
2026-08-22 08:27:41,088 - Model-rank0 - INFO - start loading training data ...
2026-08-22 08:27:45,547 - Model-rank0 - INFO - start loading validation data ...
2026-08-22 08:27:46,769 - Model-rank0 - INFO - The number of training data is: 3850
2026-08-22 08:27:46,769 - Model-rank0 - INFO - The number of test data is: 255 sequences
2026-08-22 08:27:46,769 - Model-rank0 - INFO - DDP world_size=1, global_batch=20, per_rank_batch=20; DataLoader workers per rank=4, validation=2
2026-08-22 08:27:46,823 - Model-rank0 - INFO - Initialized DeepPro-Plus_BRTD3 backbone from /home/devbox/project/model/sjy/CSIG2026/Deeppro_v2/DeepPro-main/pretrained/SatVideoIRSDT_DeepPro-Plus_pretrained_init.pth; new adapter keys: 16
2026-08-22 08:27:48,531 - Model-rank0 - INFO - Loss: f1_calibrated_ohem - Tversky+Dice+自适应困难负样本Margin，面向F1与低虚警
2026-08-22 08:27:48,532 - Model-rank0 - INFO - Optimizer groups: 64 backbone tensors at 5.000x LR; 16 BRTD tensors at 1.000x LR.
2026-08-22 08:27:49,355 - Model-rank0 - INFO - Starting a new experiment from scratch.
2026-08-22 08:27:49,355 - Model-rank0 - INFO - Early stopping enabled: metric=eval_f1 mode=max patience=30 min_delta=0.00010000 start_epoch=15.
2026-08-22 08:27:49,463 - Model-rank0 - INFO - CUDA memory after checkpoint loading: allocated=0.000 GiB, reserved=0.002 GiB
2026-08-22 08:27:49,464 - Model-rank0 - INFO - **** Epoch 1/100 ****
2026-08-22 08:27:49,464 - Model-rank0 - INFO - Learning rate:0.001000
2026-08-22 08:38:49,558 - Model-rank0 - INFO - CUDA memory after training cleanup: allocated=0.017 GiB, reserved=0.449 GiB
2026-08-22 08:38:49,559 - Model-rank0 - INFO - Training mean loss: 0.372920
2026-08-22 08:38:49,559 - Model-rank0 - INFO - Training accuracy (IoU) of prediction: 0.346791
2026-08-22 08:38:49,559 - Model-rank0 - INFO - Training pixel precision: 0.712174
2026-08-22 08:38:49,559 - Model-rank0 - INFO - Training pixel recall: 0.403318
2026-08-22 08:38:49,559 - Model-rank0 - INFO - Training pixel F1: 0.514988
2026-08-22 08:38:49,560 - Model-rank0 - INFO - Training loss component tversky: 0.319685
2026-08-22 08:38:49,560 - Model-rank0 - INFO - Training loss component dice: 0.354897
2026-08-22 08:38:49,560 - Model-rank0 - INFO - Training loss component hard_margin: 4.482467
2026-08-22 08:38:49,560 - Model-rank0 - INFO - Training loss component hard_weight: 0.000000
2026-08-22 08:38:49,560 - Model-rank0 - INFO - ---- EPOCH 001 EVALUATION ----
2026-08-22 08:46:02,319 - Model-rank0 - INFO - Eval mean loss: 0.615985
2026-08-22 08:46:02,319 - Model-rank0 - INFO - Eval avg class IoU of prediction: 0.237966
2026-08-22 08:46:02,319 - Model-rank0 - INFO - Eval pixel precision: 0.643778
2026-08-22 08:46:02,319 - Model-rank0 - INFO - Eval pixel recall: 0.274051
2026-08-22 08:46:02,319 - Model-rank0 - INFO - Eval pixel F1: 0.384447
2026-08-22 08:46:02,319 - Model-rank0 - INFO - Early stopping eval_f1=0.384447; best=0.384447 at epoch 1; bad_epochs=0/30.
2026-08-22 08:46:02,349 - Model-rank0 - INFO - Saved recoverable checkpoint at /home/devbox/project/model/sjy/CSIG2026/Deeppro_v2/DeepPro-main/log/sem_seg/2026-08-22/SatVideoIRSDT_v1__2026-08-22_08-27-32__F1OHEM-brtd3_raw_apmd_hybrid_rms_motion_detrend_multiscale_contrast_pretrained_seed47_E100/checkpoints/latest_model.pth
2026-08-22 08:46:02,374 - Model-rank0 - INFO - Saved epoch checkpoint at /home/devbox/project/model/sjy/CSIG2026/Deeppro_v2/DeepPro-main/log/sem_seg/2026-08-22/SatVideoIRSDT_v1__2026-08-22_08-27-32__F1OHEM-brtd3_raw_apmd_hybrid_rms_motion_detrend_multiscale_contrast_pretrained_seed47_E100/checkpoints/epoch_1_model.pth
2026-08-22 08:46:02,396 - Model-rank0 - INFO - Saved best checkpoint at /home/devbox/project/model/sjy/CSIG2026/Deeppro_v2/DeepPro-main/log/sem_seg/2026-08-22/SatVideoIRSDT_v1__2026-08-22_08-27-32__F1OHEM-brtd3_raw_apmd_hybrid_rms_motion_detrend_multiscale_contrast_pretrained_seed47_E100/checkpoints/best_model.pth
2026-08-22 08:46:02,415 - Model-rank0 - INFO - Saved early-stopping best checkpoint at /home/devbox/project/model/sjy/CSIG2026/Deeppro_v2/DeepPro-main/log/sem_seg/2026-08-22/SatVideoIRSDT_v1__2026-08-22_08-27-32__F1OHEM-brtd3_raw_apmd_hybrid_rms_motion_detrend_multiscale_contrast_pretrained_seed47_E100/checkpoints/early_stopping_best_model.pth
2026-08-22 08:46:02,416 - Model-rank0 - INFO - Best mIoU_mid: 0.237966
2026-08-22 08:46:02,548 - Model-rank0 - INFO - CUDA memory after evaluation cleanup: allocated=0.017 GiB, reserved=0.447 GiB
2026-08-22 08:46:02,548 - Model-rank0 - INFO - **** Epoch 2/100 ****
2026-08-22 08:46:02,548 - Model-rank0 - INFO - Learning rate:0.001000
2026-08-22 08:57:34,507 - Model-rank0 - INFO - CUDA memory after training cleanup: allocated=0.017 GiB, reserved=0.451 GiB
2026-08-22 08:57:34,508 - Model-rank0 - INFO - Training mean loss: 0.373550
2026-08-22 08:57:34,508 - Model-rank0 - INFO - Training accuracy (IoU) of prediction: 0.343330
2026-08-22 08:57:34,508 - Model-rank0 - INFO - Training pixel precision: 0.730702
2026-08-22 08:57:34,508 - Model-rank0 - INFO - Training pixel recall: 0.393065
2026-08-22 08:57:34,508 - Model-rank0 - INFO - Training pixel F1: 0.511162
2026-08-22 08:57:34,508 - Model-rank0 - INFO - Training loss component tversky: 0.320430
2026-08-22 08:57:34,508 - Model-rank0 - INFO - Training loss component dice: 0.354129
2026-08-22 08:57:34,508 - Model-rank0 - INFO - Training loss component hard_margin: 5.062585
2026-08-22 08:57:34,508 - Model-rank0 - INFO - Training loss component hard_weight: 0.000000
2026-08-22 08:57:34,508 - Model-rank0 - INFO - ---- EPOCH 002 EVALUATION ----
2026-08-22 09:02:54,101 - Model-rank0 - INFO - Eval mean loss: 0.605533
2026-08-22 09:02:54,101 - Model-rank0 - INFO - Eval avg class IoU of prediction: 0.247783
2026-08-22 09:02:54,101 - Model-rank0 - INFO - Eval pixel precision: 0.639292
2026-08-22 09:02:54,101 - Model-rank0 - INFO - Eval pixel recall: 0.288055
2026-08-22 09:02:54,102 - Model-rank0 - INFO - Eval pixel F1: 0.397157
2026-08-22 09:02:54,102 - Model-rank0 - INFO - Early stopping eval_f1=0.397157; best=0.397157 at epoch 2; bad_epochs=0/30.
2026-08-22 09:02:54,127 - Model-rank0 - INFO - Saved recoverable checkpoint at /home/devbox/project/model/sjy/CSIG2026/Deeppro_v2/DeepPro-main/log/sem_seg/2026-08-22/SatVideoIRSDT_v1__2026-08-22_08-27-32__F1OHEM-brtd3_raw_apmd_hybrid_rms_motion_detrend_multiscale_contrast_pretrained_seed47_E100/checkpoints/latest_model.pth
2026-08-22 09:02:54,148 - Model-rank0 - INFO - Saved epoch checkpoint at /home/devbox/project/model/sjy/CSIG2026/Deeppro_v2/DeepPro-main/log/sem_seg/2026-08-22/SatVideoIRSDT_v1__2026-08-22_08-27-32__F1OHEM-brtd3_raw_apmd_hybrid_rms_motion_detrend_multiscale_contrast_pretrained_seed47_E100/checkpoints/epoch_2_model.pth
2026-08-22 09:02:54,170 - Model-rank0 - INFO - Saved best checkpoint at /home/devbox/project/model/sjy/CSIG2026/Deeppro_v2/DeepPro-main/log/sem_seg/2026-08-22/SatVideoIRSDT_v1__2026-08-22_08-27-32__F1OHEM-brtd3_raw_apmd_hybrid_rms_motion_detrend_multiscale_contrast_pretrained_seed47_E100/checkpoints/best_model.pth
2026-08-22 09:02:54,192 - Model-rank0 - INFO - Saved early-stopping best checkpoint at /home/devbox/project/model/sjy/CSIG2026/Deeppro_v2/DeepPro-main/log/sem_seg/2026-08-22/SatVideoIRSDT_v1__2026-08-22_08-27-32__F1OHEM-brtd3_raw_apmd_hybrid_rms_motion_detrend_multiscale_contrast_pretrained_seed47_E100/checkpoints/early_stopping_best_model.pth
2026-08-22 09:02:54,192 - Model-rank0 - INFO - Best mIoU_mid: 0.247783
2026-08-22 09:02:54,328 - Model-rank0 - INFO - CUDA memory after evaluation cleanup: allocated=0.017 GiB, reserved=0.447 GiB
2026-08-22 09:02:54,328 - Model-rank0 - INFO - **** Epoch 3/100 ****
2026-08-22 09:02:54,328 - Model-rank0 - INFO - Learning rate:0.001000
2026-08-22 09:14:15,038 - Model-rank0 - INFO - CUDA memory after training cleanup: allocated=0.017 GiB, reserved=0.451 GiB
2026-08-22 09:14:15,038 - Model-rank0 - INFO - Training mean loss: 0.361291
2026-08-22 09:14:15,038 - Model-rank0 - INFO - Training accuracy (IoU) of prediction: 0.353322
2026-08-22 09:14:15,038 - Model-rank0 - INFO - Training pixel precision: 0.736302
2026-08-22 09:14:15,038 - Model-rank0 - INFO - Training pixel recall: 0.404508
2026-08-22 09:14:15,038 - Model-rank0 - INFO - Training pixel F1: 0.522155
2026-08-22 09:14:15,038 - Model-rank0 - INFO - Training loss component tversky: 0.309834
2026-08-22 09:14:15,038 - Model-rank0 - INFO - Training loss component dice: 0.343048
2026-08-22 09:14:15,038 - Model-rank0 - INFO - Training loss component hard_margin: 5.206264
2026-08-22 09:14:15,038 - Model-rank0 - INFO - Training loss component hard_weight: 0.000000
2026-08-22 09:14:15,038 - Model-rank0 - INFO - ---- EPOCH 003 EVALUATION ----
2026-08-22 09:19:34,803 - Model-rank0 - INFO - Eval mean loss: 0.620215
2026-08-22 09:19:34,803 - Model-rank0 - INFO - Eval avg class IoU of prediction: 0.228505
2026-08-22 09:19:34,803 - Model-rank0 - INFO - Eval pixel precision: 0.564699
2026-08-22 09:19:34,803 - Model-rank0 - INFO - Eval pixel recall: 0.277360
2026-08-22 09:19:34,803 - Model-rank0 - INFO - Eval pixel F1: 0.372005
2026-08-22 09:19:34,803 - Model-rank0 - INFO - Early stopping eval_f1=0.372005; best=0.397157 at epoch 2; bad_epochs=0/30.
2026-08-22 09:19:34,834 - Model-rank0 - INFO - Saved recoverable checkpoint at /home/devbox/project/model/sjy/CSIG2026/Deeppro_v2/DeepPro-main/log/sem_seg/2026-08-22/SatVideoIRSDT_v1__2026-08-22_08-27-32__F1OHEM-brtd3_raw_apmd_hybrid_rms_motion_detrend_multiscale_contrast_pretrained_seed47_E100/checkpoints/latest_model.pth
2026-08-22 09:19:34,834 - Model-rank0 - INFO - Best mIoU_mid: 0.247783
2026-08-22 09:19:35,056 - Model-rank0 - INFO - CUDA memory after evaluation cleanup: allocated=0.017 GiB, reserved=0.447 GiB
2026-08-22 09:19:35,056 - Model-rank0 - INFO - **** Epoch 4/100 ****
2026-08-22 09:19:35,056 - Model-rank0 - INFO - Learning rate:0.001000
2026-08-22 09:30:47,859 - Model-rank0 - INFO - CUDA memory after training cleanup: allocated=0.017 GiB, reserved=0.449 GiB
2026-08-22 09:30:47,859 - Model-rank0 - INFO - Training mean loss: 0.357284
2026-08-22 09:30:47,860 - Model-rank0 - INFO - Training accuracy (IoU) of prediction: 0.361902
2026-08-22 09:30:47,860 - Model-rank0 - INFO - Training pixel precision: 0.763046
2026-08-22 09:30:47,860 - Model-rank0 - INFO - Training pixel recall: 0.407723
2026-08-22 09:30:47,860 - Model-rank0 - INFO - Training pixel F1: 0.531465
2026-08-22 09:30:47,860 - Model-rank0 - INFO - Training loss component tversky: 0.306431
2026-08-22 09:30:47,860 - Model-rank0 - INFO - Training loss component dice: 0.339021
2026-08-22 09:30:47,860 - Model-rank0 - INFO - Training loss component hard_margin: 5.113520
2026-08-22 09:30:47,860 - Model-rank0 - INFO - Training loss component hard_weight: 0.000000
2026-08-22 09:30:47,860 - Model-rank0 - INFO - ---- EPOCH 004 EVALUATION ----
2026-08-22 09:36:13,428 - Model-rank0 - INFO - Eval mean loss: 0.573591
2026-08-22 09:36:13,429 - Model-rank0 - INFO - Eval avg class IoU of prediction: 0.257353
2026-08-22 09:36:13,429 - Model-rank0 - INFO - Eval pixel precision: 0.603122
2026-08-22 09:36:13,429 - Model-rank0 - INFO - Eval pixel recall: 0.309821
2026-08-22 09:36:13,429 - Model-rank0 - INFO - Eval pixel F1: 0.409357
2026-08-22 09:36:13,429 - Model-rank0 - INFO - Early stopping eval_f1=0.409357; best=0.409357 at epoch 4; bad_epochs=0/30.
2026-08-22 09:36:13,456 - Model-rank0 - INFO - Saved recoverable checkpoint at /home/devbox/project/model/sjy/CSIG2026/Deeppro_v2/DeepPro-main/log/sem_seg/2026-08-22/SatVideoIRSDT_v1__2026-08-22_08-27-32__F1OHEM-brtd3_raw_apmd_hybrid_rms_motion_detrend_multiscale_contrast_pretrained_seed47_E100/checkpoints/latest_model.pth
2026-08-22 09:36:13,476 - Model-rank0 - INFO - Saved epoch checkpoint at /home/devbox/project/model/sjy/CSIG2026/Deeppro_v2/DeepPro-main/log/sem_seg/2026-08-22/SatVideoIRSDT_v1__2026-08-22_08-27-32__F1OHEM-brtd3_raw_apmd_hybrid_rms_motion_detrend_multiscale_contrast_pretrained_seed47_E100/checkpoints/epoch_4_model.pth
2026-08-22 09:36:13,497 - Model-rank0 - INFO - Saved best checkpoint at /home/devbox/project/model/sjy/CSIG2026/Deeppro_v2/DeepPro-main/log/sem_seg/2026-08-22/SatVideoIRSDT_v1__2026-08-22_08-27-32__F1OHEM-brtd3_raw_apmd_hybrid_rms_motion_detrend_multiscale_contrast_pretrained_seed47_E100/checkpoints/best_model.pth
2026-08-22 09:36:13,519 - Model-rank0 - INFO - Saved early-stopping best checkpoint at /home/devbox/project/model/sjy/CSIG2026/Deeppro_v2/DeepPro-main/log/sem_seg/2026-08-22/SatVideoIRSDT_v1__2026-08-22_08-27-32__F1OHEM-brtd3_raw_apmd_hybrid_rms_motion_detrend_multiscale_contrast_pretrained_seed47_E100/checkpoints/early_stopping_best_model.pth
2026-08-22 09:36:13,519 - Model-rank0 - INFO - Best mIoU_mid: 0.257353
2026-08-22 09:36:13,651 - Model-rank0 - INFO - CUDA memory after evaluation cleanup: allocated=0.017 GiB, reserved=0.447 GiB
2026-08-22 09:36:13,651 - Model-rank0 - INFO - **** Epoch 5/100 ****
2026-08-22 09:36:13,651 - Model-rank0 - INFO - Learning rate:0.001000
2026-08-22 09:47:24,077 - Model-rank0 - INFO - CUDA memory after training cleanup: allocated=0.017 GiB, reserved=0.451 GiB
2026-08-22 09:47:24,077 - Model-rank0 - INFO - Training mean loss: 0.347503
2026-08-22 09:47:24,077 - Model-rank0 - INFO - Training accuracy (IoU) of prediction: 0.370212
2026-08-22 09:47:24,077 - Model-rank0 - INFO - Training pixel precision: 0.763216
2026-08-22 09:47:24,077 - Model-rank0 - INFO - Training pixel recall: 0.418250
2026-08-22 09:47:24,077 - Model-rank0 - INFO - Training pixel F1: 0.540371
2026-08-22 09:47:24,077 - Model-rank0 - INFO - Training loss component tversky: 0.298024
2026-08-22 09:47:24,077 - Model-rank0 - INFO - Training loss component dice: 0.329860
2026-08-22 09:47:24,077 - Model-rank0 - INFO - Training loss component hard_margin: 4.874494
2026-08-22 09:47:24,077 - Model-rank0 - INFO - Training loss component hard_weight: 0.000000
2026-08-22 09:47:24,077 - Model-rank0 - INFO - ---- EPOCH 005 EVALUATION ----
2026-08-22 09:52:50,263 - Model-rank0 - INFO - Eval mean loss: 0.580673
2026-08-22 09:52:50,263 - Model-rank0 - INFO - Eval avg class IoU of prediction: 0.253655
2026-08-22 09:52:50,264 - Model-rank0 - INFO - Eval pixel precision: 0.652194
2026-08-22 09:52:50,264 - Model-rank0 - INFO - Eval pixel recall: 0.293334
2026-08-22 09:52:50,264 - Model-rank0 - INFO - Eval pixel F1: 0.404664
2026-08-22 09:52:50,264 - Model-rank0 - INFO - Early stopping eval_f1=0.404664; best=0.409357 at epoch 4; bad_epochs=0/30.
2026-08-22 09:52:50,293 - Model-rank0 - INFO - Saved recoverable checkpoint at /home/devbox/project/model/sjy/CSIG2026/Deeppro_v2/DeepPro-main/log/sem_seg/2026-08-22/SatVideoIRSDT_v1__2026-08-22_08-27-32__F1OHEM-brtd3_raw_apmd_hybrid_rms_motion_detrend_multiscale_contrast_pretrained_seed47_E100/checkpoints/latest_model.pth
2026-08-22 09:52:50,314 - Model-rank0 - INFO - Saved epoch checkpoint at /home/devbox/project/model/sjy/CSIG2026/Deeppro_v2/DeepPro-main/log/sem_seg/2026-08-22/SatVideoIRSDT_v1__2026-08-22_08-27-32__F1OHEM-brtd3_raw_apmd_hybrid_rms_motion_detrend_multiscale_contrast_pretrained_seed47_E100/checkpoints/epoch_5_model.pth
2026-08-22 09:52:50,314 - Model-rank0 - INFO - Best mIoU_mid: 0.257353
2026-08-22 09:52:50,513 - Model-rank0 - INFO - CUDA memory after evaluation cleanup: allocated=0.017 GiB, reserved=0.449 GiB
2026-08-22 09:52:50,513 - Model-rank0 - INFO - **** Epoch 6/100 ****
2026-08-22 09:52:50,513 - Model-rank0 - INFO - Learning rate:0.001000
2026-08-22 10:03:56,475 - Model-rank0 - INFO - CUDA memory after training cleanup: allocated=0.017 GiB, reserved=0.451 GiB
2026-08-22 10:03:56,475 - Model-rank0 - INFO - Training mean loss: 0.379407
2026-08-22 10:03:56,475 - Model-rank0 - INFO - Training accuracy (IoU) of prediction: 0.373763
2026-08-22 10:03:56,476 - Model-rank0 - INFO - Training pixel precision: 0.774643
2026-08-22 10:03:56,476 - Model-rank0 - INFO - Training pixel recall: 0.419362
2026-08-22 10:03:56,476 - Model-rank0 - INFO - Training pixel F1: 0.544145
2026-08-22 10:03:56,476 - Model-rank0 - INFO - Training loss component tversky: 0.304111
2026-08-22 10:03:56,476 - Model-rank0 - INFO - Training loss component dice: 0.335882
2026-08-22 10:03:56,476 - Model-rank0 - INFO - Training loss component hard_margin: 2.491348
2026-08-22 10:03:56,476 - Model-rank0 - INFO - Training loss component hard_weight: 0.010000
2026-08-22 10:03:56,476 - Model-rank0 - INFO - ---- EPOCH 006 EVALUATION ----
2026-08-22 10:09:19,356 - Model-rank0 - INFO - Eval mean loss: 0.580868
2026-08-22 10:09:19,356 - Model-rank0 - INFO - Eval avg class IoU of prediction: 0.286112
2026-08-22 10:09:19,356 - Model-rank0 - INFO - Eval pixel precision: 0.659462
2026-08-22 10:09:19,356 - Model-rank0 - INFO - Eval pixel recall: 0.335712
2026-08-22 10:09:19,356 - Model-rank0 - INFO - Eval pixel F1: 0.444925
2026-08-22 10:09:19,356 - Model-rank0 - INFO - Early stopping eval_f1=0.444925; best=0.444925 at epoch 6; bad_epochs=0/30.
2026-08-22 10:09:19,391 - Model-rank0 - INFO - Saved recoverable checkpoint at /home/devbox/project/model/sjy/CSIG2026/Deeppro_v2/DeepPro-main/log/sem_seg/2026-08-22/SatVideoIRSDT_v1__2026-08-22_08-27-32__F1OHEM-brtd3_raw_apmd_hybrid_rms_motion_detrend_multiscale_contrast_pretrained_seed47_E100/checkpoints/latest_model.pth
2026-08-22 10:09:19,413 - Model-rank0 - INFO - Saved epoch checkpoint at /home/devbox/project/model/sjy/CSIG2026/Deeppro_v2/DeepPro-main/log/sem_seg/2026-08-22/SatVideoIRSDT_v1__2026-08-22_08-27-32__F1OHEM-brtd3_raw_apmd_hybrid_rms_motion_detrend_multiscale_contrast_pretrained_seed47_E100/checkpoints/epoch_6_model.pth
2026-08-22 10:09:19,437 - Model-rank0 - INFO - Saved best checkpoint at /home/devbox/project/model/sjy/CSIG2026/Deeppro_v2/DeepPro-main/log/sem_seg/2026-08-22/SatVideoIRSDT_v1__2026-08-22_08-27-32__F1OHEM-brtd3_raw_apmd_hybrid_rms_motion_detrend_multiscale_contrast_pretrained_seed47_E100/checkpoints/best_model.pth
2026-08-22 10:09:19,460 - Model-rank0 - INFO - Saved early-stopping best checkpoint at /home/devbox/project/model/sjy/CSIG2026/Deeppro_v2/DeepPro-main/log/sem_seg/2026-08-22/SatVideoIRSDT_v1__2026-08-22_08-27-32__F1OHEM-brtd3_raw_apmd_hybrid_rms_motion_detrend_multiscale_contrast_pretrained_seed47_E100/checkpoints/early_stopping_best_model.pth
2026-08-22 10:09:19,460 - Model-rank0 - INFO - Best mIoU_mid: 0.286112
2026-08-22 10:09:19,606 - Model-rank0 - INFO - CUDA memory after evaluation cleanup: allocated=0.017 GiB, reserved=0.447 GiB
2026-08-22 10:09:19,607 - Model-rank0 - INFO - **** Epoch 7/100 ****
2026-08-22 10:09:19,607 - Model-rank0 - INFO - Learning rate:0.001000
2026-08-22 10:20:12,887 - Model-rank0 - INFO - CUDA memory after training cleanup: allocated=0.017 GiB, reserved=0.449 GiB
2026-08-22 10:20:12,887 - Model-rank0 - INFO - Training mean loss: 0.385813
2026-08-22 10:20:12,887 - Model-rank0 - INFO - Training accuracy (IoU) of prediction: 0.391280
2026-08-22 10:20:12,888 - Model-rank0 - INFO - Training pixel precision: 0.777553
2026-08-22 10:20:12,888 - Model-rank0 - INFO - Training pixel recall: 0.440601
2026-08-22 10:20:12,888 - Model-rank0 - INFO - Training pixel F1: 0.562475
2026-08-22 10:20:12,888 - Model-rank0 - INFO - Training loss component tversky: 0.299035
2026-08-22 10:20:12,888 - Model-rank0 - INFO - Training loss component dice: 0.330086
2026-08-22 10:20:12,888 - Model-rank0 - INFO - Training loss component hard_margin: 1.863259
2026-08-22 10:20:12,888 - Model-rank0 - INFO - Training loss component hard_weight: 0.020000
2026-08-22 10:20:12,888 - Model-rank0 - INFO - ---- EPOCH 007 EVALUATION ----
2026-08-22 10:25:33,220 - Model-rank0 - INFO - Eval mean loss: 0.590876
2026-08-22 10:25:33,220 - Model-rank0 - INFO - Eval avg class IoU of prediction: 0.312076
2026-08-22 10:25:33,220 - Model-rank0 - INFO - Eval pixel precision: 0.735704
2026-08-22 10:25:33,220 - Model-rank0 - INFO - Eval pixel recall: 0.351481
2026-08-22 10:25:33,220 - Model-rank0 - INFO - Eval pixel F1: 0.475698
2026-08-22 10:25:33,220 - Model-rank0 - INFO - Early stopping eval_f1=0.475698; best=0.475698 at epoch 7; bad_epochs=0/30.
2026-08-22 10:25:33,256 - Model-rank0 - INFO - Saved recoverable checkpoint at /home/devbox/project/model/sjy/CSIG2026/Deeppro_v2/DeepPro-main/log/sem_seg/2026-08-22/SatVideoIRSDT_v1__2026-08-22_08-27-32__F1OHEM-brtd3_raw_apmd_hybrid_rms_motion_detrend_multiscale_contrast_pretrained_seed47_E100/checkpoints/latest_model.pth
2026-08-22 10:25:33,278 - Model-rank0 - INFO - Saved epoch checkpoint at /home/devbox/project/model/sjy/CSIG2026/Deeppro_v2/DeepPro-main/log/sem_seg/2026-08-22/SatVideoIRSDT_v1__2026-08-22_08-27-32__F1OHEM-brtd3_raw_apmd_hybrid_rms_motion_detrend_multiscale_contrast_pretrained_seed47_E100/checkpoints/epoch_7_model.pth
2026-08-22 10:25:33,300 - Model-rank0 - INFO - Saved best checkpoint at /home/devbox/project/model/sjy/CSIG2026/Deeppro_v2/DeepPro-main/log/sem_seg/2026-08-22/SatVideoIRSDT_v1__2026-08-22_08-27-32__F1OHEM-brtd3_raw_apmd_hybrid_rms_motion_detrend_multiscale_contrast_pretrained_seed47_E100/checkpoints/best_model.pth
2026-08-22 10:25:33,335 - Model-rank0 - INFO - Saved early-stopping best checkpoint at /home/devbox/project/model/sjy/CSIG2026/Deeppro_v2/DeepPro-main/log/sem_seg/2026-08-22/SatVideoIRSDT_v1__2026-08-22_08-27-32__F1OHEM-brtd3_raw_apmd_hybrid_rms_motion_detrend_multiscale_contrast_pretrained_seed47_E100/checkpoints/early_stopping_best_model.pth
2026-08-22 10:25:33,335 - Model-rank0 - INFO - Best mIoU_mid: 0.312076
2026-08-22 10:25:33,482 - Model-rank0 - INFO - CUDA memory after evaluation cleanup: allocated=0.017 GiB, reserved=0.447 GiB
2026-08-22 10:25:33,482 - Model-rank0 - INFO - **** Epoch 8/100 ****
2026-08-22 10:25:33,482 - Model-rank0 - INFO - Learning rate:0.001000
2026-08-22 10:36:31,148 - Model-rank0 - INFO - CUDA memory after training cleanup: allocated=0.017 GiB, reserved=0.451 GiB
2026-08-22 10:36:31,148 - Model-rank0 - INFO - Training mean loss: 0.390730
2026-08-22 10:36:31,148 - Model-rank0 - INFO - Training accuracy (IoU) of prediction: 0.399512
2026-08-22 10:36:31,148 - Model-rank0 - INFO - Training pixel precision: 0.778935
2026-08-22 10:36:31,148 - Model-rank0 - INFO - Training pixel recall: 0.450602
2026-08-22 10:36:31,148 - Model-rank0 - INFO - Training pixel F1: 0.570930
2026-08-22 10:36:31,148 - Model-rank0 - INFO - Training loss component tversky: 0.291726
2026-08-22 10:36:31,148 - Model-rank0 - INFO - Training loss component dice: 0.322056
2026-08-22 10:36:31,148 - Model-rank0 - INFO - Training loss component hard_margin: 1.689860
2026-08-22 10:36:31,148 - Model-rank0 - INFO - Training loss component hard_weight: 0.030000
2026-08-22 10:36:31,148 - Model-rank0 - INFO - ---- EPOCH 008 EVALUATION ----
2026-08-22 10:41:55,545 - Model-rank0 - INFO - Eval mean loss: 0.614360
2026-08-22 10:41:55,545 - Model-rank0 - INFO - Eval avg class IoU of prediction: 0.288908
2026-08-22 10:41:55,545 - Model-rank0 - INFO - Eval pixel precision: 0.547196
2026-08-22 10:41:55,545 - Model-rank0 - INFO - Eval pixel recall: 0.379679
2026-08-22 10:41:55,545 - Model-rank0 - INFO - Eval pixel F1: 0.448299
2026-08-22 10:41:55,545 - Model-rank0 - INFO - Early stopping eval_f1=0.448299; best=0.475698 at epoch 7; bad_epochs=0/30.
2026-08-22 10:41:55,572 - Model-rank0 - INFO - Saved recoverable checkpoint at /home/devbox/project/model/sjy/CSIG2026/Deeppro_v2/DeepPro-main/log/sem_seg/2026-08-22/SatVideoIRSDT_v1__2026-08-22_08-27-32__F1OHEM-brtd3_raw_apmd_hybrid_rms_motion_detrend_multiscale_contrast_pretrained_seed47_E100/checkpoints/latest_model.pth
2026-08-22 10:41:55,573 - Model-rank0 - INFO - Best mIoU_mid: 0.312076
2026-08-22 10:41:55,735 - Model-rank0 - INFO - CUDA memory after evaluation cleanup: allocated=0.017 GiB, reserved=0.447 GiB
2026-08-22 10:41:55,735 - Model-rank0 - INFO - **** Epoch 9/100 ****
2026-08-22 10:41:55,735 - Model-rank0 - INFO - Learning rate:0.001000
2026-08-22 10:52:59,874 - Model-rank0 - INFO - CUDA memory after training cleanup: allocated=0.017 GiB, reserved=0.451 GiB
2026-08-22 10:52:59,874 - Model-rank0 - INFO - Training mean loss: 0.400559
2026-08-22 10:52:59,874 - Model-rank0 - INFO - Training accuracy (IoU) of prediction: 0.391749
2026-08-22 10:52:59,874 - Model-rank0 - INFO - Training pixel precision: 0.784548
2026-08-22 10:52:59,874 - Model-rank0 - INFO - Training pixel recall: 0.438974
2026-08-22 10:52:59,874 - Model-rank0 - INFO - Training pixel F1: 0.562959
2026-08-22 10:52:59,874 - Model-rank0 - INFO - Training loss component tversky: 0.289854
2026-08-22 10:52:59,874 - Model-rank0 - INFO - Training loss component dice: 0.319267
2026-08-22 10:52:59,874 - Model-rank0 - INFO - Training loss component hard_margin: 1.570371
2026-08-22 10:52:59,874 - Model-rank0 - INFO - Training loss component hard_weight: 0.040000
2026-08-22 10:52:59,875 - Model-rank0 - INFO - ---- EPOCH 009 EVALUATION ----
2026-08-22 10:58:20,027 - Model-rank0 - INFO - Eval mean loss: 0.634853
2026-08-22 10:58:20,027 - Model-rank0 - INFO - Eval avg class IoU of prediction: 0.310906
2026-08-22 10:58:20,027 - Model-rank0 - INFO - Eval pixel precision: 0.693321
2026-08-22 10:58:20,027 - Model-rank0 - INFO - Eval pixel recall: 0.360480
2026-08-22 10:58:20,027 - Model-rank0 - INFO - Eval pixel F1: 0.474337
2026-08-22 10:58:20,027 - Model-rank0 - INFO - Early stopping eval_f1=0.474337; best=0.475698 at epoch 7; bad_epochs=0/30.
2026-08-22 10:58:20,056 - Model-rank0 - INFO - Saved recoverable checkpoint at /home/devbox/project/model/sjy/CSIG2026/Deeppro_v2/DeepPro-main/log/sem_seg/2026-08-22/SatVideoIRSDT_v1__2026-08-22_08-27-32__F1OHEM-brtd3_raw_apmd_hybrid_rms_motion_detrend_multiscale_contrast_pretrained_seed47_E100/checkpoints/latest_model.pth
2026-08-22 10:58:20,056 - Model-rank0 - INFO - Best mIoU_mid: 0.312076
2026-08-22 10:58:20,202 - Model-rank0 - INFO - CUDA memory after evaluation cleanup: allocated=0.017 GiB, reserved=0.447 GiB
2026-08-22 10:58:20,202 - Model-rank0 - INFO - **** Epoch 10/100 ****
2026-08-22 10:58:20,202 - Model-rank0 - INFO - Learning rate:0.001000
2026-08-22 11:09:39,771 - Model-rank0 - INFO - CUDA memory after training cleanup: allocated=0.017 GiB, reserved=0.449 GiB
2026-08-22 11:09:39,771 - Model-rank0 - INFO - Training mean loss: 0.408590
2026-08-22 11:09:39,771 - Model-rank0 - INFO - Training accuracy (IoU) of prediction: 0.394826
2026-08-22 11:09:39,771 - Model-rank0 - INFO - Training pixel precision: 0.781790
2026-08-22 11:09:39,771 - Model-rank0 - INFO - Training pixel recall: 0.443726
2026-08-22 11:09:39,771 - Model-rank0 - INFO - Training pixel F1: 0.566129
2026-08-22 11:09:39,771 - Model-rank0 - INFO - Training loss component tversky: 0.287377
2026-08-22 11:09:39,771 - Model-rank0 - INFO - Training loss component dice: 0.316639
2026-08-22 11:09:39,771 - Model-rank0 - INFO - Training loss component hard_margin: 1.474336
2026-08-22 11:09:39,771 - Model-rank0 - INFO - Training loss component hard_weight: 0.050000
2026-08-22 11:09:39,771 - Model-rank0 - INFO - ---- EPOCH 010 EVALUATION ----
2026-08-22 11:15:01,328 - Model-rank0 - INFO - Eval mean loss: 0.655905
2026-08-22 11:15:01,328 - Model-rank0 - INFO - Eval avg class IoU of prediction: 0.315486
2026-08-22 11:15:01,328 - Model-rank0 - INFO - Eval pixel precision: 0.709160
2026-08-22 11:15:01,328 - Model-rank0 - INFO - Eval pixel recall: 0.362372
2026-08-22 11:15:01,328 - Model-rank0 - INFO - Eval pixel F1: 0.479649
2026-08-22 11:15:01,328 - Model-rank0 - INFO - Early stopping eval_f1=0.479649; best=0.479649 at epoch 10; bad_epochs=0/30.
2026-08-22 11:15:01,357 - Model-rank0 - INFO - Saved recoverable checkpoint at /home/devbox/project/model/sjy/CSIG2026/Deeppro_v2/DeepPro-main/log/sem_seg/2026-08-22/SatVideoIRSDT_v1__2026-08-22_08-27-32__F1OHEM-brtd3_raw_apmd_hybrid_rms_motion_detrend_multiscale_contrast_pretrained_seed47_E100/checkpoints/latest_model.pth
2026-08-22 11:15:01,381 - Model-rank0 - INFO - Saved epoch checkpoint at /home/devbox/project/model/sjy/CSIG2026/Deeppro_v2/DeepPro-main/log/sem_seg/2026-08-22/SatVideoIRSDT_v1__2026-08-22_08-27-32__F1OHEM-brtd3_raw_apmd_hybrid_rms_motion_detrend_multiscale_contrast_pretrained_seed47_E100/checkpoints/epoch_10_model.pth
2026-08-22 11:15:01,406 - Model-rank0 - INFO - Saved best checkpoint at /home/devbox/project/model/sjy/CSIG2026/Deeppro_v2/DeepPro-main/log/sem_seg/2026-08-22/SatVideoIRSDT_v1__2026-08-22_08-27-32__F1OHEM-brtd3_raw_apmd_hybrid_rms_motion_detrend_multiscale_contrast_pretrained_seed47_E100/checkpoints/best_model.pth
2026-08-22 11:15:01,431 - Model-rank0 - INFO - Saved early-stopping best checkpoint at /home/devbox/project/model/sjy/CSIG2026/Deeppro_v2/DeepPro-main/log/sem_seg/2026-08-22/SatVideoIRSDT_v1__2026-08-22_08-27-32__F1OHEM-brtd3_raw_apmd_hybrid_rms_motion_detrend_multiscale_contrast_pretrained_seed47_E100/checkpoints/early_stopping_best_model.pth
2026-08-22 11:15:01,431 - Model-rank0 - INFO - Best mIoU_mid: 0.315486
2026-08-22 11:15:01,611 - Model-rank0 - INFO - CUDA memory after evaluation cleanup: allocated=0.017 GiB, reserved=0.447 GiB
2026-08-22 11:15:01,611 - Model-rank0 - INFO - **** Epoch 11/100 ****
2026-08-22 11:15:01,611 - Model-rank0 - INFO - Learning rate:0.000700
2026-08-22 11:26:42,228 - Model-rank0 - INFO - CUDA memory after training cleanup: allocated=0.017 GiB, reserved=0.451 GiB
2026-08-22 11:26:42,229 - Model-rank0 - INFO - Training mean loss: 0.410458
2026-08-22 11:26:42,229 - Model-rank0 - INFO - Training accuracy (IoU) of prediction: 0.417107
2026-08-22 11:26:42,229 - Model-rank0 - INFO - Training pixel precision: 0.788309
2026-08-22 11:26:42,229 - Model-rank0 - INFO - Training pixel recall: 0.469720
2026-08-22 11:26:42,229 - Model-rank0 - INFO - Training pixel F1: 0.588674
2026-08-22 11:26:42,229 - Model-rank0 - INFO - Training loss component tversky: 0.282210
2026-08-22 11:26:42,229 - Model-rank0 - INFO - Training loss component dice: 0.309984
2026-08-22 11:26:42,229 - Model-rank0 - INFO - Training loss component hard_margin: 1.362507
2026-08-22 11:26:42,229 - Model-rank0 - INFO - Training loss component hard_weight: 0.060000
2026-08-22 11:26:42,229 - Model-rank0 - INFO - ---- EPOCH 011 EVALUATION ----
2026-08-22 11:32:06,317 - Model-rank0 - INFO - Eval mean loss: 0.682357
2026-08-22 11:32:06,317 - Model-rank0 - INFO - Eval avg class IoU of prediction: 0.308624
2026-08-22 11:32:06,318 - Model-rank0 - INFO - Eval pixel precision: 0.638503
2026-08-22 11:32:06,318 - Model-rank0 - INFO - Eval pixel recall: 0.373968
2026-08-22 11:32:06,318 - Model-rank0 - INFO - Eval pixel F1: 0.471677
2026-08-22 11:32:06,318 - Model-rank0 - INFO - Early stopping eval_f1=0.471677; best=0.479649 at epoch 10; bad_epochs=0/30.
2026-08-22 11:32:06,358 - Model-rank0 - INFO - Saved recoverable checkpoint at /home/devbox/project/model/sjy/CSIG2026/Deeppro_v2/DeepPro-main/log/sem_seg/2026-08-22/SatVideoIRSDT_v1__2026-08-22_08-27-32__F1OHEM-brtd3_raw_apmd_hybrid_rms_motion_detrend_multiscale_contrast_pretrained_seed47_E100/checkpoints/latest_model.pth
2026-08-22 11:32:06,358 - Model-rank0 - INFO - Best mIoU_mid: 0.315486
2026-08-22 11:32:06,616 - Model-rank0 - INFO - CUDA memory after evaluation cleanup: allocated=0.017 GiB, reserved=0.447 GiB
2026-08-22 11:32:06,616 - Model-rank0 - INFO - **** Epoch 12/100 ****
2026-08-22 11:32:06,616 - Model-rank0 - INFO - Learning rate:0.000700
2026-08-22 11:42:50,773 - Model-rank0 - INFO - CUDA memory after training cleanup: allocated=0.017 GiB, reserved=0.451 GiB
2026-08-22 11:42:50,774 - Model-rank0 - INFO - Training mean loss: 0.439455
2026-08-22 11:42:50,774 - Model-rank0 - INFO - Training accuracy (IoU) of prediction: 0.408121
2026-08-22 11:42:50,774 - Model-rank0 - INFO - Training pixel precision: 0.787928
2026-08-22 11:42:50,774 - Model-rank0 - INFO - Training pixel recall: 0.458484
2026-08-22 11:42:50,774 - Model-rank0 - INFO - Training pixel F1: 0.579667
2026-08-22 11:42:50,774 - Model-rank0 - INFO - Training loss component tversky: 0.294667
2026-08-22 11:42:50,774 - Model-rank0 - INFO - Training loss component dice: 0.324354
2026-08-22 11:42:50,774 - Model-rank0 - INFO - Training loss component hard_margin: 1.373353
2026-08-22 11:42:50,774 - Model-rank0 - INFO - Training loss component hard_weight: 0.070000
2026-08-22 11:42:50,774 - Model-rank0 - INFO - ---- EPOCH 012 EVALUATION ----
2026-08-22 11:48:13,451 - Model-rank0 - INFO - Eval mean loss: 0.709997
2026-08-22 11:48:13,451 - Model-rank0 - INFO - Eval avg class IoU of prediction: 0.310030
2026-08-22 11:48:13,452 - Model-rank0 - INFO - Eval pixel precision: 0.747612
2026-08-22 11:48:13,452 - Model-rank0 - INFO - Eval pixel recall: 0.346273
2026-08-22 11:48:13,452 - Model-rank0 - INFO - Eval pixel F1: 0.473318
2026-08-22 11:48:13,452 - Model-rank0 - INFO - Early stopping eval_f1=0.473318; best=0.479649 at epoch 10; bad_epochs=0/30.
2026-08-22 11:48:13,483 - Model-rank0 - INFO - Saved recoverable checkpoint at /home/devbox/project/model/sjy/CSIG2026/Deeppro_v2/DeepPro-main/log/sem_seg/2026-08-22/SatVideoIRSDT_v1__2026-08-22_08-27-32__F1OHEM-brtd3_raw_apmd_hybrid_rms_motion_detrend_multiscale_contrast_pretrained_seed47_E100/checkpoints/latest_model.pth
2026-08-22 11:48:13,483 - Model-rank0 - INFO - Best mIoU_mid: 0.315486
2026-08-22 11:48:13,745 - Model-rank0 - INFO - CUDA memory after evaluation cleanup: allocated=0.017 GiB, reserved=0.447 GiB
2026-08-22 11:48:13,745 - Model-rank0 - INFO - **** Epoch 13/100 ****
2026-08-22 11:48:13,745 - Model-rank0 - INFO - Learning rate:0.000700
2026-08-22 11:58:58,561 - Model-rank0 - INFO - CUDA memory after training cleanup: allocated=0.017 GiB, reserved=0.451 GiB
2026-08-22 11:58:58,561 - Model-rank0 - INFO - Training mean loss: 0.437473
2026-08-22 11:58:58,561 - Model-rank0 - INFO - Training accuracy (IoU) of prediction: 0.414964
2026-08-22 11:58:58,561 - Model-rank0 - INFO - Training pixel precision: 0.783449
2026-08-22 11:58:58,561 - Model-rank0 - INFO - Training pixel recall: 0.468726
2026-08-22 11:58:58,561 - Model-rank0 - INFO - Training pixel F1: 0.586536
2026-08-22 11:58:58,561 - Model-rank0 - INFO - Training loss component tversky: 0.286469
2026-08-22 11:58:58,561 - Model-rank0 - INFO - Training loss component dice: 0.314725
2026-08-22 11:58:58,561 - Model-rank0 - INFO - Training loss component hard_margin: 1.297444
2026-08-22 11:58:58,561 - Model-rank0 - INFO - Training loss component hard_weight: 0.080000
2026-08-22 11:58:58,561 - Model-rank0 - INFO - ---- EPOCH 013 EVALUATION ----
2026-08-22 12:04:23,622 - Model-rank0 - INFO - Eval mean loss: 0.712637
2026-08-22 12:04:23,623 - Model-rank0 - INFO - Eval avg class IoU of prediction: 0.307002
2026-08-22 12:04:23,623 - Model-rank0 - INFO - Eval pixel precision: 0.624433
2026-08-22 12:04:23,623 - Model-rank0 - INFO - Eval pixel recall: 0.376526
2026-08-22 12:04:23,623 - Model-rank0 - INFO - Eval pixel F1: 0.469780
2026-08-22 12:04:23,623 - Model-rank0 - INFO - Early stopping eval_f1=0.469780; best=0.479649 at epoch 10; bad_epochs=0/30.
2026-08-22 12:04:23,653 - Model-rank0 - INFO - Saved recoverable checkpoint at /home/devbox/project/model/sjy/CSIG2026/Deeppro_v2/DeepPro-main/log/sem_seg/2026-08-22/SatVideoIRSDT_v1__2026-08-22_08-27-32__F1OHEM-brtd3_raw_apmd_hybrid_rms_motion_detrend_multiscale_contrast_pretrained_seed47_E100/checkpoints/latest_model.pth
2026-08-22 12:04:23,653 - Model-rank0 - INFO - Best mIoU_mid: 0.315486
2026-08-22 12:04:23,877 - Model-rank0 - INFO - CUDA memory after evaluation cleanup: allocated=0.017 GiB, reserved=0.449 GiB
2026-08-22 12:04:23,877 - Model-rank0 - INFO - **** Epoch 14/100 ****
2026-08-22 12:04:23,877 - Model-rank0 - INFO - Learning rate:0.000700
2026-08-22 12:15:04,153 - Model-rank0 - INFO - CUDA memory after training cleanup: allocated=0.017 GiB, reserved=0.449 GiB
2026-08-22 12:15:04,154 - Model-rank0 - INFO - Training mean loss: 0.427978
2026-08-22 12:15:04,154 - Model-rank0 - INFO - Training accuracy (IoU) of prediction: 0.447488
2026-08-22 12:15:04,154 - Model-rank0 - INFO - Training pixel precision: 0.779473
2026-08-22 12:15:04,154 - Model-rank0 - INFO - Training pixel recall: 0.512353
2026-08-22 12:15:04,154 - Model-rank0 - INFO - Training pixel F1: 0.618296
2026-08-22 12:15:04,154 - Model-rank0 - INFO - Training loss component tversky: 0.273907
2026-08-22 12:15:04,154 - Model-rank0 - INFO - Training loss component dice: 0.301680
2026-08-22 12:15:04,154 - Model-rank0 - INFO - Training loss component hard_margin: 1.209103
2026-08-22 12:15:04,154 - Model-rank0 - INFO - Training loss component hard_weight: 0.090000
2026-08-22 12:15:04,154 - Model-rank0 - INFO - ---- EPOCH 014 EVALUATION ----
2026-08-22 12:20:31,272 - Model-rank0 - INFO - Eval mean loss: 0.765450
2026-08-22 12:20:31,272 - Model-rank0 - INFO - Eval avg class IoU of prediction: 0.292414
2026-08-22 12:20:31,272 - Model-rank0 - INFO - Eval pixel precision: 0.641083
2026-08-22 12:20:31,272 - Model-rank0 - INFO - Eval pixel recall: 0.349656
2026-08-22 12:20:31,272 - Model-rank0 - INFO - Eval pixel F1: 0.452508
2026-08-22 12:20:31,272 - Model-rank0 - INFO - Early stopping eval_f1=0.452508; best=0.479649 at epoch 10; bad_epochs=0/30.
2026-08-22 12:20:31,307 - Model-rank0 - INFO - Saved recoverable checkpoint at /home/devbox/project/model/sjy/CSIG2026/Deeppro_v2/DeepPro-main/log/sem_seg/2026-08-22/SatVideoIRSDT_v1__2026-08-22_08-27-32__F1OHEM-brtd3_raw_apmd_hybrid_rms_motion_detrend_multiscale_contrast_pretrained_seed47_E100/checkpoints/latest_model.pth
2026-08-22 12:20:31,308 - Model-rank0 - INFO - Best mIoU_mid: 0.315486
2026-08-22 12:20:31,577 - Model-rank0 - INFO - CUDA memory after evaluation cleanup: allocated=0.017 GiB, reserved=0.447 GiB
2026-08-22 12:20:31,577 - Model-rank0 - INFO - **** Epoch 15/100 ****
2026-08-22 12:20:31,577 - Model-rank0 - INFO - Learning rate:0.000700
2026-08-22 12:32:16,403 - Model-rank0 - INFO - CUDA memory after training cleanup: allocated=0.017 GiB, reserved=0.453 GiB
2026-08-22 12:32:16,403 - Model-rank0 - INFO - Training mean loss: 0.432605
2026-08-22 12:32:16,403 - Model-rank0 - INFO - Training accuracy (IoU) of prediction: 0.446636
2026-08-22 12:32:16,403 - Model-rank0 - INFO - Training pixel precision: 0.785288
2026-08-22 12:32:16,403 - Model-rank0 - INFO - Training pixel recall: 0.508765
2026-08-22 12:32:16,403 - Model-rank0 - INFO - Training pixel F1: 0.617482
2026-08-22 12:32:16,403 - Model-rank0 - INFO - Training loss component tversky: 0.270773
2026-08-22 12:32:16,403 - Model-rank0 - INFO - Training loss component dice: 0.298233
2026-08-22 12:32:16,403 - Model-rank0 - INFO - Training loss component hard_margin: 1.170971
2026-08-22 12:32:16,404 - Model-rank0 - INFO - Training loss component hard_weight: 0.100000
2026-08-22 12:32:16,404 - Model-rank0 - INFO - ---- EPOCH 015 EVALUATION ----
2026-08-22 12:37:41,528 - Model-rank0 - INFO - Eval mean loss: 0.750162
2026-08-22 12:37:41,528 - Model-rank0 - INFO - Eval avg class IoU of prediction: 0.337047
2026-08-22 12:37:41,528 - Model-rank0 - INFO - Eval pixel precision: 0.742513
2026-08-22 12:37:41,528 - Model-rank0 - INFO - Eval pixel recall: 0.381654
2026-08-22 12:37:41,528 - Model-rank0 - INFO - Eval pixel F1: 0.504166
2026-08-22 12:37:41,528 - Model-rank0 - INFO - Early stopping eval_f1=0.504166; best=0.504166 at epoch 15; bad_epochs=0/30.
2026-08-22 12:37:41,561 - Model-rank0 - INFO - Saved recoverable checkpoint at /home/devbox/project/model/sjy/CSIG2026/Deeppro_v2/DeepPro-main/log/sem_seg/2026-08-22/SatVideoIRSDT_v1__2026-08-22_08-27-32__F1OHEM-brtd3_raw_apmd_hybrid_rms_motion_detrend_multiscale_contrast_pretrained_seed47_E100/checkpoints/latest_model.pth
2026-08-22 12:37:41,584 - Model-rank0 - INFO - Saved epoch checkpoint at /home/devbox/project/model/sjy/CSIG2026/Deeppro_v2/DeepPro-main/log/sem_seg/2026-08-22/SatVideoIRSDT_v1__2026-08-22_08-27-32__F1OHEM-brtd3_raw_apmd_hybrid_rms_motion_detrend_multiscale_contrast_pretrained_seed47_E100/checkpoints/epoch_15_model.pth
2026-08-22 12:37:41,612 - Model-rank0 - INFO - Saved best checkpoint at /home/devbox/project/model/sjy/CSIG2026/Deeppro_v2/DeepPro-main/log/sem_seg/2026-08-22/SatVideoIRSDT_v1__2026-08-22_08-27-32__F1OHEM-brtd3_raw_apmd_hybrid_rms_motion_detrend_multiscale_contrast_pretrained_seed47_E100/checkpoints/best_model.pth
2026-08-22 12:37:41,635 - Model-rank0 - INFO - Saved early-stopping best checkpoint at /home/devbox/project/model/sjy/CSIG2026/Deeppro_v2/DeepPro-main/log/sem_seg/2026-08-22/SatVideoIRSDT_v1__2026-08-22_08-27-32__F1OHEM-brtd3_raw_apmd_hybrid_rms_motion_detrend_multiscale_contrast_pretrained_seed47_E100/checkpoints/early_stopping_best_model.pth
2026-08-22 12:37:41,635 - Model-rank0 - INFO - Best mIoU_mid: 0.337047
2026-08-22 12:37:41,787 - Model-rank0 - INFO - CUDA memory after evaluation cleanup: allocated=0.017 GiB, reserved=0.447 GiB
2026-08-22 12:37:41,788 - Model-rank0 - INFO - **** Epoch 16/100 ****
2026-08-22 12:37:41,788 - Model-rank0 - INFO - Learning rate:0.000700
2026-08-22 12:48:09,824 - Model-rank0 - INFO - CUDA memory after training cleanup: allocated=0.017 GiB, reserved=0.447 GiB
2026-08-22 12:48:09,824 - Model-rank0 - INFO - Training mean loss: 0.444455
2026-08-22 12:48:09,824 - Model-rank0 - INFO - Training accuracy (IoU) of prediction: 0.423723
2026-08-22 12:48:09,825 - Model-rank0 - INFO - Training pixel precision: 0.787008
2026-08-22 12:48:09,825 - Model-rank0 - INFO - Training pixel recall: 0.478607
2026-08-22 12:48:09,825 - Model-rank0 - INFO - Training pixel F1: 0.595232
2026-08-22 12:48:09,825 - Model-rank0 - INFO - Training loss component tversky: 0.278088
2026-08-22 12:48:09,825 - Model-rank0 - INFO - Training loss component dice: 0.305478
2026-08-22 12:48:09,825 - Model-rank0 - INFO - Training loss component hard_margin: 1.205454
2026-08-22 12:48:09,825 - Model-rank0 - INFO - Training loss component hard_weight: 0.100000
2026-08-22 12:48:09,825 - Model-rank0 - INFO - ---- EPOCH 016 EVALUATION ----
2026-08-22 12:53:34,333 - Model-rank0 - INFO - Eval mean loss: 0.773038
2026-08-22 12:53:34,333 - Model-rank0 - INFO - Eval avg class IoU of prediction: 0.323394
2026-08-22 12:53:34,333 - Model-rank0 - INFO - Eval pixel precision: 0.753234
2026-08-22 12:53:34,333 - Model-rank0 - INFO - Eval pixel recall: 0.361717
2026-08-22 12:53:34,333 - Model-rank0 - INFO - Eval pixel F1: 0.488735
2026-08-22 12:53:34,333 - Model-rank0 - INFO - Early stopping eval_f1=0.488735; best=0.504166 at epoch 15; bad_epochs=1/30.
2026-08-22 12:53:34,362 - Model-rank0 - INFO - Saved recoverable checkpoint at /home/devbox/project/model/sjy/CSIG2026/Deeppro_v2/DeepPro-main/log/sem_seg/2026-08-22/SatVideoIRSDT_v1__2026-08-22_08-27-32__F1OHEM-brtd3_raw_apmd_hybrid_rms_motion_detrend_multiscale_contrast_pretrained_seed47_E100/checkpoints/latest_model.pth
2026-08-22 12:53:34,363 - Model-rank0 - INFO - Best mIoU_mid: 0.337047
2026-08-22 12:53:34,512 - Model-rank0 - INFO - CUDA memory after evaluation cleanup: allocated=0.017 GiB, reserved=0.447 GiB
2026-08-22 12:53:34,512 - Model-rank0 - INFO - **** Epoch 17/100 ****
2026-08-22 12:53:34,512 - Model-rank0 - INFO - Learning rate:0.000700
2026-08-22 13:04:17,514 - Model-rank0 - INFO - CUDA memory after training cleanup: allocated=0.017 GiB, reserved=0.447 GiB
2026-08-22 13:04:17,514 - Model-rank0 - INFO - Training mean loss: 0.424280
2026-08-22 13:04:17,514 - Model-rank0 - INFO - Training accuracy (IoU) of prediction: 0.433454
2026-08-22 13:04:17,514 - Model-rank0 - INFO - Training pixel precision: 0.790072
2026-08-22 13:04:17,514 - Model-rank0 - INFO - Training pixel recall: 0.489873
2026-08-22 13:04:17,514 - Model-rank0 - INFO - Training pixel F1: 0.604768
2026-08-22 13:04:17,515 - Model-rank0 - INFO - Training loss component tversky: 0.267442
2026-08-22 13:04:17,515 - Model-rank0 - INFO - Training loss component dice: 0.292870
2026-08-22 13:04:17,515 - Model-rank0 - INFO - Training loss component hard_margin: 1.129074
2026-08-22 13:04:17,515 - Model-rank0 - INFO - Training loss component hard_weight: 0.100000
2026-08-22 13:04:17,515 - Model-rank0 - INFO - ---- EPOCH 017 EVALUATION ----
2026-08-22 13:09:40,955 - Model-rank0 - INFO - Eval mean loss: 0.742849
2026-08-22 13:09:40,955 - Model-rank0 - INFO - Eval avg class IoU of prediction: 0.326724
2026-08-22 13:09:40,955 - Model-rank0 - INFO - Eval pixel precision: 0.650707
2026-08-22 13:09:40,956 - Model-rank0 - INFO - Eval pixel recall: 0.396213
2026-08-22 13:09:40,956 - Model-rank0 - INFO - Eval pixel F1: 0.492528
2026-08-22 13:09:40,956 - Model-rank0 - INFO - Early stopping eval_f1=0.492528; best=0.504166 at epoch 15; bad_epochs=2/30.
2026-08-22 13:09:40,986 - Model-rank0 - INFO - Saved recoverable checkpoint at /home/devbox/project/model/sjy/CSIG2026/Deeppro_v2/DeepPro-main/log/sem_seg/2026-08-22/SatVideoIRSDT_v1__2026-08-22_08-27-32__F1OHEM-brtd3_raw_apmd_hybrid_rms_motion_detrend_multiscale_contrast_pretrained_seed47_E100/checkpoints/latest_model.pth
2026-08-22 13:09:40,986 - Model-rank0 - INFO - Best mIoU_mid: 0.337047
2026-08-22 13:09:41,194 - Model-rank0 - INFO - CUDA memory after evaluation cleanup: allocated=0.017 GiB, reserved=0.447 GiB
2026-08-22 13:09:41,194 - Model-rank0 - INFO - **** Epoch 18/100 ****
2026-08-22 13:09:41,194 - Model-rank0 - INFO - Learning rate:0.000700
2026-08-22 13:19:35,036 - Model-rank0 - INFO - CUDA memory after training cleanup: allocated=0.017 GiB, reserved=0.449 GiB
2026-08-22 13:19:35,036 - Model-rank0 - INFO - Training mean loss: 0.427647
2026-08-22 13:19:35,036 - Model-rank0 - INFO - Training accuracy (IoU) of prediction: 0.442457
2026-08-22 13:19:35,036 - Model-rank0 - INFO - Training pixel precision: 0.786510
2026-08-22 13:19:35,036 - Model-rank0 - INFO - Training pixel recall: 0.502849
2026-08-22 13:19:35,036 - Model-rank0 - INFO - Training pixel F1: 0.613477
2026-08-22 13:19:35,036 - Model-rank0 - INFO - Training loss component tversky: 0.269539
2026-08-22 13:19:35,036 - Model-rank0 - INFO - Training loss component dice: 0.294943
2026-08-22 13:19:35,036 - Model-rank0 - INFO - Training loss component hard_margin: 1.138661
2026-08-22 13:19:35,036 - Model-rank0 - INFO - Training loss component hard_weight: 0.100000
2026-08-22 13:19:35,036 - Model-rank0 - INFO - ---- EPOCH 018 EVALUATION ----
2026-08-22 13:24:59,894 - Model-rank0 - INFO - Eval mean loss: 0.737446
2026-08-22 13:24:59,894 - Model-rank0 - INFO - Eval avg class IoU of prediction: 0.343127
2026-08-22 13:24:59,894 - Model-rank0 - INFO - Eval pixel precision: 0.762395
2026-08-22 13:24:59,894 - Model-rank0 - INFO - Eval pixel recall: 0.384214
2026-08-22 13:24:59,894 - Model-rank0 - INFO - Eval pixel F1: 0.510937
2026-08-22 13:24:59,894 - Model-rank0 - INFO - Early stopping eval_f1=0.510937; best=0.510937 at epoch 18; bad_epochs=0/30.
2026-08-22 13:24:59,926 - Model-rank0 - INFO - Saved recoverable checkpoint at /home/devbox/project/model/sjy/CSIG2026/Deeppro_v2/DeepPro-main/log/sem_seg/2026-08-22/SatVideoIRSDT_v1__2026-08-22_08-27-32__F1OHEM-brtd3_raw_apmd_hybrid_rms_motion_detrend_multiscale_contrast_pretrained_seed47_E100/checkpoints/latest_model.pth
2026-08-22 13:24:59,948 - Model-rank0 - INFO - Saved epoch checkpoint at /home/devbox/project/model/sjy/CSIG2026/Deeppro_v2/DeepPro-main/log/sem_seg/2026-08-22/SatVideoIRSDT_v1__2026-08-22_08-27-32__F1OHEM-brtd3_raw_apmd_hybrid_rms_motion_detrend_multiscale_contrast_pretrained_seed47_E100/checkpoints/epoch_18_model.pth
2026-08-22 13:24:59,971 - Model-rank0 - INFO - Saved best checkpoint at /home/devbox/project/model/sjy/CSIG2026/Deeppro_v2/DeepPro-main/log/sem_seg/2026-08-22/SatVideoIRSDT_v1__2026-08-22_08-27-32__F1OHEM-brtd3_raw_apmd_hybrid_rms_motion_detrend_multiscale_contrast_pretrained_seed47_E100/checkpoints/best_model.pth
2026-08-22 13:24:59,996 - Model-rank0 - INFO - Saved early-stopping best checkpoint at /home/devbox/project/model/sjy/CSIG2026/Deeppro_v2/DeepPro-main/log/sem_seg/2026-08-22/SatVideoIRSDT_v1__2026-08-22_08-27-32__F1OHEM-brtd3_raw_apmd_hybrid_rms_motion_detrend_multiscale_contrast_pretrained_seed47_E100/checkpoints/early_stopping_best_model.pth
2026-08-22 13:24:59,996 - Model-rank0 - INFO - Best mIoU_mid: 0.343127
2026-08-22 13:25:00,223 - Model-rank0 - INFO - CUDA memory after evaluation cleanup: allocated=0.017 GiB, reserved=0.447 GiB
2026-08-22 13:25:00,224 - Model-rank0 - INFO - **** Epoch 19/100 ****
2026-08-22 13:25:00,224 - Model-rank0 - INFO - Learning rate:0.000700
2026-08-22 13:35:18,514 - Model-rank0 - INFO - CUDA memory after training cleanup: allocated=0.017 GiB, reserved=0.451 GiB
2026-08-22 13:35:18,514 - Model-rank0 - INFO - Training mean loss: 0.412886
2026-08-22 13:35:18,514 - Model-rank0 - INFO - Training accuracy (IoU) of prediction: 0.456534
2026-08-22 13:35:18,514 - Model-rank0 - INFO - Training pixel precision: 0.794108
2026-08-22 13:35:18,514 - Model-rank0 - INFO - Training pixel recall: 0.517828
2026-08-22 13:35:18,514 - Model-rank0 - INFO - Training pixel F1: 0.626877
2026-08-22 13:35:18,514 - Model-rank0 - INFO - Training loss component tversky: 0.260434
2026-08-22 13:35:18,514 - Model-rank0 - INFO - Training loss component dice: 0.285987
2026-08-22 13:35:18,514 - Model-rank0 - INFO - Training loss component hard_margin: 1.095542
2026-08-22 13:35:18,514 - Model-rank0 - INFO - Training loss component hard_weight: 0.100000
2026-08-22 13:35:18,514 - Model-rank0 - INFO - ---- EPOCH 019 EVALUATION ----
2026-08-22 13:40:45,077 - Model-rank0 - INFO - Eval mean loss: 0.748557
2026-08-22 13:40:45,077 - Model-rank0 - INFO - Eval avg class IoU of prediction: 0.331690
2026-08-22 13:40:45,077 - Model-rank0 - INFO - Eval pixel precision: 0.660075
2026-08-22 13:40:45,077 - Model-rank0 - INFO - Eval pixel recall: 0.400019
2026-08-22 13:40:45,077 - Model-rank0 - INFO - Eval pixel F1: 0.498149
2026-08-22 13:40:45,078 - Model-rank0 - INFO - Early stopping eval_f1=0.498149; best=0.510937 at epoch 18; bad_epochs=1/30.
2026-08-22 13:40:45,107 - Model-rank0 - INFO - Saved recoverable checkpoint at /home/devbox/project/model/sjy/CSIG2026/Deeppro_v2/DeepPro-main/log/sem_seg/2026-08-22/SatVideoIRSDT_v1__2026-08-22_08-27-32__F1OHEM-brtd3_raw_apmd_hybrid_rms_motion_detrend_multiscale_contrast_pretrained_seed47_E100/checkpoints/latest_model.pth
2026-08-22 13:40:45,107 - Model-rank0 - INFO - Best mIoU_mid: 0.343127
2026-08-22 13:40:45,342 - Model-rank0 - INFO - CUDA memory after evaluation cleanup: allocated=0.017 GiB, reserved=0.447 GiB
2026-08-22 13:40:45,343 - Model-rank0 - INFO - **** Epoch 20/100 ****
2026-08-22 13:40:45,343 - Model-rank0 - INFO - Learning rate:0.000700
2026-08-22 13:50:53,245 - Model-rank0 - INFO - CUDA memory after training cleanup: allocated=0.017 GiB, reserved=0.451 GiB
2026-08-22 13:50:53,245 - Model-rank0 - INFO - Training mean loss: 0.420143
2026-08-22 13:50:53,245 - Model-rank0 - INFO - Training accuracy (IoU) of prediction: 0.443640
2026-08-22 13:50:53,245 - Model-rank0 - INFO - Training pixel precision: 0.773063
2026-08-22 13:50:53,245 - Model-rank0 - INFO - Training pixel recall: 0.510068
2026-08-22 13:50:53,245 - Model-rank0 - INFO - Training pixel F1: 0.614613
2026-08-22 13:50:53,245 - Model-rank0 - INFO - Training loss component tversky: 0.265351
2026-08-22 13:50:53,245 - Model-rank0 - INFO - Training loss component dice: 0.290855
2026-08-22 13:50:53,245 - Model-rank0 - INFO - Training loss component hard_margin: 1.111634
2026-08-22 13:50:53,246 - Model-rank0 - INFO - Training loss component hard_weight: 0.100000
2026-08-22 13:50:53,246 - Model-rank0 - INFO - ---- EPOCH 020 EVALUATION ----
2026-08-22 13:56:21,138 - Model-rank0 - INFO - Eval mean loss: 0.752431
2026-08-22 13:56:21,139 - Model-rank0 - INFO - Eval avg class IoU of prediction: 0.335759
2026-08-22 13:56:21,139 - Model-rank0 - INFO - Eval pixel precision: 0.782597
2026-08-22 13:56:21,139 - Model-rank0 - INFO - Eval pixel recall: 0.370297
2026-08-22 13:56:21,139 - Model-rank0 - INFO - Eval pixel F1: 0.502723
2026-08-22 13:56:21,139 - Model-rank0 - INFO - Early stopping eval_f1=0.502723; best=0.510937 at epoch 18; bad_epochs=2/30.
2026-08-22 13:56:21,171 - Model-rank0 - INFO - Saved recoverable checkpoint at /home/devbox/project/model/sjy/CSIG2026/Deeppro_v2/DeepPro-main/log/sem_seg/2026-08-22/SatVideoIRSDT_v1__2026-08-22_08-27-32__F1OHEM-brtd3_raw_apmd_hybrid_rms_motion_detrend_multiscale_contrast_pretrained_seed47_E100/checkpoints/latest_model.pth
2026-08-22 13:56:21,192 - Model-rank0 - INFO - Saved epoch checkpoint at /home/devbox/project/model/sjy/CSIG2026/Deeppro_v2/DeepPro-main/log/sem_seg/2026-08-22/SatVideoIRSDT_v1__2026-08-22_08-27-32__F1OHEM-brtd3_raw_apmd_hybrid_rms_motion_detrend_multiscale_contrast_pretrained_seed47_E100/checkpoints/epoch_20_model.pth
2026-08-22 13:56:21,192 - Model-rank0 - INFO - Best mIoU_mid: 0.343127
2026-08-22 13:56:21,370 - Model-rank0 - INFO - CUDA memory after evaluation cleanup: allocated=0.017 GiB, reserved=0.447 GiB
2026-08-22 13:56:21,370 - Model-rank0 - INFO - **** Epoch 21/100 ****
2026-08-22 13:56:21,370 - Model-rank0 - INFO - Learning rate:0.000490
2026-08-22 14:07:02,116 - Model-rank0 - INFO - CUDA memory after training cleanup: allocated=0.017 GiB, reserved=0.451 GiB
2026-08-22 14:07:02,116 - Model-rank0 - INFO - Training mean loss: 0.398594
2026-08-22 14:07:02,116 - Model-rank0 - INFO - Training accuracy (IoU) of prediction: 0.474083
2026-08-22 14:07:02,116 - Model-rank0 - INFO - Training pixel precision: 0.777595
2026-08-22 14:07:02,117 - Model-rank0 - INFO - Training pixel recall: 0.548450
2026-08-22 14:07:02,117 - Model-rank0 - INFO - Training pixel F1: 0.643224
2026-08-22 14:07:02,117 - Model-rank0 - INFO - Training loss component tversky: 0.250844
2026-08-22 14:07:02,117 - Model-rank0 - INFO - Training loss component dice: 0.276188
2026-08-22 14:07:02,117 - Model-rank0 - INFO - Training loss component hard_margin: 1.063220
2026-08-22 14:07:02,117 - Model-rank0 - INFO - Training loss component hard_weight: 0.100000
2026-08-22 14:07:02,117 - Model-rank0 - INFO - ---- EPOCH 021 EVALUATION ----
2026-08-22 14:12:31,384 - Model-rank0 - INFO - Eval mean loss: 0.775859
2026-08-22 14:12:31,384 - Model-rank0 - INFO - Eval avg class IoU of prediction: 0.310304
2026-08-22 14:12:31,385 - Model-rank0 - INFO - Eval pixel precision: 0.719701
2026-08-22 14:12:31,385 - Model-rank0 - INFO - Eval pixel recall: 0.352961
2026-08-22 14:12:31,385 - Model-rank0 - INFO - Eval pixel F1: 0.473637
2026-08-22 14:12:31,385 - Model-rank0 - INFO - Early stopping eval_f1=0.473637; best=0.510937 at epoch 18; bad_epochs=3/30.
2026-08-22 14:12:31,414 - Model-rank0 - INFO - Saved recoverable checkpoint at /home/devbox/project/model/sjy/CSIG2026/Deeppro_v2/DeepPro-main/log/sem_seg/2026-08-22/SatVideoIRSDT_v1__2026-08-22_08-27-32__F1OHEM-brtd3_raw_apmd_hybrid_rms_motion_detrend_multiscale_contrast_pretrained_seed47_E100/checkpoints/latest_model.pth
2026-08-22 14:12:31,414 - Model-rank0 - INFO - Best mIoU_mid: 0.343127
2026-08-22 14:12:31,559 - Model-rank0 - INFO - CUDA memory after evaluation cleanup: allocated=0.017 GiB, reserved=0.447 GiB
2026-08-22 14:12:31,559 - Model-rank0 - INFO - **** Epoch 22/100 ****
2026-08-22 14:12:31,559 - Model-rank0 - INFO - Learning rate:0.000490
2026-08-22 14:23:47,299 - Model-rank0 - INFO - CUDA memory after training cleanup: allocated=0.017 GiB, reserved=0.451 GiB
2026-08-22 14:23:47,300 - Model-rank0 - INFO - Training mean loss: 0.379483
2026-08-22 14:23:47,300 - Model-rank0 - INFO - Training accuracy (IoU) of prediction: 0.499797
2026-08-22 14:23:47,300 - Model-rank0 - INFO - Training pixel precision: 0.784669
2026-08-22 14:23:47,300 - Model-rank0 - INFO - Training pixel recall: 0.579243
2026-08-22 14:23:47,300 - Model-rank0 - INFO - Training pixel F1: 0.666486
2026-08-22 14:23:47,300 - Model-rank0 - INFO - Training loss component tversky: 0.237337
2026-08-22 14:23:47,300 - Model-rank0 - INFO - Training loss component dice: 0.262831
2026-08-22 14:23:47,300 - Model-rank0 - INFO - Training loss component hard_margin: 1.027222
2026-08-22 14:23:47,300 - Model-rank0 - INFO - Training loss component hard_weight: 0.100000
2026-08-22 14:23:47,300 - Model-rank0 - INFO - ---- EPOCH 022 EVALUATION ----
2026-08-22 14:29:17,010 - Model-rank0 - INFO - Eval mean loss: 0.753410
2026-08-22 14:29:17,011 - Model-rank0 - INFO - Eval avg class IoU of prediction: 0.338206
2026-08-22 14:29:17,011 - Model-rank0 - INFO - Eval pixel precision: 0.782622
2026-08-22 14:29:17,011 - Model-rank0 - INFO - Eval pixel recall: 0.373271
2026-08-22 14:29:17,011 - Model-rank0 - INFO - Eval pixel F1: 0.505462
2026-08-22 14:29:17,011 - Model-rank0 - INFO - Early stopping eval_f1=0.505462; best=0.510937 at epoch 18; bad_epochs=4/30.
2026-08-22 14:29:17,042 - Model-rank0 - INFO - Saved recoverable checkpoint at /home/devbox/project/model/sjy/CSIG2026/Deeppro_v2/DeepPro-main/log/sem_seg/2026-08-22/SatVideoIRSDT_v1__2026-08-22_08-27-32__F1OHEM-brtd3_raw_apmd_hybrid_rms_motion_detrend_multiscale_contrast_pretrained_seed47_E100/checkpoints/latest_model.pth
2026-08-22 14:29:17,042 - Model-rank0 - INFO - Best mIoU_mid: 0.343127
2026-08-22 14:29:17,258 - Model-rank0 - INFO - CUDA memory after evaluation cleanup: allocated=0.017 GiB, reserved=0.447 GiB
2026-08-22 14:29:17,259 - Model-rank0 - INFO - **** Epoch 23/100 ****
2026-08-22 14:29:17,259 - Model-rank0 - INFO - Learning rate:0.000490
2026-08-22 14:39:39,003 - Model-rank0 - INFO - CUDA memory after training cleanup: allocated=0.017 GiB, reserved=0.449 GiB
2026-08-22 14:39:39,003 - Model-rank0 - INFO - Training mean loss: 0.360246
2026-08-22 14:39:39,003 - Model-rank0 - INFO - Training accuracy (IoU) of prediction: 0.531228
2026-08-22 14:39:39,003 - Model-rank0 - INFO - Training pixel precision: 0.802125
2026-08-22 14:39:39,003 - Model-rank0 - INFO - Training pixel recall: 0.611343
2026-08-22 14:39:39,004 - Model-rank0 - INFO - Training pixel F1: 0.693859
2026-08-22 14:39:39,004 - Model-rank0 - INFO - Training loss component tversky: 0.226827
2026-08-22 14:39:39,004 - Model-rank0 - INFO - Training loss component dice: 0.250704
2026-08-22 14:39:39,004 - Model-rank0 - INFO - Training loss component hard_margin: 0.958132
2026-08-22 14:39:39,004 - Model-rank0 - INFO - Training loss component hard_weight: 0.100000
2026-08-22 14:39:39,004 - Model-rank0 - INFO - ---- EPOCH 023 EVALUATION ----
2026-08-22 14:45:15,479 - Model-rank0 - INFO - Eval mean loss: 0.750069
2026-08-22 14:45:15,479 - Model-rank0 - INFO - Eval avg class IoU of prediction: 0.336891
2026-08-22 14:45:15,479 - Model-rank0 - INFO - Eval pixel precision: 0.785247
2026-08-22 14:45:15,479 - Model-rank0 - INFO - Eval pixel recall: 0.371080
2026-08-22 14:45:15,479 - Model-rank0 - INFO - Eval pixel F1: 0.503991
2026-08-22 14:45:15,479 - Model-rank0 - INFO - Early stopping eval_f1=0.503991; best=0.510937 at epoch 18; bad_epochs=5/30.
2026-08-22 14:45:15,512 - Model-rank0 - INFO - Saved recoverable checkpoint at /home/devbox/project/model/sjy/CSIG2026/Deeppro_v2/DeepPro-main/log/sem_seg/2026-08-22/SatVideoIRSDT_v1__2026-08-22_08-27-32__F1OHEM-brtd3_raw_apmd_hybrid_rms_motion_detrend_multiscale_contrast_pretrained_seed47_E100/checkpoints/latest_model.pth
2026-08-22 14:45:15,513 - Model-rank0 - INFO - Best mIoU_mid: 0.343127
2026-08-22 14:45:15,684 - Model-rank0 - INFO - CUDA memory after evaluation cleanup: allocated=0.017 GiB, reserved=0.447 GiB
2026-08-22 14:45:15,684 - Model-rank0 - INFO - **** Epoch 24/100 ****
2026-08-22 14:45:15,684 - Model-rank0 - INFO - Learning rate:0.000490
2026-08-22 14:55:49,133 - Model-rank0 - INFO - CUDA memory after training cleanup: allocated=0.017 GiB, reserved=0.449 GiB
2026-08-22 14:55:49,133 - Model-rank0 - INFO - Training mean loss: 0.368431
2026-08-22 14:55:49,133 - Model-rank0 - INFO - Training accuracy (IoU) of prediction: 0.525462
2026-08-22 14:55:49,133 - Model-rank0 - INFO - Training pixel precision: 0.791994
2026-08-22 14:55:49,133 - Model-rank0 - INFO - Training pixel recall: 0.609588
2026-08-22 14:55:49,133 - Model-rank0 - INFO - Training pixel F1: 0.688922
2026-08-22 14:55:49,134 - Model-rank0 - INFO - Training loss component tversky: 0.232531
2026-08-22 14:55:49,134 - Model-rank0 - INFO - Training loss component dice: 0.256690
2026-08-22 14:55:49,134 - Model-rank0 - INFO - Training loss component hard_margin: 0.973968
2026-08-22 14:55:49,134 - Model-rank0 - INFO - Training loss component hard_weight: 0.100000
2026-08-22 14:55:49,134 - Model-rank0 - INFO - ---- EPOCH 024 EVALUATION ----
2026-08-22 15:01:13,828 - Model-rank0 - INFO - Eval mean loss: 0.735370
2026-08-22 15:01:13,828 - Model-rank0 - INFO - Eval avg class IoU of prediction: 0.348976
2026-08-22 15:01:13,828 - Model-rank0 - INFO - Eval pixel precision: 0.764165
2026-08-22 15:01:13,828 - Model-rank0 - INFO - Eval pixel recall: 0.391097
2026-08-22 15:01:13,828 - Model-rank0 - INFO - Eval pixel F1: 0.517394
2026-08-22 15:01:13,828 - Model-rank0 - INFO - Early stopping eval_f1=0.517394; best=0.517394 at epoch 24; bad_epochs=0/30.
2026-08-22 15:01:13,859 - Model-rank0 - INFO - Saved recoverable checkpoint at /home/devbox/project/model/sjy/CSIG2026/Deeppro_v2/DeepPro-main/log/sem_seg/2026-08-22/SatVideoIRSDT_v1__2026-08-22_08-27-32__F1OHEM-brtd3_raw_apmd_hybrid_rms_motion_detrend_multiscale_contrast_pretrained_seed47_E100/checkpoints/latest_model.pth
2026-08-22 15:01:13,884 - Model-rank0 - INFO - Saved epoch checkpoint at /home/devbox/project/model/sjy/CSIG2026/Deeppro_v2/DeepPro-main/log/sem_seg/2026-08-22/SatVideoIRSDT_v1__2026-08-22_08-27-32__F1OHEM-brtd3_raw_apmd_hybrid_rms_motion_detrend_multiscale_contrast_pretrained_seed47_E100/checkpoints/epoch_24_model.pth
2026-08-22 15:01:13,907 - Model-rank0 - INFO - Saved best checkpoint at /home/devbox/project/model/sjy/CSIG2026/Deeppro_v2/DeepPro-main/log/sem_seg/2026-08-22/SatVideoIRSDT_v1__2026-08-22_08-27-32__F1OHEM-brtd3_raw_apmd_hybrid_rms_motion_detrend_multiscale_contrast_pretrained_seed47_E100/checkpoints/best_model.pth
2026-08-22 15:01:13,932 - Model-rank0 - INFO - Saved early-stopping best checkpoint at /home/devbox/project/model/sjy/CSIG2026/Deeppro_v2/DeepPro-main/log/sem_seg/2026-08-22/SatVideoIRSDT_v1__2026-08-22_08-27-32__F1OHEM-brtd3_raw_apmd_hybrid_rms_motion_detrend_multiscale_contrast_pretrained_seed47_E100/checkpoints/early_stopping_best_model.pth
2026-08-22 15:01:13,932 - Model-rank0 - INFO - Best mIoU_mid: 0.348976
2026-08-22 15:01:14,139 - Model-rank0 - INFO - CUDA memory after evaluation cleanup: allocated=0.017 GiB, reserved=0.447 GiB
2026-08-22 15:01:14,139 - Model-rank0 - INFO - **** Epoch 25/100 ****
2026-08-22 15:01:14,139 - Model-rank0 - INFO - Learning rate:0.000490
2026-08-22 15:12:06,314 - Model-rank0 - INFO - CUDA memory after training cleanup: allocated=0.017 GiB, reserved=0.449 GiB
2026-08-22 15:12:06,314 - Model-rank0 - INFO - Training mean loss: 0.358850
2026-08-22 15:12:06,314 - Model-rank0 - INFO - Training accuracy (IoU) of prediction: 0.538720
2026-08-22 15:12:06,314 - Model-rank0 - INFO - Training pixel precision: 0.806258
2026-08-22 15:12:06,314 - Model-rank0 - INFO - Training pixel recall: 0.618829
2026-08-22 15:12:06,314 - Model-rank0 - INFO - Training pixel F1: 0.700218
2026-08-22 15:12:06,314 - Model-rank0 - INFO - Training loss component tversky: 0.224228
2026-08-22 15:12:06,315 - Model-rank0 - INFO - Training loss component dice: 0.248573
2026-08-22 15:12:06,315 - Model-rank0 - INFO - Training loss component hard_margin: 0.973364
2026-08-22 15:12:06,315 - Model-rank0 - INFO - Training loss component hard_weight: 0.100000
2026-08-22 15:12:06,315 - Model-rank0 - INFO - ---- EPOCH 025 EVALUATION ----
2026-08-22 15:17:35,848 - Model-rank0 - INFO - Eval mean loss: 0.734872
2026-08-22 15:17:35,848 - Model-rank0 - INFO - Eval avg class IoU of prediction: 0.357796
2026-08-22 15:17:35,848 - Model-rank0 - INFO - Eval pixel precision: 0.754048
2026-08-22 15:17:35,848 - Model-rank0 - INFO - Eval pixel recall: 0.405069
2026-08-22 15:17:35,848 - Model-rank0 - INFO - Eval pixel F1: 0.527024
2026-08-22 15:17:35,848 - Model-rank0 - INFO - Early stopping eval_f1=0.527024; best=0.527024 at epoch 25; bad_epochs=0/30.
2026-08-22 15:17:35,883 - Model-rank0 - INFO - Saved recoverable checkpoint at /home/devbox/project/model/sjy/CSIG2026/Deeppro_v2/DeepPro-main/log/sem_seg/2026-08-22/SatVideoIRSDT_v1__2026-08-22_08-27-32__F1OHEM-brtd3_raw_apmd_hybrid_rms_motion_detrend_multiscale_contrast_pretrained_seed47_E100/checkpoints/latest_model.pth
2026-08-22 15:17:35,905 - Model-rank0 - INFO - Saved epoch checkpoint at /home/devbox/project/model/sjy/CSIG2026/Deeppro_v2/DeepPro-main/log/sem_seg/2026-08-22/SatVideoIRSDT_v1__2026-08-22_08-27-32__F1OHEM-brtd3_raw_apmd_hybrid_rms_motion_detrend_multiscale_contrast_pretrained_seed47_E100/checkpoints/epoch_25_model.pth
2026-08-22 15:17:35,929 - Model-rank0 - INFO - Saved best checkpoint at /home/devbox/project/model/sjy/CSIG2026/Deeppro_v2/DeepPro-main/log/sem_seg/2026-08-22/SatVideoIRSDT_v1__2026-08-22_08-27-32__F1OHEM-brtd3_raw_apmd_hybrid_rms_motion_detrend_multiscale_contrast_pretrained_seed47_E100/checkpoints/best_model.pth
2026-08-22 15:17:35,953 - Model-rank0 - INFO - Saved early-stopping best checkpoint at /home/devbox/project/model/sjy/CSIG2026/Deeppro_v2/DeepPro-main/log/sem_seg/2026-08-22/SatVideoIRSDT_v1__2026-08-22_08-27-32__F1OHEM-brtd3_raw_apmd_hybrid_rms_motion_detrend_multiscale_contrast_pretrained_seed47_E100/checkpoints/early_stopping_best_model.pth
2026-08-22 15:17:35,954 - Model-rank0 - INFO - Best mIoU_mid: 0.357796
2026-08-22 15:17:36,176 - Model-rank0 - INFO - CUDA memory after evaluation cleanup: allocated=0.017 GiB, reserved=0.447 GiB
2026-08-22 15:17:36,176 - Model-rank0 - INFO - **** Epoch 26/100 ****
2026-08-22 15:17:36,176 - Model-rank0 - INFO - Learning rate:0.000490
2026-08-22 15:28:35,044 - Model-rank0 - INFO - CUDA memory after training cleanup: allocated=0.017 GiB, reserved=0.449 GiB
2026-08-22 15:28:35,044 - Model-rank0 - INFO - Training mean loss: 0.346484
2026-08-22 15:28:35,044 - Model-rank0 - INFO - Training accuracy (IoU) of prediction: 0.552812
2026-08-22 15:28:35,044 - Model-rank0 - INFO - Training pixel precision: 0.806935
2026-08-22 15:28:35,044 - Model-rank0 - INFO - Training pixel recall: 0.637074
2026-08-22 15:28:35,044 - Model-rank0 - INFO - Training pixel F1: 0.712014
2026-08-22 15:28:35,044 - Model-rank0 - INFO - Training loss component tversky: 0.218301
2026-08-22 15:28:35,044 - Model-rank0 - INFO - Training loss component dice: 0.240574
2026-08-22 15:28:35,044 - Model-rank0 - INFO - Training loss component hard_margin: 0.920970
2026-08-22 15:28:35,044 - Model-rank0 - INFO - Training loss component hard_weight: 0.100000
2026-08-22 15:28:35,044 - Model-rank0 - INFO - ---- EPOCH 026 EVALUATION ----
2026-08-22 15:33:58,240 - Model-rank0 - INFO - Eval mean loss: 0.758903
2026-08-22 15:33:58,240 - Model-rank0 - INFO - Eval avg class IoU of prediction: 0.324690
2026-08-22 15:33:58,240 - Model-rank0 - INFO - Eval pixel precision: 0.784203
2026-08-22 15:33:58,240 - Model-rank0 - INFO - Eval pixel recall: 0.356546
2026-08-22 15:33:58,240 - Model-rank0 - INFO - Eval pixel F1: 0.490212
2026-08-22 15:33:58,240 - Model-rank0 - INFO - Early stopping eval_f1=0.490212; best=0.527024 at epoch 25; bad_epochs=1/30.
2026-08-22 15:33:58,278 - Model-rank0 - INFO - Saved recoverable checkpoint at /home/devbox/project/model/sjy/CSIG2026/Deeppro_v2/DeepPro-main/log/sem_seg/2026-08-22/SatVideoIRSDT_v1__2026-08-22_08-27-32__F1OHEM-brtd3_raw_apmd_hybrid_rms_motion_detrend_multiscale_contrast_pretrained_seed47_E100/checkpoints/latest_model.pth
2026-08-22 15:33:58,278 - Model-rank0 - INFO - Best mIoU_mid: 0.357796
2026-08-22 15:33:58,539 - Model-rank0 - INFO - CUDA memory after evaluation cleanup: allocated=0.017 GiB, reserved=0.447 GiB
2026-08-22 15:33:58,539 - Model-rank0 - INFO - **** Epoch 27/100 ****
2026-08-22 15:33:58,539 - Model-rank0 - INFO - Learning rate:0.000490
2026-08-22 15:44:57,741 - Model-rank0 - INFO - CUDA memory after training cleanup: allocated=0.017 GiB, reserved=0.447 GiB
2026-08-22 15:44:57,742 - Model-rank0 - INFO - Training mean loss: 0.359813
2026-08-22 15:44:57,742 - Model-rank0 - INFO - Training accuracy (IoU) of prediction: 0.544536
2026-08-22 15:44:57,742 - Model-rank0 - INFO - Training pixel precision: 0.806433
2026-08-22 15:44:57,742 - Model-rank0 - INFO - Training pixel recall: 0.626410
2026-08-22 15:44:57,742 - Model-rank0 - INFO - Training pixel F1: 0.705113
2026-08-22 15:44:57,742 - Model-rank0 - INFO - Training loss component tversky: 0.226598
2026-08-22 15:44:57,742 - Model-rank0 - INFO - Training loss component dice: 0.250087
2026-08-22 15:44:57,742 - Model-rank0 - INFO - Training loss component hard_margin: 0.957017
2026-08-22 15:44:57,742 - Model-rank0 - INFO - Training loss component hard_weight: 0.100000
2026-08-22 15:44:57,742 - Model-rank0 - INFO - ---- EPOCH 027 EVALUATION ----
2026-08-22 15:50:20,067 - Model-rank0 - INFO - Eval mean loss: 0.764499
2026-08-22 15:50:20,067 - Model-rank0 - INFO - Eval avg class IoU of prediction: 0.329186
2026-08-22 15:50:20,067 - Model-rank0 - INFO - Eval pixel precision: 0.765277
2026-08-22 15:50:20,067 - Model-rank0 - INFO - Eval pixel recall: 0.366156
2026-08-22 15:50:20,067 - Model-rank0 - INFO - Eval pixel F1: 0.495320
2026-08-22 15:50:20,067 - Model-rank0 - INFO - Early stopping eval_f1=0.495320; best=0.527024 at epoch 25; bad_epochs=2/30.
2026-08-22 15:50:20,097 - Model-rank0 - INFO - Saved recoverable checkpoint at /home/devbox/project/model/sjy/CSIG2026/Deeppro_v2/DeepPro-main/log/sem_seg/2026-08-22/SatVideoIRSDT_v1__2026-08-22_08-27-32__F1OHEM-brtd3_raw_apmd_hybrid_rms_motion_detrend_multiscale_contrast_pretrained_seed47_E100/checkpoints/latest_model.pth
2026-08-22 15:50:20,097 - Model-rank0 - INFO - Best mIoU_mid: 0.357796
2026-08-22 15:50:20,214 - Model-rank0 - INFO - CUDA memory after evaluation cleanup: allocated=0.017 GiB, reserved=0.447 GiB
2026-08-22 15:50:20,214 - Model-rank0 - INFO - **** Epoch 28/100 ****
2026-08-22 15:50:20,215 - Model-rank0 - INFO - Learning rate:0.000490
2026-08-22 16:01:08,607 - Model-rank0 - INFO - CUDA memory after training cleanup: allocated=0.017 GiB, reserved=0.451 GiB
2026-08-22 16:01:08,607 - Model-rank0 - INFO - Training mean loss: 0.355396
2026-08-22 16:01:08,607 - Model-rank0 - INFO - Training accuracy (IoU) of prediction: 0.552001
2026-08-22 16:01:08,607 - Model-rank0 - INFO - Training pixel precision: 0.806108
2026-08-22 16:01:08,607 - Model-rank0 - INFO - Training pixel recall: 0.636513
2026-08-22 16:01:08,607 - Model-rank0 - INFO - Training pixel F1: 0.711341
2026-08-22 16:01:08,608 - Model-rank0 - INFO - Training loss component tversky: 0.222771
2026-08-22 16:01:08,608 - Model-rank0 - INFO - Training loss component dice: 0.246318
2026-08-22 16:01:08,608 - Model-rank0 - INFO - Training loss component hard_margin: 0.956771
2026-08-22 16:01:08,608 - Model-rank0 - INFO - Training loss component hard_weight: 0.100000
2026-08-22 16:01:08,608 - Model-rank0 - INFO - ---- EPOCH 028 EVALUATION ----
2026-08-22 16:06:34,217 - Model-rank0 - INFO - Eval mean loss: 0.752522
2026-08-22 16:06:34,217 - Model-rank0 - INFO - Eval avg class IoU of prediction: 0.343128
2026-08-22 16:06:34,217 - Model-rank0 - INFO - Eval pixel precision: 0.773460
2026-08-22 16:06:34,217 - Model-rank0 - INFO - Eval pixel recall: 0.381465
2026-08-22 16:06:34,217 - Model-rank0 - INFO - Eval pixel F1: 0.510938
2026-08-22 16:06:34,217 - Model-rank0 - INFO - Early stopping eval_f1=0.510938; best=0.527024 at epoch 25; bad_epochs=3/30.
2026-08-22 16:06:34,249 - Model-rank0 - INFO - Saved recoverable checkpoint at /home/devbox/project/model/sjy/CSIG2026/Deeppro_v2/DeepPro-main/log/sem_seg/2026-08-22/SatVideoIRSDT_v1__2026-08-22_08-27-32__F1OHEM-brtd3_raw_apmd_hybrid_rms_motion_detrend_multiscale_contrast_pretrained_seed47_E100/checkpoints/latest_model.pth
2026-08-22 16:06:34,249 - Model-rank0 - INFO - Best mIoU_mid: 0.357796
2026-08-22 16:06:34,398 - Model-rank0 - INFO - CUDA memory after evaluation cleanup: allocated=0.017 GiB, reserved=0.447 GiB
2026-08-22 16:06:34,399 - Model-rank0 - INFO - **** Epoch 29/100 ****
2026-08-22 16:06:34,399 - Model-rank0 - INFO - Learning rate:0.000490
2026-08-22 16:17:19,486 - Model-rank0 - INFO - CUDA memory after training cleanup: allocated=0.017 GiB, reserved=0.449 GiB
2026-08-22 16:17:19,486 - Model-rank0 - INFO - Training mean loss: 0.346966
2026-08-22 16:17:19,486 - Model-rank0 - INFO - Training accuracy (IoU) of prediction: 0.561328
2026-08-22 16:17:19,486 - Model-rank0 - INFO - Training pixel precision: 0.811470
2026-08-22 16:17:19,486 - Model-rank0 - INFO - Training pixel recall: 0.645513
2026-08-22 16:17:19,486 - Model-rank0 - INFO - Training pixel F1: 0.719039
2026-08-22 16:17:19,486 - Model-rank0 - INFO - Training loss component tversky: 0.217771
2026-08-22 16:17:19,486 - Model-rank0 - INFO - Training loss component dice: 0.240444
2026-08-22 16:17:19,486 - Model-rank0 - INFO - Training loss component hard_margin: 0.931286
2026-08-22 16:17:19,486 - Model-rank0 - INFO - Training loss component hard_weight: 0.100000
2026-08-22 16:17:19,486 - Model-rank0 - INFO - ---- EPOCH 029 EVALUATION ----
2026-08-22 16:22:42,707 - Model-rank0 - INFO - Eval mean loss: 0.744640
2026-08-22 16:22:42,707 - Model-rank0 - INFO - Eval avg class IoU of prediction: 0.333486
2026-08-22 16:22:42,707 - Model-rank0 - INFO - Eval pixel precision: 0.691121
2026-08-22 16:22:42,707 - Model-rank0 - INFO - Eval pixel recall: 0.391895
2026-08-22 16:22:42,707 - Model-rank0 - INFO - Eval pixel F1: 0.500171
2026-08-22 16:22:42,707 - Model-rank0 - INFO - Early stopping eval_f1=0.500171; best=0.527024 at epoch 25; bad_epochs=4/30.
2026-08-22 16:22:42,739 - Model-rank0 - INFO - Saved recoverable checkpoint at /home/devbox/project/model/sjy/CSIG2026/Deeppro_v2/DeepPro-main/log/sem_seg/2026-08-22/SatVideoIRSDT_v1__2026-08-22_08-27-32__F1OHEM-brtd3_raw_apmd_hybrid_rms_motion_detrend_multiscale_contrast_pretrained_seed47_E100/checkpoints/latest_model.pth
2026-08-22 16:22:42,739 - Model-rank0 - INFO - Best mIoU_mid: 0.357796
2026-08-22 16:22:42,895 - Model-rank0 - INFO - CUDA memory after evaluation cleanup: allocated=0.017 GiB, reserved=0.447 GiB
2026-08-22 16:22:42,895 - Model-rank0 - INFO - **** Epoch 30/100 ****
2026-08-22 16:22:42,895 - Model-rank0 - INFO - Learning rate:0.000490
2026-08-22 16:33:33,162 - Model-rank0 - INFO - CUDA memory after training cleanup: allocated=0.017 GiB, reserved=0.451 GiB
2026-08-22 16:33:33,162 - Model-rank0 - INFO - Training mean loss: 0.349863
2026-08-22 16:33:33,162 - Model-rank0 - INFO - Training accuracy (IoU) of prediction: 0.560031
2026-08-22 16:33:33,162 - Model-rank0 - INFO - Training pixel precision: 0.804965
2026-08-22 16:33:33,162 - Model-rank0 - INFO - Training pixel recall: 0.647952
2026-08-22 16:33:33,162 - Model-rank0 - INFO - Training pixel F1: 0.717974
2026-08-22 16:33:33,162 - Model-rank0 - INFO - Training loss component tversky: 0.219491
2026-08-22 16:33:33,162 - Model-rank0 - INFO - Training loss component dice: 0.242381
2026-08-22 16:33:33,162 - Model-rank0 - INFO - Training loss component hard_margin: 0.940152
2026-08-22 16:33:33,162 - Model-rank0 - INFO - Training loss component hard_weight: 0.100000
2026-08-22 16:33:33,162 - Model-rank0 - INFO - ---- EPOCH 030 EVALUATION ----
2026-08-22 16:38:55,187 - Model-rank0 - INFO - Eval mean loss: 0.763228
2026-08-22 16:38:55,187 - Model-rank0 - INFO - Eval avg class IoU of prediction: 0.331620
2026-08-22 16:38:55,187 - Model-rank0 - INFO - Eval pixel precision: 0.760967
2026-08-22 16:38:55,187 - Model-rank0 - INFO - Eval pixel recall: 0.370181
2026-08-22 16:38:55,187 - Model-rank0 - INFO - Eval pixel F1: 0.498070
2026-08-22 16:38:55,187 - Model-rank0 - INFO - Early stopping eval_f1=0.498070; best=0.527024 at epoch 25; bad_epochs=5/30.
2026-08-22 16:38:55,221 - Model-rank0 - INFO - Saved recoverable checkpoint at /home/devbox/project/model/sjy/CSIG2026/Deeppro_v2/DeepPro-main/log/sem_seg/2026-08-22/SatVideoIRSDT_v1__2026-08-22_08-27-32__F1OHEM-brtd3_raw_apmd_hybrid_rms_motion_detrend_multiscale_contrast_pretrained_seed47_E100/checkpoints/latest_model.pth
2026-08-22 16:38:55,243 - Model-rank0 - INFO - Saved epoch checkpoint at /home/devbox/project/model/sjy/CSIG2026/Deeppro_v2/DeepPro-main/log/sem_seg/2026-08-22/SatVideoIRSDT_v1__2026-08-22_08-27-32__F1OHEM-brtd3_raw_apmd_hybrid_rms_motion_detrend_multiscale_contrast_pretrained_seed47_E100/checkpoints/epoch_30_model.pth
2026-08-22 16:38:55,243 - Model-rank0 - INFO - Best mIoU_mid: 0.357796
2026-08-22 16:38:55,396 - Model-rank0 - INFO - CUDA memory after evaluation cleanup: allocated=0.017 GiB, reserved=0.447 GiB
2026-08-22 16:38:55,396 - Model-rank0 - INFO - **** Epoch 31/100 ****
2026-08-22 16:38:55,396 - Model-rank0 - INFO - Learning rate:0.000343
2026-08-22 16:49:38,279 - Model-rank0 - INFO - CUDA memory after training cleanup: allocated=0.017 GiB, reserved=0.451 GiB
2026-08-22 16:49:38,279 - Model-rank0 - INFO - Training mean loss: 0.343930
2026-08-22 16:49:38,279 - Model-rank0 - INFO - Training accuracy (IoU) of prediction: 0.557800
2026-08-22 16:49:38,279 - Model-rank0 - INFO - Training pixel precision: 0.816134
2026-08-22 16:49:38,279 - Model-rank0 - INFO - Training pixel recall: 0.637972
2026-08-22 16:49:38,279 - Model-rank0 - INFO - Training pixel F1: 0.716138
2026-08-22 16:49:38,279 - Model-rank0 - INFO - Training loss component tversky: 0.216318
2026-08-22 16:49:38,279 - Model-rank0 - INFO - Training loss component dice: 0.239254
2026-08-22 16:49:38,279 - Model-rank0 - INFO - Training loss component hard_margin: 0.917241
2026-08-22 16:49:38,279 - Model-rank0 - INFO - Training loss component hard_weight: 0.100000
2026-08-22 16:49:38,279 - Model-rank0 - INFO - ---- EPOCH 031 EVALUATION ----
2026-08-22 16:55:00,572 - Model-rank0 - INFO - Eval mean loss: 0.743554
2026-08-22 16:55:00,573 - Model-rank0 - INFO - Eval avg class IoU of prediction: 0.328436
2026-08-22 16:55:00,573 - Model-rank0 - INFO - Eval pixel precision: 0.626874
2026-08-22 16:55:00,573 - Model-rank0 - INFO - Eval pixel recall: 0.408244
2026-08-22 16:55:00,573 - Model-rank0 - INFO - Eval pixel F1: 0.494470
2026-08-22 16:55:00,573 - Model-rank0 - INFO - Early stopping eval_f1=0.494470; best=0.527024 at epoch 25; bad_epochs=6/30.
2026-08-22 16:55:00,605 - Model-rank0 - INFO - Saved recoverable checkpoint at /home/devbox/project/model/sjy/CSIG2026/Deeppro_v2/DeepPro-main/log/sem_seg/2026-08-22/SatVideoIRSDT_v1__2026-08-22_08-27-32__F1OHEM-brtd3_raw_apmd_hybrid_rms_motion_detrend_multiscale_contrast_pretrained_seed47_E100/checkpoints/latest_model.pth
2026-08-22 16:55:00,605 - Model-rank0 - INFO - Best mIoU_mid: 0.357796
2026-08-22 16:55:00,783 - Model-rank0 - INFO - CUDA memory after evaluation cleanup: allocated=0.017 GiB, reserved=0.447 GiB
2026-08-22 16:55:00,783 - Model-rank0 - INFO - **** Epoch 32/100 ****
2026-08-22 16:55:00,783 - Model-rank0 - INFO - Learning rate:0.000343
2026-08-22 17:06:23,511 - Model-rank0 - INFO - CUDA memory after training cleanup: allocated=0.017 GiB, reserved=0.449 GiB
2026-08-22 17:06:23,511 - Model-rank0 - INFO - Training mean loss: 0.336237
2026-08-22 17:06:23,511 - Model-rank0 - INFO - Training accuracy (IoU) of prediction: 0.572120
2026-08-22 17:06:23,512 - Model-rank0 - INFO - Training pixel precision: 0.819672
2026-08-22 17:06:23,512 - Model-rank0 - INFO - Training pixel recall: 0.654500
2026-08-22 17:06:23,512 - Model-rank0 - INFO - Training pixel F1: 0.727833
2026-08-22 17:06:23,512 - Model-rank0 - INFO - Training loss component tversky: 0.212306
2026-08-22 17:06:23,512 - Model-rank0 - INFO - Training loss component dice: 0.234158
2026-08-22 17:06:23,512 - Model-rank0 - INFO - Training loss component hard_margin: 0.888082
2026-08-22 17:06:23,512 - Model-rank0 - INFO - Training loss component hard_weight: 0.100000
2026-08-22 17:06:23,512 - Model-rank0 - INFO - ---- EPOCH 032 EVALUATION ----
2026-08-22 17:11:44,893 - Model-rank0 - INFO - Eval mean loss: 0.754419
2026-08-22 17:11:44,893 - Model-rank0 - INFO - Eval avg class IoU of prediction: 0.332022
2026-08-22 17:11:44,893 - Model-rank0 - INFO - Eval pixel precision: 0.758172
2026-08-22 17:11:44,893 - Model-rank0 - INFO - Eval pixel recall: 0.371349
2026-08-22 17:11:44,893 - Model-rank0 - INFO - Eval pixel F1: 0.498523
2026-08-22 17:11:44,893 - Model-rank0 - INFO - Early stopping eval_f1=0.498523; best=0.527024 at epoch 25; bad_epochs=7/30.
2026-08-22 17:11:44,932 - Model-rank0 - INFO - Saved recoverable checkpoint at /home/devbox/project/model/sjy/CSIG2026/Deeppro_v2/DeepPro-main/log/sem_seg/2026-08-22/SatVideoIRSDT_v1__2026-08-22_08-27-32__F1OHEM-brtd3_raw_apmd_hybrid_rms_motion_detrend_multiscale_contrast_pretrained_seed47_E100/checkpoints/latest_model.pth
2026-08-22 17:11:44,933 - Model-rank0 - INFO - Best mIoU_mid: 0.357796
2026-08-22 17:11:45,170 - Model-rank0 - INFO - CUDA memory after evaluation cleanup: allocated=0.017 GiB, reserved=0.447 GiB
2026-08-22 17:11:45,171 - Model-rank0 - INFO - **** Epoch 33/100 ****
2026-08-22 17:11:45,171 - Model-rank0 - INFO - Learning rate:0.000343
2026-08-22 17:22:32,101 - Model-rank0 - INFO - CUDA memory after training cleanup: allocated=0.017 GiB, reserved=0.449 GiB
2026-08-22 17:22:32,101 - Model-rank0 - INFO - Training mean loss: 0.336165
2026-08-22 17:22:32,101 - Model-rank0 - INFO - Training accuracy (IoU) of prediction: 0.564421
2026-08-22 17:22:32,101 - Model-rank0 - INFO - Training pixel precision: 0.814757
2026-08-22 17:22:32,101 - Model-rank0 - INFO - Training pixel recall: 0.647514
2026-08-22 17:22:32,101 - Model-rank0 - INFO - Training pixel F1: 0.721572
2026-08-22 17:22:32,101 - Model-rank0 - INFO - Training loss component tversky: 0.212404
2026-08-22 17:22:32,101 - Model-rank0 - INFO - Training loss component dice: 0.234213
2026-08-22 17:22:32,102 - Model-rank0 - INFO - Training loss component hard_margin: 0.886295
2026-08-22 17:22:32,102 - Model-rank0 - INFO - Training loss component hard_weight: 0.100000
2026-08-22 17:22:32,102 - Model-rank0 - INFO - ---- EPOCH 033 EVALUATION ----
2026-08-22 17:27:53,662 - Model-rank0 - INFO - Eval mean loss: 0.746555
2026-08-22 17:27:53,662 - Model-rank0 - INFO - Eval avg class IoU of prediction: 0.347234
2026-08-22 17:27:53,662 - Model-rank0 - INFO - Eval pixel precision: 0.776844
2026-08-22 17:27:53,662 - Model-rank0 - INFO - Eval pixel recall: 0.385707
2026-08-22 17:27:53,662 - Model-rank0 - INFO - Eval pixel F1: 0.515477
2026-08-22 17:27:53,663 - Model-rank0 - INFO - Early stopping eval_f1=0.515477; best=0.527024 at epoch 25; bad_epochs=8/30.
2026-08-22 17:27:53,695 - Model-rank0 - INFO - Saved recoverable checkpoint at /home/devbox/project/model/sjy/CSIG2026/Deeppro_v2/DeepPro-main/log/sem_seg/2026-08-22/SatVideoIRSDT_v1__2026-08-22_08-27-32__F1OHEM-brtd3_raw_apmd_hybrid_rms_motion_detrend_multiscale_contrast_pretrained_seed47_E100/checkpoints/latest_model.pth
2026-08-22 17:27:53,696 - Model-rank0 - INFO - Best mIoU_mid: 0.357796
2026-08-22 17:27:53,822 - Model-rank0 - INFO - CUDA memory after evaluation cleanup: allocated=0.017 GiB, reserved=0.447 GiB
2026-08-22 17:27:53,822 - Model-rank0 - INFO - **** Epoch 34/100 ****
2026-08-22 17:27:53,822 - Model-rank0 - INFO - Learning rate:0.000343
2026-08-22 17:38:43,776 - Model-rank0 - INFO - CUDA memory after training cleanup: allocated=0.017 GiB, reserved=0.451 GiB
2026-08-22 17:38:43,776 - Model-rank0 - INFO - Training mean loss: 0.341550
2026-08-22 17:38:43,776 - Model-rank0 - INFO - Training accuracy (IoU) of prediction: 0.566150
2026-08-22 17:38:43,776 - Model-rank0 - INFO - Training pixel precision: 0.808762
2026-08-22 17:38:43,776 - Model-rank0 - INFO - Training pixel recall: 0.653656
2026-08-22 17:38:43,776 - Model-rank0 - INFO - Training pixel F1: 0.722984
2026-08-22 17:38:43,776 - Model-rank0 - INFO - Training loss component tversky: 0.215417
2026-08-22 17:38:43,776 - Model-rank0 - INFO - Training loss component dice: 0.237640
2026-08-22 17:38:43,776 - Model-rank0 - INFO - Training loss component hard_margin: 0.904874
2026-08-22 17:38:43,776 - Model-rank0 - INFO - Training loss component hard_weight: 0.100000
2026-08-22 17:38:43,776 - Model-rank0 - INFO - ---- EPOCH 034 EVALUATION ----
2026-08-22 17:44:09,151 - Model-rank0 - INFO - Eval mean loss: 0.753061
2026-08-22 17:44:09,151 - Model-rank0 - INFO - Eval avg class IoU of prediction: 0.342765
2026-08-22 17:44:09,151 - Model-rank0 - INFO - Eval pixel precision: 0.800965
2026-08-22 17:44:09,151 - Model-rank0 - INFO - Eval pixel recall: 0.374679
2026-08-22 17:44:09,151 - Model-rank0 - INFO - Eval pixel F1: 0.510537
2026-08-22 17:44:09,151 - Model-rank0 - INFO - Early stopping eval_f1=0.510537; best=0.527024 at epoch 25; bad_epochs=9/30.
2026-08-22 17:44:09,189 - Model-rank0 - INFO - Saved recoverable checkpoint at /home/devbox/project/model/sjy/CSIG2026/Deeppro_v2/DeepPro-main/log/sem_seg/2026-08-22/SatVideoIRSDT_v1__2026-08-22_08-27-32__F1OHEM-brtd3_raw_apmd_hybrid_rms_motion_detrend_multiscale_contrast_pretrained_seed47_E100/checkpoints/latest_model.pth
2026-08-22 17:44:09,189 - Model-rank0 - INFO - Best mIoU_mid: 0.357796
2026-08-22 17:44:09,372 - Model-rank0 - INFO - CUDA memory after evaluation cleanup: allocated=0.017 GiB, reserved=0.447 GiB
2026-08-22 17:44:09,372 - Model-rank0 - INFO - **** Epoch 35/100 ****
2026-08-22 17:44:09,372 - Model-rank0 - INFO - Learning rate:0.000343
2026-08-22 17:55:29,259 - Model-rank0 - INFO - CUDA memory after training cleanup: allocated=0.017 GiB, reserved=0.451 GiB
2026-08-22 17:55:29,259 - Model-rank0 - INFO - Training mean loss: 0.338407
2026-08-22 17:55:29,260 - Model-rank0 - INFO - Training accuracy (IoU) of prediction: 0.578911
2026-08-22 17:55:29,260 - Model-rank0 - INFO - Training pixel precision: 0.817803
2026-08-22 17:55:29,260 - Model-rank0 - INFO - Training pixel recall: 0.664632
2026-08-22 17:55:29,260 - Model-rank0 - INFO - Training pixel F1: 0.733304
2026-08-22 17:55:29,260 - Model-rank0 - INFO - Training loss component tversky: 0.212920
2026-08-22 17:55:29,260 - Model-rank0 - INFO - Training loss component dice: 0.235632
2026-08-22 17:55:29,260 - Model-rank0 - INFO - Training loss component hard_margin: 0.901424
2026-08-22 17:55:29,260 - Model-rank0 - INFO - Training loss component hard_weight: 0.100000
2026-08-22 17:55:29,260 - Model-rank0 - INFO - ---- EPOCH 035 EVALUATION ----
2026-08-22 18:00:51,354 - Model-rank0 - INFO - Eval mean loss: 0.746388
2026-08-22 18:00:51,354 - Model-rank0 - INFO - Eval avg class IoU of prediction: 0.347129
2026-08-22 18:00:51,354 - Model-rank0 - INFO - Eval pixel precision: 0.795834
2026-08-22 18:00:51,354 - Model-rank0 - INFO - Eval pixel recall: 0.381064
2026-08-22 18:00:51,354 - Model-rank0 - INFO - Eval pixel F1: 0.515361
2026-08-22 18:00:51,354 - Model-rank0 - INFO - Early stopping eval_f1=0.515361; best=0.527024 at epoch 25; bad_epochs=10/30.
2026-08-22 18:00:51,394 - Model-rank0 - INFO - Saved recoverable checkpoint at /home/devbox/project/model/sjy/CSIG2026/Deeppro_v2/DeepPro-main/log/sem_seg/2026-08-22/SatVideoIRSDT_v1__2026-08-22_08-27-32__F1OHEM-brtd3_raw_apmd_hybrid_rms_motion_detrend_multiscale_contrast_pretrained_seed47_E100/checkpoints/latest_model.pth
2026-08-22 18:00:51,417 - Model-rank0 - INFO - Saved epoch checkpoint at /home/devbox/project/model/sjy/CSIG2026/Deeppro_v2/DeepPro-main/log/sem_seg/2026-08-22/SatVideoIRSDT_v1__2026-08-22_08-27-32__F1OHEM-brtd3_raw_apmd_hybrid_rms_motion_detrend_multiscale_contrast_pretrained_seed47_E100/checkpoints/epoch_35_model.pth
2026-08-22 18:00:51,418 - Model-rank0 - INFO - Best mIoU_mid: 0.357796
2026-08-22 18:00:51,567 - Model-rank0 - INFO - CUDA memory after evaluation cleanup: allocated=0.017 GiB, reserved=0.449 GiB
2026-08-22 18:00:51,567 - Model-rank0 - INFO - **** Epoch 36/100 ****
2026-08-22 18:00:51,568 - Model-rank0 - INFO - Learning rate:0.000343
2026-08-22 18:11:02,515 - Model-rank0 - INFO - CUDA memory after training cleanup: allocated=0.017 GiB, reserved=0.451 GiB
2026-08-22 18:11:02,515 - Model-rank0 - INFO - Training mean loss: 0.332979
2026-08-22 18:11:02,515 - Model-rank0 - INFO - Training accuracy (IoU) of prediction: 0.576987
2026-08-22 18:11:02,515 - Model-rank0 - INFO - Training pixel precision: 0.822169
2026-08-22 18:11:02,515 - Model-rank0 - INFO - Training pixel recall: 0.659262
2026-08-22 18:11:02,515 - Model-rank0 - INFO - Training pixel F1: 0.731759
2026-08-22 18:11:02,516 - Model-rank0 - INFO - Training loss component tversky: 0.210639
2026-08-22 18:11:02,516 - Model-rank0 - INFO - Training loss component dice: 0.232080
2026-08-22 18:11:02,516 - Model-rank0 - INFO - Training loss component hard_margin: 0.875274
2026-08-22 18:11:02,516 - Model-rank0 - INFO - Training loss component hard_weight: 0.100000
2026-08-22 18:11:02,516 - Model-rank0 - INFO - ---- EPOCH 036 EVALUATION ----
2026-08-22 18:16:28,311 - Model-rank0 - INFO - Eval mean loss: 0.736547
2026-08-22 18:16:28,311 - Model-rank0 - INFO - Eval avg class IoU of prediction: 0.346416
2026-08-22 18:16:28,311 - Model-rank0 - INFO - Eval pixel precision: 0.731194
2026-08-22 18:16:28,311 - Model-rank0 - INFO - Eval pixel recall: 0.396971
2026-08-22 18:16:28,311 - Model-rank0 - INFO - Eval pixel F1: 0.514575
2026-08-22 18:16:28,311 - Model-rank0 - INFO - Early stopping eval_f1=0.514575; best=0.527024 at epoch 25; bad_epochs=11/30.
2026-08-22 18:16:28,348 - Model-rank0 - INFO - Saved recoverable checkpoint at /home/devbox/project/model/sjy/CSIG2026/Deeppro_v2/DeepPro-main/log/sem_seg/2026-08-22/SatVideoIRSDT_v1__2026-08-22_08-27-32__F1OHEM-brtd3_raw_apmd_hybrid_rms_motion_detrend_multiscale_contrast_pretrained_seed47_E100/checkpoints/latest_model.pth
2026-08-22 18:16:28,348 - Model-rank0 - INFO - Best mIoU_mid: 0.357796
2026-08-22 18:16:28,583 - Model-rank0 - INFO - CUDA memory after evaluation cleanup: allocated=0.017 GiB, reserved=0.449 GiB
2026-08-22 18:16:28,583 - Model-rank0 - INFO - **** Epoch 37/100 ****
2026-08-22 18:16:28,584 - Model-rank0 - INFO - Learning rate:0.000343
2026-08-22 18:26:59,281 - Model-rank0 - INFO - CUDA memory after training cleanup: allocated=0.017 GiB, reserved=0.453 GiB
2026-08-22 18:26:59,281 - Model-rank0 - INFO - Training mean loss: 0.341527
2026-08-22 18:26:59,281 - Model-rank0 - INFO - Training accuracy (IoU) of prediction: 0.578203
2026-08-22 18:26:59,281 - Model-rank0 - INFO - Training pixel precision: 0.817970
2026-08-22 18:26:59,281 - Model-rank0 - INFO - Training pixel recall: 0.663589
2026-08-22 18:26:59,281 - Model-rank0 - INFO - Training pixel F1: 0.732736
2026-08-22 18:26:59,282 - Model-rank0 - INFO - Training loss component tversky: 0.215008
2026-08-22 18:26:59,282 - Model-rank0 - INFO - Training loss component dice: 0.237800
2026-08-22 18:26:59,282 - Model-rank0 - INFO - Training loss component hard_margin: 0.908491
2026-08-22 18:26:59,282 - Model-rank0 - INFO - Training loss component hard_weight: 0.100000
2026-08-22 18:26:59,282 - Model-rank0 - INFO - ---- EPOCH 037 EVALUATION ----
2026-08-22 18:32:26,312 - Model-rank0 - INFO - Eval mean loss: 0.733025
2026-08-22 18:32:26,313 - Model-rank0 - INFO - Eval avg class IoU of prediction: 0.351098
2026-08-22 18:32:26,313 - Model-rank0 - INFO - Eval pixel precision: 0.763797
2026-08-22 18:32:26,313 - Model-rank0 - INFO - Eval pixel recall: 0.393862
2026-08-22 18:32:26,313 - Model-rank0 - INFO - Eval pixel F1: 0.519723
2026-08-22 18:32:26,313 - Model-rank0 - INFO - Early stopping eval_f1=0.519723; best=0.527024 at epoch 25; bad_epochs=12/30.
2026-08-22 18:32:26,346 - Model-rank0 - INFO - Saved recoverable checkpoint at /home/devbox/project/model/sjy/CSIG2026/Deeppro_v2/DeepPro-main/log/sem_seg/2026-08-22/SatVideoIRSDT_v1__2026-08-22_08-27-32__F1OHEM-brtd3_raw_apmd_hybrid_rms_motion_detrend_multiscale_contrast_pretrained_seed47_E100/checkpoints/latest_model.pth
2026-08-22 18:32:26,347 - Model-rank0 - INFO - Best mIoU_mid: 0.357796
2026-08-22 18:32:26,493 - Model-rank0 - INFO - CUDA memory after evaluation cleanup: allocated=0.017 GiB, reserved=0.449 GiB
2026-08-22 18:32:26,493 - Model-rank0 - INFO - **** Epoch 38/100 ****
2026-08-22 18:32:26,493 - Model-rank0 - INFO - Learning rate:0.000343
2026-08-22 18:42:34,748 - Model-rank0 - INFO - CUDA memory after training cleanup: allocated=0.017 GiB, reserved=0.451 GiB
2026-08-22 18:42:34,748 - Model-rank0 - INFO - Training mean loss: 0.327625
2026-08-22 18:42:34,748 - Model-rank0 - INFO - Training accuracy (IoU) of prediction: 0.590080
2026-08-22 18:42:34,748 - Model-rank0 - INFO - Training pixel precision: 0.823905
2026-08-22 18:42:34,748 - Model-rank0 - INFO - Training pixel recall: 0.675241
2026-08-22 18:42:34,748 - Model-rank0 - INFO - Training pixel F1: 0.742202
2026-08-22 18:42:34,748 - Model-rank0 - INFO - Training loss component tversky: 0.207110
2026-08-22 18:42:34,748 - Model-rank0 - INFO - Training loss component dice: 0.228315
2026-08-22 18:42:34,748 - Model-rank0 - INFO - Training loss component hard_margin: 0.862671
2026-08-22 18:42:34,748 - Model-rank0 - INFO - Training loss component hard_weight: 0.100000
2026-08-22 18:42:34,748 - Model-rank0 - INFO - ---- EPOCH 038 EVALUATION ----
2026-08-22 18:48:01,687 - Model-rank0 - INFO - Eval mean loss: 0.743309
2026-08-22 18:48:01,688 - Model-rank0 - INFO - Eval avg class IoU of prediction: 0.337106
2026-08-22 18:48:01,688 - Model-rank0 - INFO - Eval pixel precision: 0.697541
2026-08-22 18:48:01,688 - Model-rank0 - INFO - Eval pixel recall: 0.394818
2026-08-22 18:48:01,688 - Model-rank0 - INFO - Eval pixel F1: 0.504233
2026-08-22 18:48:01,688 - Model-rank0 - INFO - Early stopping eval_f1=0.504233; best=0.527024 at epoch 25; bad_epochs=13/30.
2026-08-22 18:48:01,715 - Model-rank0 - INFO - Saved recoverable checkpoint at /home/devbox/project/model/sjy/CSIG2026/Deeppro_v2/DeepPro-main/log/sem_seg/2026-08-22/SatVideoIRSDT_v1__2026-08-22_08-27-32__F1OHEM-brtd3_raw_apmd_hybrid_rms_motion_detrend_multiscale_contrast_pretrained_seed47_E100/checkpoints/latest_model.pth
2026-08-22 18:48:01,715 - Model-rank0 - INFO - Best mIoU_mid: 0.357796
2026-08-22 18:48:01,882 - Model-rank0 - INFO - CUDA memory after evaluation cleanup: allocated=0.017 GiB, reserved=0.447 GiB
2026-08-22 18:48:01,883 - Model-rank0 - INFO - **** Epoch 39/100 ****
2026-08-22 18:48:01,883 - Model-rank0 - INFO - Learning rate:0.000343
2026-08-22 18:58:06,864 - Model-rank0 - INFO - CUDA memory after training cleanup: allocated=0.017 GiB, reserved=0.451 GiB
2026-08-22 18:58:06,865 - Model-rank0 - INFO - Training mean loss: 0.335279
2026-08-22 18:58:06,865 - Model-rank0 - INFO - Training accuracy (IoU) of prediction: 0.583062
2026-08-22 18:58:06,865 - Model-rank0 - INFO - Training pixel precision: 0.818506
2026-08-22 18:58:06,865 - Model-rank0 - INFO - Training pixel recall: 0.669638
2026-08-22 18:58:06,865 - Model-rank0 - INFO - Training pixel F1: 0.736626
2026-08-22 18:58:06,865 - Model-rank0 - INFO - Training loss component tversky: 0.211432
2026-08-22 18:58:06,865 - Model-rank0 - INFO - Training loss component dice: 0.233713
2026-08-22 18:58:06,865 - Model-rank0 - INFO - Training loss component hard_margin: 0.887901
2026-08-22 18:58:06,865 - Model-rank0 - INFO - Training loss component hard_weight: 0.100000
2026-08-22 18:58:06,865 - Model-rank0 - INFO - ---- EPOCH 039 EVALUATION ----
2026-08-22 19:03:32,374 - Model-rank0 - INFO - Eval mean loss: 0.734548
2026-08-22 19:03:32,374 - Model-rank0 - INFO - Eval avg class IoU of prediction: 0.339594
2026-08-22 19:03:32,374 - Model-rank0 - INFO - Eval pixel precision: 0.685109
2026-08-22 19:03:32,374 - Model-rank0 - INFO - Eval pixel recall: 0.402404
2026-08-22 19:03:32,374 - Model-rank0 - INFO - Eval pixel F1: 0.507011
2026-08-22 19:03:32,374 - Model-rank0 - INFO - Early stopping eval_f1=0.507011; best=0.527024 at epoch 25; bad_epochs=14/30.
2026-08-22 19:03:32,407 - Model-rank0 - INFO - Saved recoverable checkpoint at /home/devbox/project/model/sjy/CSIG2026/Deeppro_v2/DeepPro-main/log/sem_seg/2026-08-22/SatVideoIRSDT_v1__2026-08-22_08-27-32__F1OHEM-brtd3_raw_apmd_hybrid_rms_motion_detrend_multiscale_contrast_pretrained_seed47_E100/checkpoints/latest_model.pth
2026-08-22 19:03:32,408 - Model-rank0 - INFO - Best mIoU_mid: 0.357796
2026-08-22 19:03:32,578 - Model-rank0 - INFO - CUDA memory after evaluation cleanup: allocated=0.017 GiB, reserved=0.449 GiB
2026-08-22 19:03:32,578 - Model-rank0 - INFO - **** Epoch 40/100 ****
2026-08-22 19:03:32,578 - Model-rank0 - INFO - Learning rate:0.000343
2026-08-22 19:14:33,744 - Model-rank0 - INFO - CUDA memory after training cleanup: allocated=0.017 GiB, reserved=0.451 GiB
2026-08-22 19:14:33,744 - Model-rank0 - INFO - Training mean loss: 0.334001
2026-08-22 19:14:33,744 - Model-rank0 - INFO - Training accuracy (IoU) of prediction: 0.575373
2026-08-22 19:14:33,744 - Model-rank0 - INFO - Training pixel precision: 0.816103
2026-08-22 19:14:33,744 - Model-rank0 - INFO - Training pixel recall: 0.661084
2026-08-22 19:14:33,744 - Model-rank0 - INFO - Training pixel F1: 0.730460
2026-08-22 19:14:33,744 - Model-rank0 - INFO - Training loss component tversky: 0.211763
2026-08-22 19:14:33,744 - Model-rank0 - INFO - Training loss component dice: 0.233332
2026-08-22 19:14:33,744 - Model-rank0 - INFO - Training loss component hard_margin: 0.872379
2026-08-22 19:14:33,744 - Model-rank0 - INFO - Training loss component hard_weight: 0.100000
2026-08-22 19:14:33,744 - Model-rank0 - INFO - ---- EPOCH 040 EVALUATION ----
2026-08-22 19:19:58,306 - Model-rank0 - INFO - Eval mean loss: 0.730840
2026-08-22 19:19:58,307 - Model-rank0 - INFO - Eval avg class IoU of prediction: 0.335541
2026-08-22 19:19:58,307 - Model-rank0 - INFO - Eval pixel precision: 0.679300
2026-08-22 19:19:58,307 - Model-rank0 - INFO - Eval pixel recall: 0.398699
2026-08-22 19:19:58,307 - Model-rank0 - INFO - Eval pixel F1: 0.502480
2026-08-22 19:19:58,307 - Model-rank0 - INFO - Early stopping eval_f1=0.502480; best=0.527024 at epoch 25; bad_epochs=15/30.
2026-08-22 19:19:58,338 - Model-rank0 - INFO - Saved recoverable checkpoint at /home/devbox/project/model/sjy/CSIG2026/Deeppro_v2/DeepPro-main/log/sem_seg/2026-08-22/SatVideoIRSDT_v1__2026-08-22_08-27-32__F1OHEM-brtd3_raw_apmd_hybrid_rms_motion_detrend_multiscale_contrast_pretrained_seed47_E100/checkpoints/latest_model.pth
2026-08-22 19:19:58,357 - Model-rank0 - INFO - Saved epoch checkpoint at /home/devbox/project/model/sjy/CSIG2026/Deeppro_v2/DeepPro-main/log/sem_seg/2026-08-22/SatVideoIRSDT_v1__2026-08-22_08-27-32__F1OHEM-brtd3_raw_apmd_hybrid_rms_motion_detrend_multiscale_contrast_pretrained_seed47_E100/checkpoints/epoch_40_model.pth
2026-08-22 19:19:58,357 - Model-rank0 - INFO - Best mIoU_mid: 0.357796
2026-08-22 19:19:58,485 - Model-rank0 - INFO - CUDA memory after evaluation cleanup: allocated=0.017 GiB, reserved=0.449 GiB
2026-08-22 19:19:58,485 - Model-rank0 - INFO - **** Epoch 41/100 ****
2026-08-22 19:19:58,485 - Model-rank0 - INFO - Learning rate:0.000240
2026-08-22 19:30:37,479 - Model-rank0 - INFO - CUDA memory after training cleanup: allocated=0.017 GiB, reserved=0.451 GiB
2026-08-22 19:30:37,480 - Model-rank0 - INFO - Training mean loss: 0.325173
2026-08-22 19:30:37,480 - Model-rank0 - INFO - Training accuracy (IoU) of prediction: 0.598297
2026-08-22 19:30:37,480 - Model-rank0 - INFO - Training pixel precision: 0.822907
2026-08-22 19:30:37,480 - Model-rank0 - INFO - Training pixel recall: 0.686715
2026-08-22 19:30:37,480 - Model-rank0 - INFO - Training pixel F1: 0.748668
2026-08-22 19:30:37,480 - Model-rank0 - INFO - Training loss component tversky: 0.205836
2026-08-22 19:30:37,480 - Model-rank0 - INFO - Training loss component dice: 0.227060
2026-08-22 19:30:37,480 - Model-rank0 - INFO - Training loss component hard_margin: 0.852775
2026-08-22 19:30:37,480 - Model-rank0 - INFO - Training loss component hard_weight: 0.100000
2026-08-22 19:30:37,480 - Model-rank0 - INFO - ---- EPOCH 041 EVALUATION ----
2026-08-22 19:36:03,191 - Model-rank0 - INFO - Eval mean loss: 0.725174
2026-08-22 19:36:03,192 - Model-rank0 - INFO - Eval avg class IoU of prediction: 0.352620
2026-08-22 19:36:03,192 - Model-rank0 - INFO - Eval pixel precision: 0.733395
2026-08-22 19:36:03,192 - Model-rank0 - INFO - Eval pixel recall: 0.404466
2026-08-22 19:36:03,192 - Model-rank0 - INFO - Eval pixel F1: 0.521388
2026-08-22 19:36:03,192 - Model-rank0 - INFO - Early stopping eval_f1=0.521388; best=0.527024 at epoch 25; bad_epochs=16/30.
2026-08-22 19:36:03,230 - Model-rank0 - INFO - Saved recoverable checkpoint at /home/devbox/project/model/sjy/CSIG2026/Deeppro_v2/DeepPro-main/log/sem_seg/2026-08-22/SatVideoIRSDT_v1__2026-08-22_08-27-32__F1OHEM-brtd3_raw_apmd_hybrid_rms_motion_detrend_multiscale_contrast_pretrained_seed47_E100/checkpoints/latest_model.pth
2026-08-22 19:36:03,230 - Model-rank0 - INFO - Best mIoU_mid: 0.357796
2026-08-22 19:36:03,364 - Model-rank0 - INFO - CUDA memory after evaluation cleanup: allocated=0.017 GiB, reserved=0.447 GiB
2026-08-22 19:36:03,364 - Model-rank0 - INFO - **** Epoch 42/100 ****
2026-08-22 19:36:03,364 - Model-rank0 - INFO - Learning rate:0.000240
2026-08-22 19:46:43,913 - Model-rank0 - INFO - CUDA memory after training cleanup: allocated=0.017 GiB, reserved=0.451 GiB
2026-08-22 19:46:43,914 - Model-rank0 - INFO - Training mean loss: 0.324457
2026-08-22 19:46:43,914 - Model-rank0 - INFO - Training accuracy (IoU) of prediction: 0.601806
2026-08-22 19:46:43,914 - Model-rank0 - INFO - Training pixel precision: 0.826407
2026-08-22 19:46:43,914 - Model-rank0 - INFO - Training pixel recall: 0.688891
2026-08-22 19:46:43,914 - Model-rank0 - INFO - Training pixel F1: 0.751409
2026-08-22 19:46:43,914 - Model-rank0 - INFO - Training loss component tversky: 0.204641
2026-08-22 19:46:43,914 - Model-rank0 - INFO - Training loss component dice: 0.226176
2026-08-22 19:46:43,914 - Model-rank0 - INFO - Training loss component hard_margin: 0.858904
2026-08-22 19:46:43,914 - Model-rank0 - INFO - Training loss component hard_weight: 0.100000
2026-08-22 19:46:43,914 - Model-rank0 - INFO - ---- EPOCH 042 EVALUATION ----
2026-08-22 19:52:09,144 - Model-rank0 - INFO - Eval mean loss: 0.743204
2026-08-22 19:52:09,145 - Model-rank0 - INFO - Eval avg class IoU of prediction: 0.329094
2026-08-22 19:52:09,145 - Model-rank0 - INFO - Eval pixel precision: 0.729242
2026-08-22 19:52:09,145 - Model-rank0 - INFO - Eval pixel recall: 0.374903
2026-08-22 19:52:09,145 - Model-rank0 - INFO - Eval pixel F1: 0.495216
2026-08-22 19:52:09,145 - Model-rank0 - INFO - Early stopping eval_f1=0.495216; best=0.527024 at epoch 25; bad_epochs=17/30.
2026-08-22 19:52:09,175 - Model-rank0 - INFO - Saved recoverable checkpoint at /home/devbox/project/model/sjy/CSIG2026/Deeppro_v2/DeepPro-main/log/sem_seg/2026-08-22/SatVideoIRSDT_v1__2026-08-22_08-27-32__F1OHEM-brtd3_raw_apmd_hybrid_rms_motion_detrend_multiscale_contrast_pretrained_seed47_E100/checkpoints/latest_model.pth
2026-08-22 19:52:09,175 - Model-rank0 - INFO - Best mIoU_mid: 0.357796
2026-08-22 19:52:09,327 - Model-rank0 - INFO - CUDA memory after evaluation cleanup: allocated=0.017 GiB, reserved=0.449 GiB
2026-08-22 19:52:09,327 - Model-rank0 - INFO - **** Epoch 43/100 ****
2026-08-22 19:52:09,327 - Model-rank0 - INFO - Learning rate:0.000240
2026-08-22 20:02:26,705 - Model-rank0 - INFO - CUDA memory after training cleanup: allocated=0.017 GiB, reserved=0.449 GiB
2026-08-22 20:02:26,705 - Model-rank0 - INFO - Training mean loss: 0.326131
2026-08-22 20:02:26,705 - Model-rank0 - INFO - Training accuracy (IoU) of prediction: 0.583364
2026-08-22 20:02:26,705 - Model-rank0 - INFO - Training pixel precision: 0.824612
2026-08-22 20:02:26,705 - Model-rank0 - INFO - Training pixel recall: 0.665999
2026-08-22 20:02:26,705 - Model-rank0 - INFO - Training pixel F1: 0.736866
2026-08-22 20:02:26,705 - Model-rank0 - INFO - Training loss component tversky: 0.205527
2026-08-22 20:02:26,705 - Model-rank0 - INFO - Training loss component dice: 0.226966
2026-08-22 20:02:26,705 - Model-rank0 - INFO - Training loss component hard_margin: 0.865593
2026-08-22 20:02:26,705 - Model-rank0 - INFO - Training loss component hard_weight: 0.100000
2026-08-22 20:02:26,705 - Model-rank0 - INFO - ---- EPOCH 043 EVALUATION ----
2026-08-22 20:07:54,041 - Model-rank0 - INFO - Eval mean loss: 0.738716
2026-08-22 20:07:54,042 - Model-rank0 - INFO - Eval avg class IoU of prediction: 0.337350
2026-08-22 20:07:54,042 - Model-rank0 - INFO - Eval pixel precision: 0.739498
2026-08-22 20:07:54,042 - Model-rank0 - INFO - Eval pixel recall: 0.382846
2026-08-22 20:07:54,042 - Model-rank0 - INFO - Eval pixel F1: 0.504505
2026-08-22 20:07:54,042 - Model-rank0 - INFO - Early stopping eval_f1=0.504505; best=0.527024 at epoch 25; bad_epochs=18/30.
2026-08-22 20:07:54,075 - Model-rank0 - INFO - Saved recoverable checkpoint at /home/devbox/project/model/sjy/CSIG2026/Deeppro_v2/DeepPro-main/log/sem_seg/2026-08-22/SatVideoIRSDT_v1__2026-08-22_08-27-32__F1OHEM-brtd3_raw_apmd_hybrid_rms_motion_detrend_multiscale_contrast_pretrained_seed47_E100/checkpoints/latest_model.pth
2026-08-22 20:07:54,075 - Model-rank0 - INFO - Best mIoU_mid: 0.357796
2026-08-22 20:07:54,216 - Model-rank0 - INFO - CUDA memory after evaluation cleanup: allocated=0.017 GiB, reserved=0.447 GiB
2026-08-22 20:07:54,216 - Model-rank0 - INFO - **** Epoch 44/100 ****
2026-08-22 20:07:54,216 - Model-rank0 - INFO - Learning rate:0.000240
2026-08-22 20:18:27,594 - Model-rank0 - INFO - CUDA memory after training cleanup: allocated=0.017 GiB, reserved=0.449 GiB
2026-08-22 20:18:27,594 - Model-rank0 - INFO - Training mean loss: 0.325346
2026-08-22 20:18:27,594 - Model-rank0 - INFO - Training accuracy (IoU) of prediction: 0.589552
2026-08-22 20:18:27,595 - Model-rank0 - INFO - Training pixel precision: 0.825133
2026-08-22 20:18:27,595 - Model-rank0 - INFO - Training pixel recall: 0.673729
2026-08-22 20:18:27,595 - Model-rank0 - INFO - Training pixel F1: 0.741784
2026-08-22 20:18:27,595 - Model-rank0 - INFO - Training loss component tversky: 0.205482
2026-08-22 20:18:27,595 - Model-rank0 - INFO - Training loss component dice: 0.226691
2026-08-22 20:18:27,595 - Model-rank0 - INFO - Training loss component hard_margin: 0.858606
2026-08-22 20:18:27,595 - Model-rank0 - INFO - Training loss component hard_weight: 0.100000
2026-08-22 20:18:27,595 - Model-rank0 - INFO - ---- EPOCH 044 EVALUATION ----
2026-08-22 20:23:52,583 - Model-rank0 - INFO - Eval mean loss: 0.741382
2026-08-22 20:23:52,583 - Model-rank0 - INFO - Eval avg class IoU of prediction: 0.341370
2026-08-22 20:23:52,584 - Model-rank0 - INFO - Eval pixel precision: 0.750011
2026-08-22 20:23:52,584 - Model-rank0 - INFO - Eval pixel recall: 0.385200
2026-08-22 20:23:52,584 - Model-rank0 - INFO - Eval pixel F1: 0.508987
2026-08-22 20:23:52,584 - Model-rank0 - INFO - Early stopping eval_f1=0.508987; best=0.527024 at epoch 25; bad_epochs=19/30.
2026-08-22 20:23:52,617 - Model-rank0 - INFO - Saved recoverable checkpoint at /home/devbox/project/model/sjy/CSIG2026/Deeppro_v2/DeepPro-main/log/sem_seg/2026-08-22/SatVideoIRSDT_v1__2026-08-22_08-27-32__F1OHEM-brtd3_raw_apmd_hybrid_rms_motion_detrend_multiscale_contrast_pretrained_seed47_E100/checkpoints/latest_model.pth
2026-08-22 20:23:52,617 - Model-rank0 - INFO - Best mIoU_mid: 0.357796
2026-08-22 20:23:52,765 - Model-rank0 - INFO - CUDA memory after evaluation cleanup: allocated=0.017 GiB, reserved=0.447 GiB
2026-08-22 20:23:52,765 - Model-rank0 - INFO - **** Epoch 45/100 ****
2026-08-22 20:23:52,765 - Model-rank0 - INFO - Learning rate:0.000240
2026-08-22 20:34:31,171 - Model-rank0 - INFO - CUDA memory after training cleanup: allocated=0.017 GiB, reserved=0.449 GiB
2026-08-22 20:34:31,171 - Model-rank0 - INFO - Training mean loss: 0.314413
2026-08-22 20:34:31,171 - Model-rank0 - INFO - Training accuracy (IoU) of prediction: 0.608009
2026-08-22 20:34:31,171 - Model-rank0 - INFO - Training pixel precision: 0.827961
2026-08-22 20:34:31,171 - Model-rank0 - INFO - Training pixel recall: 0.695931
2026-08-22 20:34:31,171 - Model-rank0 - INFO - Training pixel F1: 0.756226
2026-08-22 20:34:31,171 - Model-rank0 - INFO - Training loss component tversky: 0.199258
2026-08-22 20:34:31,171 - Model-rank0 - INFO - Training loss component dice: 0.219640
2026-08-22 20:34:31,171 - Model-rank0 - INFO - Training loss component hard_margin: 0.822097
2026-08-22 20:34:31,171 - Model-rank0 - INFO - Training loss component hard_weight: 0.100000
2026-08-22 20:34:31,171 - Model-rank0 - INFO - ---- EPOCH 045 EVALUATION ----
2026-08-22 20:39:56,575 - Model-rank0 - INFO - Eval mean loss: 0.752252
2026-08-22 20:39:56,576 - Model-rank0 - INFO - Eval avg class IoU of prediction: 0.335469
2026-08-22 20:39:56,576 - Model-rank0 - INFO - Eval pixel precision: 0.739718
2026-08-22 20:39:56,576 - Model-rank0 - INFO - Eval pixel recall: 0.380368
2026-08-22 20:39:56,576 - Model-rank0 - INFO - Eval pixel F1: 0.502399
2026-08-22 20:39:56,576 - Model-rank0 - INFO - Early stopping eval_f1=0.502399; best=0.527024 at epoch 25; bad_epochs=20/30.
2026-08-22 20:39:56,611 - Model-rank0 - INFO - Saved recoverable checkpoint at /home/devbox/project/model/sjy/CSIG2026/Deeppro_v2/DeepPro-main/log/sem_seg/2026-08-22/SatVideoIRSDT_v1__2026-08-22_08-27-32__F1OHEM-brtd3_raw_apmd_hybrid_rms_motion_detrend_multiscale_contrast_pretrained_seed47_E100/checkpoints/latest_model.pth
2026-08-22 20:39:56,634 - Model-rank0 - INFO - Saved epoch checkpoint at /home/devbox/project/model/sjy/CSIG2026/Deeppro_v2/DeepPro-main/log/sem_seg/2026-08-22/SatVideoIRSDT_v1__2026-08-22_08-27-32__F1OHEM-brtd3_raw_apmd_hybrid_rms_motion_detrend_multiscale_contrast_pretrained_seed47_E100/checkpoints/epoch_45_model.pth
2026-08-22 20:39:56,635 - Model-rank0 - INFO - Best mIoU_mid: 0.357796
2026-08-22 20:39:56,866 - Model-rank0 - INFO - CUDA memory after evaluation cleanup: allocated=0.017 GiB, reserved=0.449 GiB
2026-08-22 20:39:56,867 - Model-rank0 - INFO - **** Epoch 46/100 ****
2026-08-22 20:39:56,867 - Model-rank0 - INFO - Learning rate:0.000240
2026-08-22 20:50:40,370 - Model-rank0 - INFO - CUDA memory after training cleanup: allocated=0.017 GiB, reserved=0.449 GiB
2026-08-22 20:50:40,370 - Model-rank0 - INFO - Training mean loss: 0.316907
2026-08-22 20:50:40,370 - Model-rank0 - INFO - Training accuracy (IoU) of prediction: 0.599695
2026-08-22 20:50:40,370 - Model-rank0 - INFO - Training pixel precision: 0.824002
2026-08-22 20:50:40,370 - Model-rank0 - INFO - Training pixel recall: 0.687793
2026-08-22 20:50:40,370 - Model-rank0 - INFO - Training pixel F1: 0.749761
2026-08-22 20:50:40,370 - Model-rank0 - INFO - Training loss component tversky: 0.200919
2026-08-22 20:50:40,370 - Model-rank0 - INFO - Training loss component dice: 0.221591
2026-08-22 20:50:40,370 - Model-rank0 - INFO - Training loss component hard_margin: 0.827486
2026-08-22 20:50:40,370 - Model-rank0 - INFO - Training loss component hard_weight: 0.100000
2026-08-22 20:50:40,370 - Model-rank0 - INFO - ---- EPOCH 046 EVALUATION ----
2026-08-22 20:56:05,485 - Model-rank0 - INFO - Eval mean loss: 0.755138
2026-08-22 20:56:05,485 - Model-rank0 - INFO - Eval avg class IoU of prediction: 0.338554
2026-08-22 20:56:05,485 - Model-rank0 - INFO - Eval pixel precision: 0.815307
2026-08-22 20:56:05,485 - Model-rank0 - INFO - Eval pixel recall: 0.366676
2026-08-22 20:56:05,485 - Model-rank0 - INFO - Eval pixel F1: 0.505851
2026-08-22 20:56:05,485 - Model-rank0 - INFO - Early stopping eval_f1=0.505851; best=0.527024 at epoch 25; bad_epochs=21/30.
2026-08-22 20:56:05,519 - Model-rank0 - INFO - Saved recoverable checkpoint at /home/devbox/project/model/sjy/CSIG2026/Deeppro_v2/DeepPro-main/log/sem_seg/2026-08-22/SatVideoIRSDT_v1__2026-08-22_08-27-32__F1OHEM-brtd3_raw_apmd_hybrid_rms_motion_detrend_multiscale_contrast_pretrained_seed47_E100/checkpoints/latest_model.pth
2026-08-22 20:56:05,519 - Model-rank0 - INFO - Best mIoU_mid: 0.357796
2026-08-22 20:56:05,735 - Model-rank0 - INFO - CUDA memory after evaluation cleanup: allocated=0.017 GiB, reserved=0.447 GiB
2026-08-22 20:56:05,735 - Model-rank0 - INFO - **** Epoch 47/100 ****
2026-08-22 20:56:05,735 - Model-rank0 - INFO - Learning rate:0.000240
2026-08-22 21:06:42,269 - Model-rank0 - INFO - CUDA memory after training cleanup: allocated=0.017 GiB, reserved=0.451 GiB
2026-08-22 21:06:42,269 - Model-rank0 - INFO - Training mean loss: 0.321667
2026-08-22 21:06:42,269 - Model-rank0 - INFO - Training accuracy (IoU) of prediction: 0.598287
2026-08-22 21:06:42,270 - Model-rank0 - INFO - Training pixel precision: 0.827084
2026-08-22 21:06:42,270 - Model-rank0 - INFO - Training pixel recall: 0.683821
2026-08-22 21:06:42,270 - Model-rank0 - INFO - Training pixel F1: 0.748660
2026-08-22 21:06:42,270 - Model-rank0 - INFO - Training loss component tversky: 0.203698
2026-08-22 21:06:42,270 - Model-rank0 - INFO - Training loss component dice: 0.224802
2026-08-22 21:06:42,270 - Model-rank0 - INFO - Training loss component hard_margin: 0.842490
2026-08-22 21:06:42,270 - Model-rank0 - INFO - Training loss component hard_weight: 0.100000
2026-08-22 21:06:42,270 - Model-rank0 - INFO - ---- EPOCH 047 EVALUATION ----
2026-08-22 21:12:10,838 - Model-rank0 - INFO - Eval mean loss: 0.736684
2026-08-22 21:12:10,838 - Model-rank0 - INFO - Eval avg class IoU of prediction: 0.357959
2026-08-22 21:12:10,838 - Model-rank0 - INFO - Eval pixel precision: 0.773266
2026-08-22 21:12:10,838 - Model-rank0 - INFO - Eval pixel recall: 0.399936
2026-08-22 21:12:10,839 - Model-rank0 - INFO - Eval pixel F1: 0.527202
2026-08-22 21:12:10,839 - Model-rank0 - INFO - Early stopping eval_f1=0.527202; best=0.527202 at epoch 47; bad_epochs=0/30.
2026-08-22 21:12:10,874 - Model-rank0 - INFO - Saved recoverable checkpoint at /home/devbox/project/model/sjy/CSIG2026/Deeppro_v2/DeepPro-main/log/sem_seg/2026-08-22/SatVideoIRSDT_v1__2026-08-22_08-27-32__F1OHEM-brtd3_raw_apmd_hybrid_rms_motion_detrend_multiscale_contrast_pretrained_seed47_E100/checkpoints/latest_model.pth
2026-08-22 21:12:10,898 - Model-rank0 - INFO - Saved epoch checkpoint at /home/devbox/project/model/sjy/CSIG2026/Deeppro_v2/DeepPro-main/log/sem_seg/2026-08-22/SatVideoIRSDT_v1__2026-08-22_08-27-32__F1OHEM-brtd3_raw_apmd_hybrid_rms_motion_detrend_multiscale_contrast_pretrained_seed47_E100/checkpoints/epoch_47_model.pth
2026-08-22 21:12:10,926 - Model-rank0 - INFO - Saved best checkpoint at /home/devbox/project/model/sjy/CSIG2026/Deeppro_v2/DeepPro-main/log/sem_seg/2026-08-22/SatVideoIRSDT_v1__2026-08-22_08-27-32__F1OHEM-brtd3_raw_apmd_hybrid_rms_motion_detrend_multiscale_contrast_pretrained_seed47_E100/checkpoints/best_model.pth
2026-08-22 21:12:10,950 - Model-rank0 - INFO - Saved early-stopping best checkpoint at /home/devbox/project/model/sjy/CSIG2026/Deeppro_v2/DeepPro-main/log/sem_seg/2026-08-22/SatVideoIRSDT_v1__2026-08-22_08-27-32__F1OHEM-brtd3_raw_apmd_hybrid_rms_motion_detrend_multiscale_contrast_pretrained_seed47_E100/checkpoints/early_stopping_best_model.pth
2026-08-22 21:12:10,950 - Model-rank0 - INFO - Best mIoU_mid: 0.357959
2026-08-22 21:12:11,184 - Model-rank0 - INFO - CUDA memory after evaluation cleanup: allocated=0.017 GiB, reserved=0.447 GiB
2026-08-22 21:12:11,185 - Model-rank0 - INFO - **** Epoch 48/100 ****
2026-08-22 21:12:11,185 - Model-rank0 - INFO - Learning rate:0.000240
2026-08-22 21:23:01,540 - Model-rank0 - INFO - CUDA memory after training cleanup: allocated=0.017 GiB, reserved=0.451 GiB
2026-08-22 21:23:01,540 - Model-rank0 - INFO - Training mean loss: 0.324329
2026-08-22 21:23:01,540 - Model-rank0 - INFO - Training accuracy (IoU) of prediction: 0.586320
2026-08-22 21:23:01,540 - Model-rank0 - INFO - Training pixel precision: 0.823001
2026-08-22 21:23:01,540 - Model-rank0 - INFO - Training pixel recall: 0.670921
2026-08-22 21:23:01,540 - Model-rank0 - INFO - Training pixel F1: 0.739220
2026-08-22 21:23:01,540 - Model-rank0 - INFO - Training loss component tversky: 0.204880
2026-08-22 21:23:01,540 - Model-rank0 - INFO - Training loss component dice: 0.226289
2026-08-22 21:23:01,540 - Model-rank0 - INFO - Training loss component hard_margin: 0.855058
2026-08-22 21:23:01,540 - Model-rank0 - INFO - Training loss component hard_weight: 0.100000
2026-08-22 21:23:01,540 - Model-rank0 - INFO - ---- EPOCH 048 EVALUATION ----
2026-08-22 21:28:27,544 - Model-rank0 - INFO - Eval mean loss: 0.754662
2026-08-22 21:28:27,544 - Model-rank0 - INFO - Eval avg class IoU of prediction: 0.340208
2026-08-22 21:28:27,545 - Model-rank0 - INFO - Eval pixel precision: 0.796667
2026-08-22 21:28:27,545 - Model-rank0 - INFO - Eval pixel recall: 0.372557
2026-08-22 21:28:27,545 - Model-rank0 - INFO - Eval pixel F1: 0.507694
2026-08-22 21:28:27,545 - Model-rank0 - INFO - Early stopping eval_f1=0.507694; best=0.527202 at epoch 47; bad_epochs=1/30.
2026-08-22 21:28:27,579 - Model-rank0 - INFO - Saved recoverable checkpoint at /home/devbox/project/model/sjy/CSIG2026/Deeppro_v2/DeepPro-main/log/sem_seg/2026-08-22/SatVideoIRSDT_v1__2026-08-22_08-27-32__F1OHEM-brtd3_raw_apmd_hybrid_rms_motion_detrend_multiscale_contrast_pretrained_seed47_E100/checkpoints/latest_model.pth
2026-08-22 21:28:27,579 - Model-rank0 - INFO - Best mIoU_mid: 0.357959
2026-08-22 21:28:27,723 - Model-rank0 - INFO - CUDA memory after evaluation cleanup: allocated=0.017 GiB, reserved=0.449 GiB
2026-08-22 21:28:27,724 - Model-rank0 - INFO - **** Epoch 49/100 ****
2026-08-22 21:28:27,724 - Model-rank0 - INFO - Learning rate:0.000240
2026-08-22 21:39:26,454 - Model-rank0 - INFO - CUDA memory after training cleanup: allocated=0.017 GiB, reserved=0.451 GiB
2026-08-22 21:39:26,454 - Model-rank0 - INFO - Training mean loss: 0.318444
2026-08-22 21:39:26,454 - Model-rank0 - INFO - Training accuracy (IoU) of prediction: 0.601211
2026-08-22 21:39:26,454 - Model-rank0 - INFO - Training pixel precision: 0.822016
2026-08-22 21:39:26,454 - Model-rank0 - INFO - Training pixel recall: 0.691187
2026-08-22 21:39:26,454 - Model-rank0 - INFO - Training pixel F1: 0.750945
2026-08-22 21:39:26,454 - Model-rank0 - INFO - Training loss component tversky: 0.202746
2026-08-22 21:39:26,454 - Model-rank0 - INFO - Training loss component dice: 0.223142
2026-08-22 21:39:26,454 - Model-rank0 - INFO - Training loss component hard_margin: 0.822271
2026-08-22 21:39:26,454 - Model-rank0 - INFO - Training loss component hard_weight: 0.100000
2026-08-22 21:39:26,454 - Model-rank0 - INFO - ---- EPOCH 049 EVALUATION ----
2026-08-22 21:44:52,909 - Model-rank0 - INFO - Eval mean loss: 0.765870
2026-08-22 21:44:52,909 - Model-rank0 - INFO - Eval avg class IoU of prediction: 0.338889
2026-08-22 21:44:52,910 - Model-rank0 - INFO - Eval pixel precision: 0.807355
2026-08-22 21:44:52,910 - Model-rank0 - INFO - Eval pixel recall: 0.368704
2026-08-22 21:44:52,910 - Model-rank0 - INFO - Eval pixel F1: 0.506224
2026-08-22 21:44:52,910 - Model-rank0 - INFO - Early stopping eval_f1=0.506224; best=0.527202 at epoch 47; bad_epochs=2/30.
2026-08-22 21:44:52,942 - Model-rank0 - INFO - Saved recoverable checkpoint at /home/devbox/project/model/sjy/CSIG2026/Deeppro_v2/DeepPro-main/log/sem_seg/2026-08-22/SatVideoIRSDT_v1__2026-08-22_08-27-32__F1OHEM-brtd3_raw_apmd_hybrid_rms_motion_detrend_multiscale_contrast_pretrained_seed47_E100/checkpoints/latest_model.pth
2026-08-22 21:44:52,942 - Model-rank0 - INFO - Best mIoU_mid: 0.357959
2026-08-22 21:44:53,095 - Model-rank0 - INFO - CUDA memory after evaluation cleanup: allocated=0.017 GiB, reserved=0.447 GiB
2026-08-22 21:44:53,096 - Model-rank0 - INFO - **** Epoch 50/100 ****
2026-08-22 21:44:53,096 - Model-rank0 - INFO - Learning rate:0.000240
2026-08-22 21:55:48,788 - Model-rank0 - INFO - CUDA memory after training cleanup: allocated=0.017 GiB, reserved=0.449 GiB
2026-08-22 21:55:48,789 - Model-rank0 - INFO - Training mean loss: 0.317477
2026-08-22 21:55:48,789 - Model-rank0 - INFO - Training accuracy (IoU) of prediction: 0.604413
2026-08-22 21:55:48,789 - Model-rank0 - INFO - Training pixel precision: 0.823195
2026-08-22 21:55:48,789 - Model-rank0 - INFO - Training pixel recall: 0.694580
2026-08-22 21:55:48,789 - Model-rank0 - INFO - Training pixel F1: 0.753438
2026-08-22 21:55:48,789 - Model-rank0 - INFO - Training loss component tversky: 0.202178
2026-08-22 21:55:48,789 - Model-rank0 - INFO - Training loss component dice: 0.222219
2026-08-22 21:55:48,789 - Model-rank0 - INFO - Training loss component hard_margin: 0.819658
2026-08-22 21:55:48,789 - Model-rank0 - INFO - Training loss component hard_weight: 0.100000
2026-08-22 21:55:48,789 - Model-rank0 - INFO - ---- EPOCH 050 EVALUATION ----
2026-08-22 22:01:17,033 - Model-rank0 - INFO - Eval mean loss: 0.766616
2026-08-22 22:01:17,033 - Model-rank0 - INFO - Eval avg class IoU of prediction: 0.331174
2026-08-22 22:01:17,033 - Model-rank0 - INFO - Eval pixel precision: 0.802461
2026-08-22 22:01:17,033 - Model-rank0 - INFO - Eval pixel recall: 0.360568
2026-08-22 22:01:17,033 - Model-rank0 - INFO - Eval pixel F1: 0.497566
2026-08-22 22:01:17,033 - Model-rank0 - INFO - Early stopping eval_f1=0.497566; best=0.527202 at epoch 47; bad_epochs=3/30.
2026-08-22 22:01:17,064 - Model-rank0 - INFO - Saved recoverable checkpoint at /home/devbox/project/model/sjy/CSIG2026/Deeppro_v2/DeepPro-main/log/sem_seg/2026-08-22/SatVideoIRSDT_v1__2026-08-22_08-27-32__F1OHEM-brtd3_raw_apmd_hybrid_rms_motion_detrend_multiscale_contrast_pretrained_seed47_E100/checkpoints/latest_model.pth
2026-08-22 22:01:17,086 - Model-rank0 - INFO - Saved epoch checkpoint at /home/devbox/project/model/sjy/CSIG2026/Deeppro_v2/DeepPro-main/log/sem_seg/2026-08-22/SatVideoIRSDT_v1__2026-08-22_08-27-32__F1OHEM-brtd3_raw_apmd_hybrid_rms_motion_detrend_multiscale_contrast_pretrained_seed47_E100/checkpoints/epoch_50_model.pth
2026-08-22 22:01:17,086 - Model-rank0 - INFO - Best mIoU_mid: 0.357959
2026-08-22 22:01:17,237 - Model-rank0 - INFO - CUDA memory after evaluation cleanup: allocated=0.017 GiB, reserved=0.447 GiB
2026-08-22 22:01:17,237 - Model-rank0 - INFO - **** Epoch 51/100 ****
2026-08-22 22:01:17,237 - Model-rank0 - INFO - Learning rate:0.000168
2026-08-22 22:12:09,436 - Model-rank0 - INFO - CUDA memory after training cleanup: allocated=0.017 GiB, reserved=0.449 GiB
2026-08-22 22:12:09,437 - Model-rank0 - INFO - Training mean loss: 0.313396
2026-08-22 22:12:09,437 - Model-rank0 - INFO - Training accuracy (IoU) of prediction: 0.603347
2026-08-22 22:12:09,437 - Model-rank0 - INFO - Training pixel precision: 0.822645
2026-08-22 22:12:09,437 - Model-rank0 - INFO - Training pixel recall: 0.693563
2026-08-22 22:12:09,437 - Model-rank0 - INFO - Training pixel F1: 0.752609
2026-08-22 22:12:09,437 - Model-rank0 - INFO - Training loss component tversky: 0.199911
2026-08-22 22:12:09,437 - Model-rank0 - INFO - Training loss component dice: 0.220216
2026-08-22 22:12:09,437 - Model-rank0 - INFO - Training loss component hard_margin: 0.804524
2026-08-22 22:12:09,437 - Model-rank0 - INFO - Training loss component hard_weight: 0.100000
2026-08-22 22:12:09,437 - Model-rank0 - INFO - ---- EPOCH 051 EVALUATION ----
2026-08-22 22:17:38,280 - Model-rank0 - INFO - Eval mean loss: 0.740073
2026-08-22 22:17:38,280 - Model-rank0 - INFO - Eval avg class IoU of prediction: 0.345996
2026-08-22 22:17:38,280 - Model-rank0 - INFO - Eval pixel precision: 0.806952
2026-08-22 22:17:38,280 - Model-rank0 - INFO - Eval pixel recall: 0.377219
2026-08-22 22:17:38,280 - Model-rank0 - INFO - Eval pixel F1: 0.514111
2026-08-22 22:17:38,280 - Model-rank0 - INFO - Early stopping eval_f1=0.514111; best=0.527202 at epoch 47; bad_epochs=4/30.
2026-08-22 22:17:38,313 - Model-rank0 - INFO - Saved recoverable checkpoint at /home/devbox/project/model/sjy/CSIG2026/Deeppro_v2/DeepPro-main/log/sem_seg/2026-08-22/SatVideoIRSDT_v1__2026-08-22_08-27-32__F1OHEM-brtd3_raw_apmd_hybrid_rms_motion_detrend_multiscale_contrast_pretrained_seed47_E100/checkpoints/latest_model.pth
2026-08-22 22:17:38,314 - Model-rank0 - INFO - Best mIoU_mid: 0.357959
2026-08-22 22:17:38,474 - Model-rank0 - INFO - CUDA memory after evaluation cleanup: allocated=0.017 GiB, reserved=0.447 GiB
2026-08-22 22:17:38,474 - Model-rank0 - INFO - **** Epoch 52/100 ****
2026-08-22 22:17:38,474 - Model-rank0 - INFO - Learning rate:0.000168
2026-08-22 22:28:37,826 - Model-rank0 - INFO - CUDA memory after training cleanup: allocated=0.017 GiB, reserved=0.449 GiB
2026-08-22 22:28:37,826 - Model-rank0 - INFO - Training mean loss: 0.314562
2026-08-22 22:28:37,826 - Model-rank0 - INFO - Training accuracy (IoU) of prediction: 0.619316
2026-08-22 22:28:37,826 - Model-rank0 - INFO - Training pixel precision: 0.824769
2026-08-22 22:28:37,826 - Model-rank0 - INFO - Training pixel recall: 0.713153
2026-08-22 22:28:37,826 - Model-rank0 - INFO - Training pixel F1: 0.764911
2026-08-22 22:28:37,826 - Model-rank0 - INFO - Training loss component tversky: 0.199410
2026-08-22 22:28:37,826 - Model-rank0 - INFO - Training loss component dice: 0.220038
2026-08-22 22:28:37,826 - Model-rank0 - INFO - Training loss component hard_margin: 0.821464
2026-08-22 22:28:37,826 - Model-rank0 - INFO - Training loss component hard_weight: 0.100000
2026-08-22 22:28:37,826 - Model-rank0 - INFO - ---- EPOCH 052 EVALUATION ----
2026-08-22 22:34:01,115 - Model-rank0 - INFO - Eval mean loss: 0.763374
2026-08-22 22:34:01,115 - Model-rank0 - INFO - Eval avg class IoU of prediction: 0.344289
2026-08-22 22:34:01,115 - Model-rank0 - INFO - Eval pixel precision: 0.806601
2026-08-22 22:34:01,115 - Model-rank0 - INFO - Eval pixel recall: 0.375268
2026-08-22 22:34:01,115 - Model-rank0 - INFO - Eval pixel F1: 0.512225
2026-08-22 22:34:01,115 - Model-rank0 - INFO - Early stopping eval_f1=0.512225; best=0.527202 at epoch 47; bad_epochs=5/30.
2026-08-22 22:34:01,148 - Model-rank0 - INFO - Saved recoverable checkpoint at /home/devbox/project/model/sjy/CSIG2026/Deeppro_v2/DeepPro-main/log/sem_seg/2026-08-22/SatVideoIRSDT_v1__2026-08-22_08-27-32__F1OHEM-brtd3_raw_apmd_hybrid_rms_motion_detrend_multiscale_contrast_pretrained_seed47_E100/checkpoints/latest_model.pth
2026-08-22 22:34:01,148 - Model-rank0 - INFO - Best mIoU_mid: 0.357959
2026-08-22 22:34:01,391 - Model-rank0 - INFO - CUDA memory after evaluation cleanup: allocated=0.017 GiB, reserved=0.447 GiB
2026-08-22 22:34:01,391 - Model-rank0 - INFO - **** Epoch 53/100 ****
2026-08-22 22:34:01,391 - Model-rank0 - INFO - Learning rate:0.000168
2026-08-22 22:44:47,189 - Model-rank0 - INFO - CUDA memory after training cleanup: allocated=0.017 GiB, reserved=0.449 GiB
2026-08-22 22:44:47,189 - Model-rank0 - INFO - Training mean loss: 0.314166
2026-08-22 22:44:47,189 - Model-rank0 - INFO - Training accuracy (IoU) of prediction: 0.609245
2026-08-22 22:44:47,189 - Model-rank0 - INFO - Training pixel precision: 0.830653
2026-08-22 22:44:47,189 - Model-rank0 - INFO - Training pixel recall: 0.695650
2026-08-22 22:44:47,189 - Model-rank0 - INFO - Training pixel F1: 0.757181
2026-08-22 22:44:47,189 - Model-rank0 - INFO - Training loss component tversky: 0.198940
2026-08-22 22:44:47,189 - Model-rank0 - INFO - Training loss component dice: 0.218931
2026-08-22 22:44:47,189 - Model-rank0 - INFO - Training loss component hard_margin: 0.823861
2026-08-22 22:44:47,189 - Model-rank0 - INFO - Training loss component hard_weight: 0.100000
2026-08-22 22:44:47,189 - Model-rank0 - INFO - ---- EPOCH 053 EVALUATION ----
2026-08-22 22:50:10,911 - Model-rank0 - INFO - Eval mean loss: 0.751057
2026-08-22 22:50:10,911 - Model-rank0 - INFO - Eval avg class IoU of prediction: 0.345171
2026-08-22 22:50:10,911 - Model-rank0 - INFO - Eval pixel precision: 0.810995
2026-08-22 22:50:10,911 - Model-rank0 - INFO - Eval pixel recall: 0.375367
2026-08-22 22:50:10,911 - Model-rank0 - INFO - Eval pixel F1: 0.513200
2026-08-22 22:50:10,912 - Model-rank0 - INFO - Early stopping eval_f1=0.513200; best=0.527202 at epoch 47; bad_epochs=6/30.
2026-08-22 22:50:10,941 - Model-rank0 - INFO - Saved recoverable checkpoint at /home/devbox/project/model/sjy/CSIG2026/Deeppro_v2/DeepPro-main/log/sem_seg/2026-08-22/SatVideoIRSDT_v1__2026-08-22_08-27-32__F1OHEM-brtd3_raw_apmd_hybrid_rms_motion_detrend_multiscale_contrast_pretrained_seed47_E100/checkpoints/latest_model.pth
2026-08-22 22:50:10,941 - Model-rank0 - INFO - Best mIoU_mid: 0.357959
2026-08-22 22:50:11,093 - Model-rank0 - INFO - CUDA memory after evaluation cleanup: allocated=0.017 GiB, reserved=0.447 GiB
2026-08-22 22:50:11,093 - Model-rank0 - INFO - **** Epoch 54/100 ****
2026-08-22 22:50:11,093 - Model-rank0 - INFO - Learning rate:0.000168
2026-08-22 23:00:34,457 - Model-rank0 - INFO - CUDA memory after training cleanup: allocated=0.017 GiB, reserved=0.449 GiB
2026-08-22 23:00:34,457 - Model-rank0 - INFO - Training mean loss: 0.312408
2026-08-22 23:00:34,457 - Model-rank0 - INFO - Training accuracy (IoU) of prediction: 0.606312
2026-08-22 23:00:34,457 - Model-rank0 - INFO - Training pixel precision: 0.831886
2026-08-22 23:00:34,457 - Model-rank0 - INFO - Training pixel recall: 0.690976
2026-08-22 23:00:34,457 - Model-rank0 - INFO - Training pixel F1: 0.754911
2026-08-22 23:00:34,457 - Model-rank0 - INFO - Training loss component tversky: 0.196328
2026-08-22 23:00:34,457 - Model-rank0 - INFO - Training loss component dice: 0.217158
2026-08-22 23:00:34,457 - Model-rank0 - INFO - Training loss component hard_margin: 0.835064
2026-08-22 23:00:34,457 - Model-rank0 - INFO - Training loss component hard_weight: 0.100000
2026-08-22 23:00:34,457 - Model-rank0 - INFO - ---- EPOCH 054 EVALUATION ----
2026-08-22 23:06:00,664 - Model-rank0 - INFO - Eval mean loss: 0.758851
2026-08-22 23:06:00,665 - Model-rank0 - INFO - Eval avg class IoU of prediction: 0.338987
2026-08-22 23:06:00,665 - Model-rank0 - INFO - Eval pixel precision: 0.795699
2026-08-22 23:06:00,665 - Model-rank0 - INFO - Eval pixel recall: 0.371304
2026-08-22 23:06:00,665 - Model-rank0 - INFO - Eval pixel F1: 0.506334
2026-08-22 23:06:00,665 - Model-rank0 - INFO - Early stopping eval_f1=0.506334; best=0.527202 at epoch 47; bad_epochs=7/30.
2026-08-22 23:06:00,697 - Model-rank0 - INFO - Saved recoverable checkpoint at /home/devbox/project/model/sjy/CSIG2026/Deeppro_v2/DeepPro-main/log/sem_seg/2026-08-22/SatVideoIRSDT_v1__2026-08-22_08-27-32__F1OHEM-brtd3_raw_apmd_hybrid_rms_motion_detrend_multiscale_contrast_pretrained_seed47_E100/checkpoints/latest_model.pth
2026-08-22 23:06:00,697 - Model-rank0 - INFO - Best mIoU_mid: 0.357959
2026-08-22 23:06:00,831 - Model-rank0 - INFO - CUDA memory after evaluation cleanup: allocated=0.017 GiB, reserved=0.447 GiB
2026-08-22 23:06:00,831 - Model-rank0 - INFO - **** Epoch 55/100 ****
2026-08-22 23:06:00,831 - Model-rank0 - INFO - Learning rate:0.000168
2026-08-22 23:16:04,804 - Model-rank0 - INFO - CUDA memory after training cleanup: allocated=0.017 GiB, reserved=0.451 GiB
2026-08-22 23:16:04,804 - Model-rank0 - INFO - Training mean loss: 0.307864
2026-08-22 23:16:04,804 - Model-rank0 - INFO - Training accuracy (IoU) of prediction: 0.609957
2026-08-22 23:16:04,804 - Model-rank0 - INFO - Training pixel precision: 0.830289
2026-08-22 23:16:04,804 - Model-rank0 - INFO - Training pixel recall: 0.696835
2026-08-22 23:16:04,804 - Model-rank0 - INFO - Training pixel F1: 0.757731
2026-08-22 23:16:04,804 - Model-rank0 - INFO - Training loss component tversky: 0.194846
2026-08-22 23:16:04,804 - Model-rank0 - INFO - Training loss component dice: 0.214882
2026-08-22 23:16:04,804 - Model-rank0 - INFO - Training loss component hard_margin: 0.807860
2026-08-22 23:16:04,804 - Model-rank0 - INFO - Training loss component hard_weight: 0.100000
2026-08-22 23:16:04,804 - Model-rank0 - INFO - ---- EPOCH 055 EVALUATION ----
2026-08-22 23:21:31,884 - Model-rank0 - INFO - Eval mean loss: 0.751059
2026-08-22 23:21:31,884 - Model-rank0 - INFO - Eval avg class IoU of prediction: 0.348756
2026-08-22 23:21:31,884 - Model-rank0 - INFO - Eval pixel precision: 0.796813
2026-08-22 23:21:31,884 - Model-rank0 - INFO - Eval pixel recall: 0.382799
2026-08-22 23:21:31,884 - Model-rank0 - INFO - Eval pixel F1: 0.517152
2026-08-22 23:21:31,884 - Model-rank0 - INFO - Early stopping eval_f1=0.517152; best=0.527202 at epoch 47; bad_epochs=8/30.
2026-08-22 23:21:31,913 - Model-rank0 - INFO - Saved recoverable checkpoint at /home/devbox/project/model/sjy/CSIG2026/Deeppro_v2/DeepPro-main/log/sem_seg/2026-08-22/SatVideoIRSDT_v1__2026-08-22_08-27-32__F1OHEM-brtd3_raw_apmd_hybrid_rms_motion_detrend_multiscale_contrast_pretrained_seed47_E100/checkpoints/latest_model.pth
2026-08-22 23:21:31,935 - Model-rank0 - INFO - Saved epoch checkpoint at /home/devbox/project/model/sjy/CSIG2026/Deeppro_v2/DeepPro-main/log/sem_seg/2026-08-22/SatVideoIRSDT_v1__2026-08-22_08-27-32__F1OHEM-brtd3_raw_apmd_hybrid_rms_motion_detrend_multiscale_contrast_pretrained_seed47_E100/checkpoints/epoch_55_model.pth
2026-08-22 23:21:31,935 - Model-rank0 - INFO - Best mIoU_mid: 0.357959
2026-08-22 23:21:32,166 - Model-rank0 - INFO - CUDA memory after evaluation cleanup: allocated=0.017 GiB, reserved=0.447 GiB
2026-08-22 23:21:32,166 - Model-rank0 - INFO - **** Epoch 56/100 ****
2026-08-22 23:21:32,166 - Model-rank0 - INFO - Learning rate:0.000168
2026-08-22 23:31:05,587 - Model-rank0 - INFO - CUDA memory after training cleanup: allocated=0.017 GiB, reserved=0.449 GiB
2026-08-22 23:31:05,587 - Model-rank0 - INFO - Training mean loss: 0.308562
2026-08-22 23:31:05,587 - Model-rank0 - INFO - Training accuracy (IoU) of prediction: 0.617077
2026-08-22 23:31:05,587 - Model-rank0 - INFO - Training pixel precision: 0.828400
2026-08-22 23:31:05,587 - Model-rank0 - INFO - Training pixel recall: 0.707516
2026-08-22 23:31:05,587 - Model-rank0 - INFO - Training pixel F1: 0.763201
2026-08-22 23:31:05,587 - Model-rank0 - INFO - Training loss component tversky: 0.195176
2026-08-22 23:31:05,587 - Model-rank0 - INFO - Training loss component dice: 0.215185
2026-08-22 23:31:05,587 - Model-rank0 - INFO - Training loss component hard_margin: 0.811082
2026-08-22 23:31:05,588 - Model-rank0 - INFO - Training loss component hard_weight: 0.100000
2026-08-22 23:31:05,588 - Model-rank0 - INFO - ---- EPOCH 056 EVALUATION ----
2026-08-22 23:36:31,337 - Model-rank0 - INFO - Eval mean loss: 0.744159
2026-08-22 23:36:31,337 - Model-rank0 - INFO - Eval avg class IoU of prediction: 0.348615
2026-08-22 23:36:31,337 - Model-rank0 - INFO - Eval pixel precision: 0.750240
2026-08-22 23:36:31,337 - Model-rank0 - INFO - Eval pixel recall: 0.394386
2026-08-22 23:36:31,337 - Model-rank0 - INFO - Eval pixel F1: 0.516997
2026-08-22 23:36:31,337 - Model-rank0 - INFO - Early stopping eval_f1=0.516997; best=0.527202 at epoch 47; bad_epochs=9/30.
2026-08-22 23:36:31,363 - Model-rank0 - INFO - Saved recoverable checkpoint at /home/devbox/project/model/sjy/CSIG2026/Deeppro_v2/DeepPro-main/log/sem_seg/2026-08-22/SatVideoIRSDT_v1__2026-08-22_08-27-32__F1OHEM-brtd3_raw_apmd_hybrid_rms_motion_detrend_multiscale_contrast_pretrained_seed47_E100/checkpoints/latest_model.pth
2026-08-22 23:36:31,364 - Model-rank0 - INFO - Best mIoU_mid: 0.357959
2026-08-22 23:36:31,526 - Model-rank0 - INFO - CUDA memory after evaluation cleanup: allocated=0.017 GiB, reserved=0.447 GiB
2026-08-22 23:36:31,526 - Model-rank0 - INFO - **** Epoch 57/100 ****
2026-08-22 23:36:31,527 - Model-rank0 - INFO - Learning rate:0.000168
2026-08-22 23:46:47,442 - Model-rank0 - INFO - CUDA memory after training cleanup: allocated=0.017 GiB, reserved=0.449 GiB
2026-08-22 23:46:47,442 - Model-rank0 - INFO - Training mean loss: 0.314546
2026-08-22 23:46:47,442 - Model-rank0 - INFO - Training accuracy (IoU) of prediction: 0.599773
2026-08-22 23:46:47,442 - Model-rank0 - INFO - Training pixel precision: 0.827907
2026-08-22 23:46:47,443 - Model-rank0 - INFO - Training pixel recall: 0.685198
2026-08-22 23:46:47,443 - Model-rank0 - INFO - Training pixel F1: 0.749822
2026-08-22 23:46:47,443 - Model-rank0 - INFO - Training loss component tversky: 0.198529
2026-08-22 23:46:47,443 - Model-rank0 - INFO - Training loss component dice: 0.218660
2026-08-22 23:46:47,443 - Model-rank0 - INFO - Training loss component hard_margin: 0.832180
2026-08-22 23:46:47,443 - Model-rank0 - INFO - Training loss component hard_weight: 0.100000
2026-08-22 23:46:47,443 - Model-rank0 - INFO - ---- EPOCH 057 EVALUATION ----
2026-08-22 23:52:13,124 - Model-rank0 - INFO - Eval mean loss: 0.749210
2026-08-22 23:52:13,125 - Model-rank0 - INFO - Eval avg class IoU of prediction: 0.348846
2026-08-22 23:52:13,125 - Model-rank0 - INFO - Eval pixel precision: 0.792642
2026-08-22 23:52:13,125 - Model-rank0 - INFO - Eval pixel recall: 0.383879
2026-08-22 23:52:13,125 - Model-rank0 - INFO - Eval pixel F1: 0.517251
2026-08-22 23:52:13,125 - Model-rank0 - INFO - Early stopping eval_f1=0.517251; best=0.527202 at epoch 47; bad_epochs=10/30.
2026-08-22 23:52:13,157 - Model-rank0 - INFO - Saved recoverable checkpoint at /home/devbox/project/model/sjy/CSIG2026/Deeppro_v2/DeepPro-main/log/sem_seg/2026-08-22/SatVideoIRSDT_v1__2026-08-22_08-27-32__F1OHEM-brtd3_raw_apmd_hybrid_rms_motion_detrend_multiscale_contrast_pretrained_seed47_E100/checkpoints/latest_model.pth
2026-08-22 23:52:13,157 - Model-rank0 - INFO - Best mIoU_mid: 0.357959
2026-08-22 23:52:13,294 - Model-rank0 - INFO - CUDA memory after evaluation cleanup: allocated=0.017 GiB, reserved=0.447 GiB
2026-08-22 23:52:13,294 - Model-rank0 - INFO - **** Epoch 58/100 ****
2026-08-22 23:52:13,294 - Model-rank0 - INFO - Learning rate:0.000168
2026-08-23 00:03:09,556 - Model-rank0 - INFO - CUDA memory after training cleanup: allocated=0.017 GiB, reserved=0.451 GiB
2026-08-23 00:03:09,556 - Model-rank0 - INFO - Training mean loss: 0.317925
2026-08-23 00:03:09,556 - Model-rank0 - INFO - Training accuracy (IoU) of prediction: 0.603734
2026-08-23 00:03:09,556 - Model-rank0 - INFO - Training pixel precision: 0.826640
2026-08-23 00:03:09,556 - Model-rank0 - INFO - Training pixel recall: 0.691256
2026-08-23 00:03:09,556 - Model-rank0 - INFO - Training pixel F1: 0.752910
2026-08-23 00:03:09,556 - Model-rank0 - INFO - Training loss component tversky: 0.201720
2026-08-23 00:03:09,556 - Model-rank0 - INFO - Training loss component dice: 0.221965
2026-08-23 00:03:09,557 - Model-rank0 - INFO - Training loss component hard_margin: 0.829109
2026-08-23 00:03:09,557 - Model-rank0 - INFO - Training loss component hard_weight: 0.100000
2026-08-23 00:03:09,557 - Model-rank0 - INFO - ---- EPOCH 058 EVALUATION ----
2026-08-23 00:08:35,836 - Model-rank0 - INFO - Eval mean loss: 0.741733
2026-08-23 00:08:35,837 - Model-rank0 - INFO - Eval avg class IoU of prediction: 0.351782
2026-08-23 00:08:35,837 - Model-rank0 - INFO - Eval pixel precision: 0.779013
2026-08-23 00:08:35,837 - Model-rank0 - INFO - Eval pixel recall: 0.390778
2026-08-23 00:08:35,837 - Model-rank0 - INFO - Eval pixel F1: 0.520471
2026-08-23 00:08:35,837 - Model-rank0 - INFO - Early stopping eval_f1=0.520471; best=0.527202 at epoch 47; bad_epochs=11/30.
2026-08-23 00:08:35,862 - Model-rank0 - INFO - Saved recoverable checkpoint at /home/devbox/project/model/sjy/CSIG2026/Deeppro_v2/DeepPro-main/log/sem_seg/2026-08-22/SatVideoIRSDT_v1__2026-08-22_08-27-32__F1OHEM-brtd3_raw_apmd_hybrid_rms_motion_detrend_multiscale_contrast_pretrained_seed47_E100/checkpoints/latest_model.pth
2026-08-23 00:08:35,862 - Model-rank0 - INFO - Best mIoU_mid: 0.357959
2026-08-23 00:08:36,021 - Model-rank0 - INFO - CUDA memory after evaluation cleanup: allocated=0.017 GiB, reserved=0.449 GiB
2026-08-23 00:08:36,021 - Model-rank0 - INFO - **** Epoch 59/100 ****
2026-08-23 00:08:36,021 - Model-rank0 - INFO - Learning rate:0.000168
2026-08-23 00:19:22,227 - Model-rank0 - INFO - CUDA memory after training cleanup: allocated=0.017 GiB, reserved=0.449 GiB
2026-08-23 00:19:22,227 - Model-rank0 - INFO - Training mean loss: 0.310290
2026-08-23 00:19:22,228 - Model-rank0 - INFO - Training accuracy (IoU) of prediction: 0.606476
2026-08-23 00:19:22,228 - Model-rank0 - INFO - Training pixel precision: 0.830436
2026-08-23 00:19:22,228 - Model-rank0 - INFO - Training pixel recall: 0.692194
2026-08-23 00:19:22,228 - Model-rank0 - INFO - Training pixel F1: 0.755039
2026-08-23 00:19:22,228 - Model-rank0 - INFO - Training loss component tversky: 0.196175
2026-08-23 00:19:22,228 - Model-rank0 - INFO - Training loss component dice: 0.216429
2026-08-23 00:19:22,228 - Model-rank0 - INFO - Training loss component hard_margin: 0.816503
2026-08-23 00:19:22,228 - Model-rank0 - INFO - Training loss component hard_weight: 0.100000
2026-08-23 00:19:22,228 - Model-rank0 - INFO - ---- EPOCH 059 EVALUATION ----
2026-08-23 00:24:46,545 - Model-rank0 - INFO - Eval mean loss: 0.742326
2026-08-23 00:24:46,546 - Model-rank0 - INFO - Eval avg class IoU of prediction: 0.355376
2026-08-23 00:24:46,546 - Model-rank0 - INFO - Eval pixel precision: 0.774374
2026-08-23 00:24:46,546 - Model-rank0 - INFO - Eval pixel recall: 0.396423
2026-08-23 00:24:46,546 - Model-rank0 - INFO - Eval pixel F1: 0.524394
2026-08-23 00:24:46,546 - Model-rank0 - INFO - Early stopping eval_f1=0.524394; best=0.527202 at epoch 47; bad_epochs=12/30.
2026-08-23 00:24:46,571 - Model-rank0 - INFO - Saved recoverable checkpoint at /home/devbox/project/model/sjy/CSIG2026/Deeppro_v2/DeepPro-main/log/sem_seg/2026-08-22/SatVideoIRSDT_v1__2026-08-22_08-27-32__F1OHEM-brtd3_raw_apmd_hybrid_rms_motion_detrend_multiscale_contrast_pretrained_seed47_E100/checkpoints/latest_model.pth
2026-08-23 00:24:46,572 - Model-rank0 - INFO - Best mIoU_mid: 0.357959
2026-08-23 00:24:46,688 - Model-rank0 - INFO - CUDA memory after evaluation cleanup: allocated=0.017 GiB, reserved=0.449 GiB
2026-08-23 00:24:46,688 - Model-rank0 - INFO - **** Epoch 60/100 ****
2026-08-23 00:24:46,688 - Model-rank0 - INFO - Learning rate:0.000168
2026-08-23 00:33:52,457 - Model-rank0 - INFO - CUDA memory after training cleanup: allocated=0.017 GiB, reserved=0.451 GiB
2026-08-23 00:33:52,457 - Model-rank0 - INFO - Training mean loss: 0.314970
2026-08-23 00:33:52,457 - Model-rank0 - INFO - Training accuracy (IoU) of prediction: 0.612520
2026-08-23 00:33:52,457 - Model-rank0 - INFO - Training pixel precision: 0.828614
2026-08-23 00:33:52,457 - Model-rank0 - INFO - Training pixel recall: 0.701378
2026-08-23 00:33:52,457 - Model-rank0 - INFO - Training pixel F1: 0.759706
2026-08-23 00:33:52,457 - Model-rank0 - INFO - Training loss component tversky: 0.198139
2026-08-23 00:33:52,457 - Model-rank0 - INFO - Training loss component dice: 0.218898
2026-08-23 00:33:52,457 - Model-rank0 - INFO - Training loss component hard_margin: 0.839973
2026-08-23 00:33:52,457 - Model-rank0 - INFO - Training loss component hard_weight: 0.100000
2026-08-23 00:33:52,457 - Model-rank0 - INFO - ---- EPOCH 060 EVALUATION ----
2026-08-23 00:39:15,193 - Model-rank0 - INFO - Eval mean loss: 0.740527
2026-08-23 00:39:15,194 - Model-rank0 - INFO - Eval avg class IoU of prediction: 0.348651
2026-08-23 00:39:15,194 - Model-rank0 - INFO - Eval pixel precision: 0.778389
2026-08-23 00:39:15,194 - Model-rank0 - INFO - Eval pixel recall: 0.387072
2026-08-23 00:39:15,194 - Model-rank0 - INFO - Eval pixel F1: 0.517036
2026-08-23 00:39:15,194 - Model-rank0 - INFO - Early stopping eval_f1=0.517036; best=0.527202 at epoch 47; bad_epochs=13/30.
2026-08-23 00:39:15,220 - Model-rank0 - INFO - Saved recoverable checkpoint at /home/devbox/project/model/sjy/CSIG2026/Deeppro_v2/DeepPro-main/log/sem_seg/2026-08-22/SatVideoIRSDT_v1__2026-08-22_08-27-32__F1OHEM-brtd3_raw_apmd_hybrid_rms_motion_detrend_multiscale_contrast_pretrained_seed47_E100/checkpoints/latest_model.pth
2026-08-23 00:39:15,240 - Model-rank0 - INFO - Saved epoch checkpoint at /home/devbox/project/model/sjy/CSIG2026/Deeppro_v2/DeepPro-main/log/sem_seg/2026-08-22/SatVideoIRSDT_v1__2026-08-22_08-27-32__F1OHEM-brtd3_raw_apmd_hybrid_rms_motion_detrend_multiscale_contrast_pretrained_seed47_E100/checkpoints/epoch_60_model.pth
2026-08-23 00:39:15,240 - Model-rank0 - INFO - Best mIoU_mid: 0.357959
2026-08-23 00:39:15,359 - Model-rank0 - INFO - CUDA memory after evaluation cleanup: allocated=0.017 GiB, reserved=0.447 GiB
2026-08-23 00:39:15,359 - Model-rank0 - INFO - **** Epoch 61/100 ****
2026-08-23 00:39:15,359 - Model-rank0 - INFO - Learning rate:0.000118
2026-08-23 00:48:02,078 - Model-rank0 - INFO - CUDA memory after training cleanup: allocated=0.017 GiB, reserved=0.451 GiB
2026-08-23 00:48:02,079 - Model-rank0 - INFO - Training mean loss: 0.312569
2026-08-23 00:48:02,079 - Model-rank0 - INFO - Training accuracy (IoU) of prediction: 0.620492
2026-08-23 00:48:02,079 - Model-rank0 - INFO - Training pixel precision: 0.831094
2026-08-23 00:48:02,079 - Model-rank0 - INFO - Training pixel recall: 0.710030
2026-08-23 00:48:02,079 - Model-rank0 - INFO - Training pixel F1: 0.765807
2026-08-23 00:48:02,079 - Model-rank0 - INFO - Training loss component tversky: 0.198411
2026-08-23 00:48:02,079 - Model-rank0 - INFO - Training loss component dice: 0.218731
2026-08-23 00:48:02,079 - Model-rank0 - INFO - Training loss component hard_margin: 0.813481
2026-08-23 00:48:02,079 - Model-rank0 - INFO - Training loss component hard_weight: 0.100000
2026-08-23 00:48:02,079 - Model-rank0 - INFO - ---- EPOCH 061 EVALUATION ----
2026-08-23 00:53:20,286 - Model-rank0 - INFO - Eval mean loss: 0.751584
2026-08-23 00:53:20,286 - Model-rank0 - INFO - Eval avg class IoU of prediction: 0.346009
2026-08-23 00:53:20,287 - Model-rank0 - INFO - Eval pixel precision: 0.763648
2026-08-23 00:53:20,287 - Model-rank0 - INFO - Eval pixel recall: 0.387508
2026-08-23 00:53:20,287 - Model-rank0 - INFO - Eval pixel F1: 0.514126
2026-08-23 00:53:20,287 - Model-rank0 - INFO - Early stopping eval_f1=0.514126; best=0.527202 at epoch 47; bad_epochs=14/30.
2026-08-23 00:53:20,311 - Model-rank0 - INFO - Saved recoverable checkpoint at /home/devbox/project/model/sjy/CSIG2026/Deeppro_v2/DeepPro-main/log/sem_seg/2026-08-22/SatVideoIRSDT_v1__2026-08-22_08-27-32__F1OHEM-brtd3_raw_apmd_hybrid_rms_motion_detrend_multiscale_contrast_pretrained_seed47_E100/checkpoints/latest_model.pth
2026-08-23 00:53:20,311 - Model-rank0 - INFO - Best mIoU_mid: 0.357959
2026-08-23 00:53:20,420 - Model-rank0 - INFO - CUDA memory after evaluation cleanup: allocated=0.017 GiB, reserved=0.449 GiB
2026-08-23 00:53:20,420 - Model-rank0 - INFO - **** Epoch 62/100 ****
2026-08-23 00:53:20,420 - Model-rank0 - INFO - Learning rate:0.000118
2026-08-23 01:02:20,834 - Model-rank0 - INFO - CUDA memory after training cleanup: allocated=0.017 GiB, reserved=0.451 GiB
2026-08-23 01:02:20,834 - Model-rank0 - INFO - Training mean loss: 0.299878
2026-08-23 01:02:20,834 - Model-rank0 - INFO - Training accuracy (IoU) of prediction: 0.630106
2026-08-23 01:02:20,834 - Model-rank0 - INFO - Training pixel precision: 0.834401
2026-08-23 01:02:20,834 - Model-rank0 - INFO - Training pixel recall: 0.720166
2026-08-23 01:02:20,834 - Model-rank0 - INFO - Training pixel F1: 0.773086
2026-08-23 01:02:20,834 - Model-rank0 - INFO - Training loss component tversky: 0.191774
2026-08-23 01:02:20,834 - Model-rank0 - INFO - Training loss component dice: 0.210809
2026-08-23 01:02:20,834 - Model-rank0 - INFO - Training loss component hard_margin: 0.764825
2026-08-23 01:02:20,834 - Model-rank0 - INFO - Training loss component hard_weight: 0.100000
2026-08-23 01:02:20,835 - Model-rank0 - INFO - ---- EPOCH 062 EVALUATION ----
2026-08-23 01:07:39,626 - Model-rank0 - INFO - Eval mean loss: 0.753242
2026-08-23 01:07:39,627 - Model-rank0 - INFO - Eval avg class IoU of prediction: 0.349545
2026-08-23 01:07:39,627 - Model-rank0 - INFO - Eval pixel precision: 0.788335
2026-08-23 01:07:39,627 - Model-rank0 - INFO - Eval pixel recall: 0.385747
2026-08-23 01:07:39,627 - Model-rank0 - INFO - Eval pixel F1: 0.518018
2026-08-23 01:07:39,627 - Model-rank0 - INFO - Early stopping eval_f1=0.518018; best=0.527202 at epoch 47; bad_epochs=15/30.
2026-08-23 01:07:39,654 - Model-rank0 - INFO - Saved recoverable checkpoint at /home/devbox/project/model/sjy/CSIG2026/Deeppro_v2/DeepPro-main/log/sem_seg/2026-08-22/SatVideoIRSDT_v1__2026-08-22_08-27-32__F1OHEM-brtd3_raw_apmd_hybrid_rms_motion_detrend_multiscale_contrast_pretrained_seed47_E100/checkpoints/latest_model.pth
2026-08-23 01:07:39,654 - Model-rank0 - INFO - Best mIoU_mid: 0.357959
2026-08-23 01:07:39,835 - Model-rank0 - INFO - CUDA memory after evaluation cleanup: allocated=0.017 GiB, reserved=0.449 GiB
2026-08-23 01:07:39,835 - Model-rank0 - INFO - **** Epoch 63/100 ****
2026-08-23 01:07:39,835 - Model-rank0 - INFO - Learning rate:0.000118
2026-08-23 01:16:11,627 - Model-rank0 - INFO - CUDA memory after training cleanup: allocated=0.017 GiB, reserved=0.451 GiB
2026-08-23 01:16:11,628 - Model-rank0 - INFO - Training mean loss: 0.309915
2026-08-23 01:16:11,628 - Model-rank0 - INFO - Training accuracy (IoU) of prediction: 0.616681
2026-08-23 01:16:11,628 - Model-rank0 - INFO - Training pixel precision: 0.831192
2026-08-23 01:16:11,628 - Model-rank0 - INFO - Training pixel recall: 0.704974
2026-08-23 01:16:11,628 - Model-rank0 - INFO - Training pixel F1: 0.762898
2026-08-23 01:16:11,628 - Model-rank0 - INFO - Training loss component tversky: 0.195752
2026-08-23 01:16:11,628 - Model-rank0 - INFO - Training loss component dice: 0.215816
2026-08-23 01:16:11,628 - Model-rank0 - INFO - Training loss component hard_margin: 0.817900
2026-08-23 01:16:11,628 - Model-rank0 - INFO - Training loss component hard_weight: 0.100000
2026-08-23 01:16:11,628 - Model-rank0 - INFO - ---- EPOCH 063 EVALUATION ----
2026-08-23 01:21:31,374 - Model-rank0 - INFO - Eval mean loss: 0.745603
2026-08-23 01:21:31,375 - Model-rank0 - INFO - Eval avg class IoU of prediction: 0.349095
2026-08-23 01:21:31,375 - Model-rank0 - INFO - Eval pixel precision: 0.796209
2026-08-23 01:21:31,375 - Model-rank0 - INFO - Eval pixel recall: 0.383348
2026-08-23 01:21:31,375 - Model-rank0 - INFO - Eval pixel F1: 0.517525
2026-08-23 01:21:31,375 - Model-rank0 - INFO - Early stopping eval_f1=0.517525; best=0.527202 at epoch 47; bad_epochs=16/30.
2026-08-23 01:21:31,404 - Model-rank0 - INFO - Saved recoverable checkpoint at /home/devbox/project/model/sjy/CSIG2026/Deeppro_v2/DeepPro-main/log/sem_seg/2026-08-22/SatVideoIRSDT_v1__2026-08-22_08-27-32__F1OHEM-brtd3_raw_apmd_hybrid_rms_motion_detrend_multiscale_contrast_pretrained_seed47_E100/checkpoints/latest_model.pth
2026-08-23 01:21:31,404 - Model-rank0 - INFO - Best mIoU_mid: 0.357959
2026-08-23 01:21:31,551 - Model-rank0 - INFO - CUDA memory after evaluation cleanup: allocated=0.017 GiB, reserved=0.447 GiB
2026-08-23 01:21:31,551 - Model-rank0 - INFO - **** Epoch 64/100 ****
2026-08-23 01:21:31,551 - Model-rank0 - INFO - Learning rate:0.000118
2026-08-23 01:30:18,091 - Model-rank0 - INFO - CUDA memory after training cleanup: allocated=0.017 GiB, reserved=0.449 GiB
2026-08-23 01:30:18,092 - Model-rank0 - INFO - Training mean loss: 0.300779
2026-08-23 01:30:18,092 - Model-rank0 - INFO - Training accuracy (IoU) of prediction: 0.624989
2026-08-23 01:30:18,092 - Model-rank0 - INFO - Training pixel precision: 0.836030
2026-08-23 01:30:18,092 - Model-rank0 - INFO - Training pixel recall: 0.712302
2026-08-23 01:30:18,092 - Model-rank0 - INFO - Training pixel F1: 0.769223
2026-08-23 01:30:18,092 - Model-rank0 - INFO - Training loss component tversky: 0.191272
2026-08-23 01:30:18,092 - Model-rank0 - INFO - Training loss component dice: 0.209912
2026-08-23 01:30:18,092 - Model-rank0 - INFO - Training loss component hard_margin: 0.780206
2026-08-23 01:30:18,092 - Model-rank0 - INFO - Training loss component hard_weight: 0.100000
2026-08-23 01:30:18,092 - Model-rank0 - INFO - ---- EPOCH 064 EVALUATION ----
2026-08-23 01:35:36,575 - Model-rank0 - INFO - Eval mean loss: 0.752304
2026-08-23 01:35:36,575 - Model-rank0 - INFO - Eval avg class IoU of prediction: 0.352348
2026-08-23 01:35:36,575 - Model-rank0 - INFO - Eval pixel precision: 0.797338
2026-08-23 01:35:36,575 - Model-rank0 - INFO - Eval pixel recall: 0.387007
2026-08-23 01:35:36,575 - Model-rank0 - INFO - Eval pixel F1: 0.521090
2026-08-23 01:35:36,575 - Model-rank0 - INFO - Early stopping eval_f1=0.521090; best=0.527202 at epoch 47; bad_epochs=17/30.
2026-08-23 01:35:36,604 - Model-rank0 - INFO - Saved recoverable checkpoint at /home/devbox/project/model/sjy/CSIG2026/Deeppro_v2/DeepPro-main/log/sem_seg/2026-08-22/SatVideoIRSDT_v1__2026-08-22_08-27-32__F1OHEM-brtd3_raw_apmd_hybrid_rms_motion_detrend_multiscale_contrast_pretrained_seed47_E100/checkpoints/latest_model.pth
2026-08-23 01:35:36,604 - Model-rank0 - INFO - Best mIoU_mid: 0.357959
2026-08-23 01:35:36,732 - Model-rank0 - INFO - CUDA memory after evaluation cleanup: allocated=0.017 GiB, reserved=0.447 GiB
2026-08-23 01:35:36,732 - Model-rank0 - INFO - **** Epoch 65/100 ****
2026-08-23 01:35:36,732 - Model-rank0 - INFO - Learning rate:0.000118
2026-08-23 01:44:16,696 - Model-rank0 - INFO - CUDA memory after training cleanup: allocated=0.017 GiB, reserved=0.451 GiB
2026-08-23 01:44:16,696 - Model-rank0 - INFO - Training mean loss: 0.305265
2026-08-23 01:44:16,696 - Model-rank0 - INFO - Training accuracy (IoU) of prediction: 0.622320
2026-08-23 01:44:16,696 - Model-rank0 - INFO - Training pixel precision: 0.837883
2026-08-23 01:44:16,696 - Model-rank0 - INFO - Training pixel recall: 0.707510
2026-08-23 01:44:16,696 - Model-rank0 - INFO - Training pixel F1: 0.767197
2026-08-23 01:44:16,696 - Model-rank0 - INFO - Training loss component tversky: 0.192959
2026-08-23 01:44:16,696 - Model-rank0 - INFO - Training loss component dice: 0.212983
2026-08-23 01:44:16,696 - Model-rank0 - INFO - Training loss component hard_margin: 0.803588
2026-08-23 01:44:16,696 - Model-rank0 - INFO - Training loss component hard_weight: 0.100000
2026-08-23 01:44:16,696 - Model-rank0 - INFO - ---- EPOCH 065 EVALUATION ----
2026-08-23 01:49:33,038 - Model-rank0 - INFO - Eval mean loss: 0.740342
2026-08-23 01:49:33,039 - Model-rank0 - INFO - Eval avg class IoU of prediction: 0.351115
2026-08-23 01:49:33,039 - Model-rank0 - INFO - Eval pixel precision: 0.770962
2026-08-23 01:49:33,039 - Model-rank0 - INFO - Eval pixel recall: 0.392004
2026-08-23 01:49:33,039 - Model-rank0 - INFO - Eval pixel F1: 0.519741
2026-08-23 01:49:33,039 - Model-rank0 - INFO - Early stopping eval_f1=0.519741; best=0.527202 at epoch 47; bad_epochs=18/30.
2026-08-23 01:49:33,070 - Model-rank0 - INFO - Saved recoverable checkpoint at /home/devbox/project/model/sjy/CSIG2026/Deeppro_v2/DeepPro-main/log/sem_seg/2026-08-22/SatVideoIRSDT_v1__2026-08-22_08-27-32__F1OHEM-brtd3_raw_apmd_hybrid_rms_motion_detrend_multiscale_contrast_pretrained_seed47_E100/checkpoints/latest_model.pth
2026-08-23 01:49:33,090 - Model-rank0 - INFO - Saved epoch checkpoint at /home/devbox/project/model/sjy/CSIG2026/Deeppro_v2/DeepPro-main/log/sem_seg/2026-08-22/SatVideoIRSDT_v1__2026-08-22_08-27-32__F1OHEM-brtd3_raw_apmd_hybrid_rms_motion_detrend_multiscale_contrast_pretrained_seed47_E100/checkpoints/epoch_65_model.pth
2026-08-23 01:49:33,090 - Model-rank0 - INFO - Best mIoU_mid: 0.357959
2026-08-23 01:49:33,200 - Model-rank0 - INFO - CUDA memory after evaluation cleanup: allocated=0.017 GiB, reserved=0.447 GiB
2026-08-23 01:49:33,200 - Model-rank0 - INFO - **** Epoch 66/100 ****
2026-08-23 01:49:33,200 - Model-rank0 - INFO - Learning rate:0.000118
2026-08-23 01:58:14,725 - Model-rank0 - INFO - CUDA memory after training cleanup: allocated=0.017 GiB, reserved=0.449 GiB
2026-08-23 01:58:14,725 - Model-rank0 - INFO - Training mean loss: 0.305826
2026-08-23 01:58:14,725 - Model-rank0 - INFO - Training accuracy (IoU) of prediction: 0.622668
2026-08-23 01:58:14,725 - Model-rank0 - INFO - Training pixel precision: 0.833784
2026-08-23 01:58:14,725 - Model-rank0 - INFO - Training pixel recall: 0.710913
2026-08-23 01:58:14,725 - Model-rank0 - INFO - Training pixel F1: 0.767462
2026-08-23 01:58:14,725 - Model-rank0 - INFO - Training loss component tversky: 0.194453
2026-08-23 01:58:14,726 - Model-rank0 - INFO - Training loss component dice: 0.214580
2026-08-23 01:58:14,726 - Model-rank0 - INFO - Training loss component hard_margin: 0.791865
2026-08-23 01:58:14,726 - Model-rank0 - INFO - Training loss component hard_weight: 0.100000
2026-08-23 01:58:14,726 - Model-rank0 - INFO - ---- EPOCH 066 EVALUATION ----
2026-08-23 02:03:34,254 - Model-rank0 - INFO - Eval mean loss: 0.737688
2026-08-23 02:03:34,255 - Model-rank0 - INFO - Eval avg class IoU of prediction: 0.352311
2026-08-23 02:03:34,255 - Model-rank0 - INFO - Eval pixel precision: 0.793622
2026-08-23 02:03:34,255 - Model-rank0 - INFO - Eval pixel recall: 0.387845
2026-08-23 02:03:34,255 - Model-rank0 - INFO - Eval pixel F1: 0.521051
2026-08-23 02:03:34,255 - Model-rank0 - INFO - Early stopping eval_f1=0.521051; best=0.527202 at epoch 47; bad_epochs=19/30.
2026-08-23 02:03:34,286 - Model-rank0 - INFO - Saved recoverable checkpoint at /home/devbox/project/model/sjy/CSIG2026/Deeppro_v2/DeepPro-main/log/sem_seg/2026-08-22/SatVideoIRSDT_v1__2026-08-22_08-27-32__F1OHEM-brtd3_raw_apmd_hybrid_rms_motion_detrend_multiscale_contrast_pretrained_seed47_E100/checkpoints/latest_model.pth
2026-08-23 02:03:34,287 - Model-rank0 - INFO - Best mIoU_mid: 0.357959
2026-08-23 02:03:34,473 - Model-rank0 - INFO - CUDA memory after evaluation cleanup: allocated=0.017 GiB, reserved=0.447 GiB
2026-08-23 02:03:34,473 - Model-rank0 - INFO - **** Epoch 67/100 ****
2026-08-23 02:03:34,473 - Model-rank0 - INFO - Learning rate:0.000118
2026-08-23 02:12:06,674 - Model-rank0 - INFO - CUDA memory after training cleanup: allocated=0.017 GiB, reserved=0.449 GiB
2026-08-23 02:12:06,675 - Model-rank0 - INFO - Training mean loss: 0.300730
2026-08-23 02:12:06,675 - Model-rank0 - INFO - Training accuracy (IoU) of prediction: 0.633106
2026-08-23 02:12:06,675 - Model-rank0 - INFO - Training pixel precision: 0.841171
2026-08-23 02:12:06,675 - Model-rank0 - INFO - Training pixel recall: 0.719065
2026-08-23 02:12:06,675 - Model-rank0 - INFO - Training pixel F1: 0.775340
2026-08-23 02:12:06,675 - Model-rank0 - INFO - Training loss component tversky: 0.190531
2026-08-23 02:12:06,675 - Model-rank0 - INFO - Training loss component dice: 0.210079
2026-08-23 02:12:06,675 - Model-rank0 - INFO - Training loss component hard_margin: 0.786871
2026-08-23 02:12:06,675 - Model-rank0 - INFO - Training loss component hard_weight: 0.100000
2026-08-23 02:12:06,675 - Model-rank0 - INFO - ---- EPOCH 067 EVALUATION ----
2026-08-23 02:17:25,850 - Model-rank0 - INFO - Eval mean loss: 0.742812
2026-08-23 02:17:25,850 - Model-rank0 - INFO - Eval avg class IoU of prediction: 0.351049
2026-08-23 02:17:25,850 - Model-rank0 - INFO - Eval pixel precision: 0.787778
2026-08-23 02:17:25,850 - Model-rank0 - INFO - Eval pixel recall: 0.387715
2026-08-23 02:17:25,850 - Model-rank0 - INFO - Eval pixel F1: 0.519669
2026-08-23 02:17:25,850 - Model-rank0 - INFO - Early stopping eval_f1=0.519669; best=0.527202 at epoch 47; bad_epochs=20/30.
2026-08-23 02:17:25,877 - Model-rank0 - INFO - Saved recoverable checkpoint at /home/devbox/project/model/sjy/CSIG2026/Deeppro_v2/DeepPro-main/log/sem_seg/2026-08-22/SatVideoIRSDT_v1__2026-08-22_08-27-32__F1OHEM-brtd3_raw_apmd_hybrid_rms_motion_detrend_multiscale_contrast_pretrained_seed47_E100/checkpoints/latest_model.pth
2026-08-23 02:17:25,877 - Model-rank0 - INFO - Best mIoU_mid: 0.357959
2026-08-23 02:17:26,005 - Model-rank0 - INFO - CUDA memory after evaluation cleanup: allocated=0.017 GiB, reserved=0.447 GiB
2026-08-23 02:17:26,006 - Model-rank0 - INFO - **** Epoch 68/100 ****
2026-08-23 02:17:26,006 - Model-rank0 - INFO - Learning rate:0.000118
2026-08-23 02:25:51,844 - Model-rank0 - INFO - CUDA memory after training cleanup: allocated=0.017 GiB, reserved=0.451 GiB
2026-08-23 02:25:51,844 - Model-rank0 - INFO - Training mean loss: 0.307008
2026-08-23 02:25:51,844 - Model-rank0 - INFO - Training accuracy (IoU) of prediction: 0.637631
2026-08-23 02:25:51,844 - Model-rank0 - INFO - Training pixel precision: 0.839278
2026-08-23 02:25:51,844 - Model-rank0 - INFO - Training pixel recall: 0.726320
2026-08-23 02:25:51,844 - Model-rank0 - INFO - Training pixel F1: 0.778724
2026-08-23 02:25:51,844 - Model-rank0 - INFO - Training loss component tversky: 0.193819
2026-08-23 02:25:51,844 - Model-rank0 - INFO - Training loss component dice: 0.213978
2026-08-23 02:25:51,844 - Model-rank0 - INFO - Training loss component hard_margin: 0.810927
2026-08-23 02:25:51,844 - Model-rank0 - INFO - Training loss component hard_weight: 0.100000
2026-08-23 02:25:51,844 - Model-rank0 - INFO - ---- EPOCH 068 EVALUATION ----
2026-08-23 02:31:11,539 - Model-rank0 - INFO - Eval mean loss: 0.747176
2026-08-23 02:31:11,539 - Model-rank0 - INFO - Eval avg class IoU of prediction: 0.345255
2026-08-23 02:31:11,539 - Model-rank0 - INFO - Eval pixel precision: 0.801754
2026-08-23 02:31:11,539 - Model-rank0 - INFO - Eval pixel recall: 0.377480
2026-08-23 02:31:11,539 - Model-rank0 - INFO - Eval pixel F1: 0.513293
2026-08-23 02:31:11,540 - Model-rank0 - INFO - Early stopping eval_f1=0.513293; best=0.527202 at epoch 47; bad_epochs=21/30.
2026-08-23 02:31:11,569 - Model-rank0 - INFO - Saved recoverable checkpoint at /home/devbox/project/model/sjy/CSIG2026/Deeppro_v2/DeepPro-main/log/sem_seg/2026-08-22/SatVideoIRSDT_v1__2026-08-22_08-27-32__F1OHEM-brtd3_raw_apmd_hybrid_rms_motion_detrend_multiscale_contrast_pretrained_seed47_E100/checkpoints/latest_model.pth
2026-08-23 02:31:11,569 - Model-rank0 - INFO - Best mIoU_mid: 0.357959
2026-08-23 02:31:11,724 - Model-rank0 - INFO - CUDA memory after evaluation cleanup: allocated=0.017 GiB, reserved=0.447 GiB
2026-08-23 02:31:11,725 - Model-rank0 - INFO - **** Epoch 69/100 ****
2026-08-23 02:31:11,725 - Model-rank0 - INFO - Learning rate:0.000118
2026-08-23 02:39:46,573 - Model-rank0 - INFO - CUDA memory after training cleanup: allocated=0.017 GiB, reserved=0.451 GiB
2026-08-23 02:39:46,573 - Model-rank0 - INFO - Training mean loss: 0.297060
2026-08-23 02:39:46,573 - Model-rank0 - INFO - Training accuracy (IoU) of prediction: 0.638741
2026-08-23 02:39:46,573 - Model-rank0 - INFO - Training pixel precision: 0.843002
2026-08-23 02:39:46,573 - Model-rank0 - INFO - Training pixel recall: 0.724983
2026-08-23 02:39:46,573 - Model-rank0 - INFO - Training pixel F1: 0.779551
2026-08-23 02:39:46,573 - Model-rank0 - INFO - Training loss component tversky: 0.186715
2026-08-23 02:39:46,573 - Model-rank0 - INFO - Training loss component dice: 0.206073
2026-08-23 02:39:46,573 - Model-rank0 - INFO - Training loss component hard_margin: 0.794346
2026-08-23 02:39:46,573 - Model-rank0 - INFO - Training loss component hard_weight: 0.100000
2026-08-23 02:39:46,573 - Model-rank0 - INFO - ---- EPOCH 069 EVALUATION ----
2026-08-23 02:45:04,688 - Model-rank0 - INFO - Eval mean loss: 0.747689
2026-08-23 02:45:04,688 - Model-rank0 - INFO - Eval avg class IoU of prediction: 0.350809
2026-08-23 02:45:04,688 - Model-rank0 - INFO - Eval pixel precision: 0.793278
2026-08-23 02:45:04,688 - Model-rank0 - INFO - Eval pixel recall: 0.386107
2026-08-23 02:45:04,688 - Model-rank0 - INFO - Eval pixel F1: 0.519406
2026-08-23 02:45:04,688 - Model-rank0 - INFO - Early stopping eval_f1=0.519406; best=0.527202 at epoch 47; bad_epochs=22/30.
2026-08-23 02:45:04,717 - Model-rank0 - INFO - Saved recoverable checkpoint at /home/devbox/project/model/sjy/CSIG2026/Deeppro_v2/DeepPro-main/log/sem_seg/2026-08-22/SatVideoIRSDT_v1__2026-08-22_08-27-32__F1OHEM-brtd3_raw_apmd_hybrid_rms_motion_detrend_multiscale_contrast_pretrained_seed47_E100/checkpoints/latest_model.pth
2026-08-23 02:45:04,717 - Model-rank0 - INFO - Best mIoU_mid: 0.357959
2026-08-23 02:45:04,904 - Model-rank0 - INFO - CUDA memory after evaluation cleanup: allocated=0.017 GiB, reserved=0.447 GiB
2026-08-23 02:45:04,904 - Model-rank0 - INFO - **** Epoch 70/100 ****
2026-08-23 02:45:04,904 - Model-rank0 - INFO - Learning rate:0.000118
2026-08-23 02:53:12,637 - Model-rank0 - INFO - CUDA memory after training cleanup: allocated=0.017 GiB, reserved=0.453 GiB
2026-08-23 02:53:12,637 - Model-rank0 - INFO - Training mean loss: 0.305898
2026-08-23 02:53:12,637 - Model-rank0 - INFO - Training accuracy (IoU) of prediction: 0.622299
2026-08-23 02:53:12,638 - Model-rank0 - INFO - Training pixel precision: 0.837502
2026-08-23 02:53:12,638 - Model-rank0 - INFO - Training pixel recall: 0.707756
2026-08-23 02:53:12,638 - Model-rank0 - INFO - Training pixel F1: 0.767182
2026-08-23 02:53:12,638 - Model-rank0 - INFO - Training loss component tversky: 0.193589
2026-08-23 02:53:12,638 - Model-rank0 - INFO - Training loss component dice: 0.214032
2026-08-23 02:53:12,638 - Model-rank0 - INFO - Training loss component hard_margin: 0.802040
2026-08-23 02:53:12,638 - Model-rank0 - INFO - Training loss component hard_weight: 0.100000
2026-08-23 02:53:12,638 - Model-rank0 - INFO - ---- EPOCH 070 EVALUATION ----
2026-08-23 02:58:36,715 - Model-rank0 - INFO - Eval mean loss: 0.748508
2026-08-23 02:58:36,715 - Model-rank0 - INFO - Eval avg class IoU of prediction: 0.351920
2026-08-23 02:58:36,715 - Model-rank0 - INFO - Eval pixel precision: 0.801377
2026-08-23 02:58:36,715 - Model-rank0 - INFO - Eval pixel recall: 0.385550
2026-08-23 02:58:36,715 - Model-rank0 - INFO - Eval pixel F1: 0.520623
2026-08-23 02:58:36,716 - Model-rank0 - INFO - Early stopping eval_f1=0.520623; best=0.527202 at epoch 47; bad_epochs=23/30.
2026-08-23 02:58:36,747 - Model-rank0 - INFO - Saved recoverable checkpoint at /home/devbox/project/model/sjy/CSIG2026/Deeppro_v2/DeepPro-main/log/sem_seg/2026-08-22/SatVideoIRSDT_v1__2026-08-22_08-27-32__F1OHEM-brtd3_raw_apmd_hybrid_rms_motion_detrend_multiscale_contrast_pretrained_seed47_E100/checkpoints/latest_model.pth
2026-08-23 02:58:36,770 - Model-rank0 - INFO - Saved epoch checkpoint at /home/devbox/project/model/sjy/CSIG2026/Deeppro_v2/DeepPro-main/log/sem_seg/2026-08-22/SatVideoIRSDT_v1__2026-08-22_08-27-32__F1OHEM-brtd3_raw_apmd_hybrid_rms_motion_detrend_multiscale_contrast_pretrained_seed47_E100/checkpoints/epoch_70_model.pth
2026-08-23 02:58:36,770 - Model-rank0 - INFO - Best mIoU_mid: 0.357959
2026-08-23 02:58:36,880 - Model-rank0 - INFO - CUDA memory after evaluation cleanup: allocated=0.017 GiB, reserved=0.451 GiB
2026-08-23 02:58:36,880 - Model-rank0 - INFO - **** Epoch 71/100 ****
2026-08-23 02:58:36,880 - Model-rank0 - INFO - Learning rate:0.000082
2026-08-23 03:07:45,177 - Model-rank0 - INFO - CUDA memory after training cleanup: allocated=0.017 GiB, reserved=0.453 GiB
2026-08-23 03:07:45,178 - Model-rank0 - INFO - Training mean loss: 0.298954
2026-08-23 03:07:45,178 - Model-rank0 - INFO - Training accuracy (IoU) of prediction: 0.632551
2026-08-23 03:07:45,178 - Model-rank0 - INFO - Training pixel precision: 0.836345
2026-08-23 03:07:45,178 - Model-rank0 - INFO - Training pixel recall: 0.721906
2026-08-23 03:07:45,178 - Model-rank0 - INFO - Training pixel F1: 0.774924
2026-08-23 03:07:45,178 - Model-rank0 - INFO - Training loss component tversky: 0.190018
2026-08-23 03:07:45,178 - Model-rank0 - INFO - Training loss component dice: 0.209504
2026-08-23 03:07:45,178 - Model-rank0 - INFO - Training loss component hard_margin: 0.775112
2026-08-23 03:07:45,178 - Model-rank0 - INFO - Training loss component hard_weight: 0.100000
2026-08-23 03:07:45,178 - Model-rank0 - INFO - ---- EPOCH 071 EVALUATION ----
2026-08-23 03:13:04,208 - Model-rank0 - INFO - Eval mean loss: 0.753495
2026-08-23 03:13:04,208 - Model-rank0 - INFO - Eval avg class IoU of prediction: 0.348063
2026-08-23 03:13:04,208 - Model-rank0 - INFO - Eval pixel precision: 0.799306
2026-08-23 03:13:04,208 - Model-rank0 - INFO - Eval pixel recall: 0.381394
2026-08-23 03:13:04,208 - Model-rank0 - INFO - Eval pixel F1: 0.516389
2026-08-23 03:13:04,208 - Model-rank0 - INFO - Early stopping eval_f1=0.516389; best=0.527202 at epoch 47; bad_epochs=24/30.
2026-08-23 03:13:04,234 - Model-rank0 - INFO - Saved recoverable checkpoint at /home/devbox/project/model/sjy/CSIG2026/Deeppro_v2/DeepPro-main/log/sem_seg/2026-08-22/SatVideoIRSDT_v1__2026-08-22_08-27-32__F1OHEM-brtd3_raw_apmd_hybrid_rms_motion_detrend_multiscale_contrast_pretrained_seed47_E100/checkpoints/latest_model.pth
2026-08-23 03:13:04,235 - Model-rank0 - INFO - Best mIoU_mid: 0.357959
2026-08-23 03:13:04,412 - Model-rank0 - INFO - CUDA memory after evaluation cleanup: allocated=0.017 GiB, reserved=0.451 GiB
2026-08-23 03:13:04,412 - Model-rank0 - INFO - **** Epoch 72/100 ****
2026-08-23 03:13:04,412 - Model-rank0 - INFO - Learning rate:0.000082
2026-08-23 03:21:40,599 - Model-rank0 - INFO - CUDA memory after training cleanup: allocated=0.017 GiB, reserved=0.449 GiB
2026-08-23 03:21:40,599 - Model-rank0 - INFO - Training mean loss: 0.299969
2026-08-23 03:21:40,599 - Model-rank0 - INFO - Training accuracy (IoU) of prediction: 0.638321
2026-08-23 03:21:40,599 - Model-rank0 - INFO - Training pixel precision: 0.838102
2026-08-23 03:21:40,599 - Model-rank0 - INFO - Training pixel recall: 0.728101
2026-08-23 03:21:40,599 - Model-rank0 - INFO - Training pixel F1: 0.779238
2026-08-23 03:21:40,599 - Model-rank0 - INFO - Training loss component tversky: 0.190258
2026-08-23 03:21:40,599 - Model-rank0 - INFO - Training loss component dice: 0.209282
2026-08-23 03:21:40,599 - Model-rank0 - INFO - Training loss component hard_margin: 0.783190
2026-08-23 03:21:40,599 - Model-rank0 - INFO - Training loss component hard_weight: 0.100000
2026-08-23 03:21:40,599 - Model-rank0 - INFO - ---- EPOCH 072 EVALUATION ----
2026-08-23 03:27:00,381 - Model-rank0 - INFO - Eval mean loss: 0.754599
2026-08-23 03:27:00,381 - Model-rank0 - INFO - Eval avg class IoU of prediction: 0.357002
2026-08-23 03:27:00,381 - Model-rank0 - INFO - Eval pixel precision: 0.786029
2026-08-23 03:27:00,381 - Model-rank0 - INFO - Eval pixel recall: 0.395431
2026-08-23 03:27:00,381 - Model-rank0 - INFO - Eval pixel F1: 0.526163
2026-08-23 03:27:00,381 - Model-rank0 - INFO - Early stopping eval_f1=0.526163; best=0.527202 at epoch 47; bad_epochs=25/30.
2026-08-23 03:27:00,407 - Model-rank0 - INFO - Saved recoverable checkpoint at /home/devbox/project/model/sjy/CSIG2026/Deeppro_v2/DeepPro-main/log/sem_seg/2026-08-22/SatVideoIRSDT_v1__2026-08-22_08-27-32__F1OHEM-brtd3_raw_apmd_hybrid_rms_motion_detrend_multiscale_contrast_pretrained_seed47_E100/checkpoints/latest_model.pth
2026-08-23 03:27:00,408 - Model-rank0 - INFO - Best mIoU_mid: 0.357959
2026-08-23 03:27:00,524 - Model-rank0 - INFO - CUDA memory after evaluation cleanup: allocated=0.017 GiB, reserved=0.447 GiB
2026-08-23 03:27:00,524 - Model-rank0 - INFO - **** Epoch 73/100 ****
2026-08-23 03:27:00,524 - Model-rank0 - INFO - Learning rate:0.000082
2026-08-23 03:35:38,569 - Model-rank0 - INFO - CUDA memory after training cleanup: allocated=0.017 GiB, reserved=0.449 GiB
2026-08-23 03:35:38,569 - Model-rank0 - INFO - Training mean loss: 0.294158
2026-08-23 03:35:38,569 - Model-rank0 - INFO - Training accuracy (IoU) of prediction: 0.633773
2026-08-23 03:35:38,569 - Model-rank0 - INFO - Training pixel precision: 0.835273
2026-08-23 03:35:38,569 - Model-rank0 - INFO - Training pixel recall: 0.724303
2026-08-23 03:35:38,569 - Model-rank0 - INFO - Training pixel F1: 0.775840
2026-08-23 03:35:38,570 - Model-rank0 - INFO - Training loss component tversky: 0.187315
2026-08-23 03:35:38,570 - Model-rank0 - INFO - Training loss component dice: 0.206411
2026-08-23 03:35:38,570 - Model-rank0 - INFO - Training loss component hard_margin: 0.758815
2026-08-23 03:35:38,570 - Model-rank0 - INFO - Training loss component hard_weight: 0.100000
2026-08-23 03:35:38,570 - Model-rank0 - INFO - ---- EPOCH 073 EVALUATION ----
2026-08-23 03:40:59,885 - Model-rank0 - INFO - Eval mean loss: 0.754387
2026-08-23 03:40:59,885 - Model-rank0 - INFO - Eval avg class IoU of prediction: 0.345833
2026-08-23 03:40:59,885 - Model-rank0 - INFO - Eval pixel precision: 0.811603
2026-08-23 03:40:59,885 - Model-rank0 - INFO - Eval pixel recall: 0.376019
2026-08-23 03:40:59,885 - Model-rank0 - INFO - Eval pixel F1: 0.513931
2026-08-23 03:40:59,885 - Model-rank0 - INFO - Early stopping eval_f1=0.513931; best=0.527202 at epoch 47; bad_epochs=26/30.
2026-08-23 03:40:59,913 - Model-rank0 - INFO - Saved recoverable checkpoint at /home/devbox/project/model/sjy/CSIG2026/Deeppro_v2/DeepPro-main/log/sem_seg/2026-08-22/SatVideoIRSDT_v1__2026-08-22_08-27-32__F1OHEM-brtd3_raw_apmd_hybrid_rms_motion_detrend_multiscale_contrast_pretrained_seed47_E100/checkpoints/latest_model.pth
2026-08-23 03:40:59,914 - Model-rank0 - INFO - Best mIoU_mid: 0.357959
2026-08-23 03:41:00,096 - Model-rank0 - INFO - CUDA memory after evaluation cleanup: allocated=0.017 GiB, reserved=0.449 GiB
2026-08-23 03:41:00,096 - Model-rank0 - INFO - **** Epoch 74/100 ****
2026-08-23 03:41:00,096 - Model-rank0 - INFO - Learning rate:0.000082
2026-08-23 03:49:32,742 - Model-rank0 - INFO - CUDA memory after training cleanup: allocated=0.017 GiB, reserved=0.451 GiB
2026-08-23 03:49:32,742 - Model-rank0 - INFO - Training mean loss: 0.300786
2026-08-23 03:49:32,742 - Model-rank0 - INFO - Training accuracy (IoU) of prediction: 0.630778
2026-08-23 03:49:32,743 - Model-rank0 - INFO - Training pixel precision: 0.834524
2026-08-23 03:49:32,743 - Model-rank0 - INFO - Training pixel recall: 0.720951
2026-08-23 03:49:32,743 - Model-rank0 - INFO - Training pixel F1: 0.773592
2026-08-23 03:49:32,743 - Model-rank0 - INFO - Training loss component tversky: 0.190062
2026-08-23 03:49:32,743 - Model-rank0 - INFO - Training loss component dice: 0.210269
2026-08-23 03:49:32,743 - Model-rank0 - INFO - Training loss component hard_margin: 0.791836
2026-08-23 03:49:32,743 - Model-rank0 - INFO - Training loss component hard_weight: 0.100000
2026-08-23 03:49:32,743 - Model-rank0 - INFO - ---- EPOCH 074 EVALUATION ----
2026-08-23 03:54:51,588 - Model-rank0 - INFO - Eval mean loss: 0.750269
2026-08-23 03:54:51,588 - Model-rank0 - INFO - Eval avg class IoU of prediction: 0.353190
2026-08-23 03:54:51,588 - Model-rank0 - INFO - Eval pixel precision: 0.797018
2026-08-23 03:54:51,588 - Model-rank0 - INFO - Eval pixel recall: 0.388100
2026-08-23 03:54:51,588 - Model-rank0 - INFO - Eval pixel F1: 0.522011
2026-08-23 03:54:51,588 - Model-rank0 - INFO - Early stopping eval_f1=0.522011; best=0.527202 at epoch 47; bad_epochs=27/30.
2026-08-23 03:54:51,617 - Model-rank0 - INFO - Saved recoverable checkpoint at /home/devbox/project/model/sjy/CSIG2026/Deeppro_v2/DeepPro-main/log/sem_seg/2026-08-22/SatVideoIRSDT_v1__2026-08-22_08-27-32__F1OHEM-brtd3_raw_apmd_hybrid_rms_motion_detrend_multiscale_contrast_pretrained_seed47_E100/checkpoints/latest_model.pth
2026-08-23 03:54:51,617 - Model-rank0 - INFO - Best mIoU_mid: 0.357959
2026-08-23 03:54:51,717 - Model-rank0 - INFO - CUDA memory after evaluation cleanup: allocated=0.017 GiB, reserved=0.447 GiB
2026-08-23 03:54:51,717 - Model-rank0 - INFO - **** Epoch 75/100 ****
2026-08-23 03:54:51,717 - Model-rank0 - INFO - Learning rate:0.000082
2026-08-23 04:03:04,756 - Model-rank0 - INFO - CUDA memory after training cleanup: allocated=0.017 GiB, reserved=0.451 GiB
2026-08-23 04:03:04,756 - Model-rank0 - INFO - Training mean loss: 0.298751
2026-08-23 04:03:04,756 - Model-rank0 - INFO - Training accuracy (IoU) of prediction: 0.634978
2026-08-23 04:03:04,756 - Model-rank0 - INFO - Training pixel precision: 0.839951
2026-08-23 04:03:04,756 - Model-rank0 - INFO - Training pixel recall: 0.722380
2026-08-23 04:03:04,756 - Model-rank0 - INFO - Training pixel F1: 0.776742
2026-08-23 04:03:04,756 - Model-rank0 - INFO - Training loss component tversky: 0.189062
2026-08-23 04:03:04,756 - Model-rank0 - INFO - Training loss component dice: 0.208644
2026-08-23 04:03:04,756 - Model-rank0 - INFO - Training loss component hard_margin: 0.783929
2026-08-23 04:03:04,756 - Model-rank0 - INFO - Training loss component hard_weight: 0.100000
2026-08-23 04:03:04,756 - Model-rank0 - INFO - ---- EPOCH 075 EVALUATION ----
2026-08-23 04:08:23,726 - Model-rank0 - INFO - Eval mean loss: 0.733707
2026-08-23 04:08:23,726 - Model-rank0 - INFO - Eval avg class IoU of prediction: 0.358828
2026-08-23 04:08:23,726 - Model-rank0 - INFO - Eval pixel precision: 0.782104
2026-08-23 04:08:23,726 - Model-rank0 - INFO - Eval pixel recall: 0.398685
2026-08-23 04:08:23,726 - Model-rank0 - INFO - Eval pixel F1: 0.528143
2026-08-23 04:08:23,727 - Model-rank0 - INFO - Early stopping eval_f1=0.528143; best=0.528143 at epoch 75; bad_epochs=0/30.
2026-08-23 04:08:23,765 - Model-rank0 - INFO - Saved recoverable checkpoint at /home/devbox/project/model/sjy/CSIG2026/Deeppro_v2/DeepPro-main/log/sem_seg/2026-08-22/SatVideoIRSDT_v1__2026-08-22_08-27-32__F1OHEM-brtd3_raw_apmd_hybrid_rms_motion_detrend_multiscale_contrast_pretrained_seed47_E100/checkpoints/latest_model.pth
2026-08-23 04:08:23,790 - Model-rank0 - INFO - Saved epoch checkpoint at /home/devbox/project/model/sjy/CSIG2026/Deeppro_v2/DeepPro-main/log/sem_seg/2026-08-22/SatVideoIRSDT_v1__2026-08-22_08-27-32__F1OHEM-brtd3_raw_apmd_hybrid_rms_motion_detrend_multiscale_contrast_pretrained_seed47_E100/checkpoints/epoch_75_model.pth
2026-08-23 04:08:23,812 - Model-rank0 - INFO - Saved best checkpoint at /home/devbox/project/model/sjy/CSIG2026/Deeppro_v2/DeepPro-main/log/sem_seg/2026-08-22/SatVideoIRSDT_v1__2026-08-22_08-27-32__F1OHEM-brtd3_raw_apmd_hybrid_rms_motion_detrend_multiscale_contrast_pretrained_seed47_E100/checkpoints/best_model.pth
2026-08-23 04:08:23,834 - Model-rank0 - INFO - Saved early-stopping best checkpoint at /home/devbox/project/model/sjy/CSIG2026/Deeppro_v2/DeepPro-main/log/sem_seg/2026-08-22/SatVideoIRSDT_v1__2026-08-22_08-27-32__F1OHEM-brtd3_raw_apmd_hybrid_rms_motion_detrend_multiscale_contrast_pretrained_seed47_E100/checkpoints/early_stopping_best_model.pth
2026-08-23 04:08:23,834 - Model-rank0 - INFO - Best mIoU_mid: 0.358828
2026-08-23 04:08:23,944 - Model-rank0 - INFO - CUDA memory after evaluation cleanup: allocated=0.017 GiB, reserved=0.447 GiB
2026-08-23 04:08:23,944 - Model-rank0 - INFO - **** Epoch 76/100 ****
2026-08-23 04:08:23,944 - Model-rank0 - INFO - Learning rate:0.000082
2026-08-23 04:16:36,567 - Model-rank0 - INFO - CUDA memory after training cleanup: allocated=0.017 GiB, reserved=0.451 GiB
2026-08-23 04:16:36,567 - Model-rank0 - INFO - Training mean loss: 0.297734
2026-08-23 04:16:36,567 - Model-rank0 - INFO - Training accuracy (IoU) of prediction: 0.645317
2026-08-23 04:16:36,567 - Model-rank0 - INFO - Training pixel precision: 0.843848
2026-08-23 04:16:36,567 - Model-rank0 - INFO - Training pixel recall: 0.732827
2026-08-23 04:16:36,567 - Model-rank0 - INFO - Training pixel F1: 0.784429
2026-08-23 04:16:36,567 - Model-rank0 - INFO - Training loss component tversky: 0.188549
2026-08-23 04:16:36,567 - Model-rank0 - INFO - Training loss component dice: 0.208308
2026-08-23 04:16:36,567 - Model-rank0 - INFO - Training loss component hard_margin: 0.779389
2026-08-23 04:16:36,567 - Model-rank0 - INFO - Training loss component hard_weight: 0.100000
2026-08-23 04:16:36,567 - Model-rank0 - INFO - ---- EPOCH 076 EVALUATION ----
2026-08-23 04:21:56,566 - Model-rank0 - INFO - Eval mean loss: 0.746682
2026-08-23 04:21:56,566 - Model-rank0 - INFO - Eval avg class IoU of prediction: 0.351972
2026-08-23 04:21:56,566 - Model-rank0 - INFO - Eval pixel precision: 0.808978
2026-08-23 04:21:56,566 - Model-rank0 - INFO - Eval pixel recall: 0.383876
2026-08-23 04:21:56,566 - Model-rank0 - INFO - Eval pixel F1: 0.520679
2026-08-23 04:21:56,566 - Model-rank0 - INFO - Early stopping eval_f1=0.520679; best=0.528143 at epoch 75; bad_epochs=1/30.
2026-08-23 04:21:56,597 - Model-rank0 - INFO - Saved recoverable checkpoint at /home/devbox/project/model/sjy/CSIG2026/Deeppro_v2/DeepPro-main/log/sem_seg/2026-08-22/SatVideoIRSDT_v1__2026-08-22_08-27-32__F1OHEM-brtd3_raw_apmd_hybrid_rms_motion_detrend_multiscale_contrast_pretrained_seed47_E100/checkpoints/latest_model.pth
2026-08-23 04:21:56,597 - Model-rank0 - INFO - Best mIoU_mid: 0.358828
2026-08-23 04:21:56,713 - Model-rank0 - INFO - CUDA memory after evaluation cleanup: allocated=0.017 GiB, reserved=0.447 GiB
2026-08-23 04:21:56,713 - Model-rank0 - INFO - **** Epoch 77/100 ****
2026-08-23 04:21:56,714 - Model-rank0 - INFO - Learning rate:0.000082
2026-08-23 04:30:12,383 - Model-rank0 - INFO - CUDA memory after training cleanup: allocated=0.017 GiB, reserved=0.451 GiB
2026-08-23 04:30:12,383 - Model-rank0 - INFO - Training mean loss: 0.298921
2026-08-23 04:30:12,383 - Model-rank0 - INFO - Training accuracy (IoU) of prediction: 0.624751
2026-08-23 04:30:12,383 - Model-rank0 - INFO - Training pixel precision: 0.840390
2026-08-23 04:30:12,383 - Model-rank0 - INFO - Training pixel recall: 0.708861
2026-08-23 04:30:12,383 - Model-rank0 - INFO - Training pixel F1: 0.769042
2026-08-23 04:30:12,384 - Model-rank0 - INFO - Training loss component tversky: 0.189961
2026-08-23 04:30:12,384 - Model-rank0 - INFO - Training loss component dice: 0.209174
2026-08-23 04:30:12,384 - Model-rank0 - INFO - Training loss component hard_margin: 0.775833
2026-08-23 04:30:12,384 - Model-rank0 - INFO - Training loss component hard_weight: 0.100000
2026-08-23 04:30:12,384 - Model-rank0 - INFO - ---- EPOCH 077 EVALUATION ----
2026-08-23 04:35:32,014 - Model-rank0 - INFO - Eval mean loss: 0.741929
2026-08-23 04:35:32,015 - Model-rank0 - INFO - Eval avg class IoU of prediction: 0.357420
2026-08-23 04:35:32,015 - Model-rank0 - INFO - Eval pixel precision: 0.784568
2026-08-23 04:35:32,015 - Model-rank0 - INFO - Eval pixel recall: 0.396315
2026-08-23 04:35:32,015 - Model-rank0 - INFO - Eval pixel F1: 0.526616
2026-08-23 04:35:32,015 - Model-rank0 - INFO - Early stopping eval_f1=0.526616; best=0.528143 at epoch 75; bad_epochs=2/30.
2026-08-23 04:35:32,044 - Model-rank0 - INFO - Saved recoverable checkpoint at /home/devbox/project/model/sjy/CSIG2026/Deeppro_v2/DeepPro-main/log/sem_seg/2026-08-22/SatVideoIRSDT_v1__2026-08-22_08-27-32__F1OHEM-brtd3_raw_apmd_hybrid_rms_motion_detrend_multiscale_contrast_pretrained_seed47_E100/checkpoints/latest_model.pth
2026-08-23 04:35:32,044 - Model-rank0 - INFO - Best mIoU_mid: 0.358828
2026-08-23 04:35:32,183 - Model-rank0 - INFO - CUDA memory after evaluation cleanup: allocated=0.017 GiB, reserved=0.449 GiB
2026-08-23 04:35:32,183 - Model-rank0 - INFO - **** Epoch 78/100 ****
2026-08-23 04:35:32,183 - Model-rank0 - INFO - Learning rate:0.000082
2026-08-23 04:43:51,030 - Model-rank0 - INFO - CUDA memory after training cleanup: allocated=0.017 GiB, reserved=0.451 GiB
2026-08-23 04:43:51,031 - Model-rank0 - INFO - Training mean loss: 0.298259
2026-08-23 04:43:51,031 - Model-rank0 - INFO - Training accuracy (IoU) of prediction: 0.631807
2026-08-23 04:43:51,031 - Model-rank0 - INFO - Training pixel precision: 0.837634
2026-08-23 04:43:51,031 - Model-rank0 - INFO - Training pixel recall: 0.719983
2026-08-23 04:43:51,031 - Model-rank0 - INFO - Training pixel F1: 0.774365
2026-08-23 04:43:51,031 - Model-rank0 - INFO - Training loss component tversky: 0.190494
2026-08-23 04:43:51,031 - Model-rank0 - INFO - Training loss component dice: 0.209628
2026-08-23 04:43:51,031 - Model-rank0 - INFO - Training loss component hard_margin: 0.763205
2026-08-23 04:43:51,031 - Model-rank0 - INFO - Training loss component hard_weight: 0.100000
2026-08-23 04:43:51,031 - Model-rank0 - INFO - ---- EPOCH 078 EVALUATION ----
2026-08-23 04:49:11,106 - Model-rank0 - INFO - Eval mean loss: 0.744296
2026-08-23 04:49:11,106 - Model-rank0 - INFO - Eval avg class IoU of prediction: 0.358402
2026-08-23 04:49:11,106 - Model-rank0 - INFO - Eval pixel precision: 0.787389
2026-08-23 04:49:11,106 - Model-rank0 - INFO - Eval pixel recall: 0.396803
2026-08-23 04:49:11,107 - Model-rank0 - INFO - Eval pixel F1: 0.527681
2026-08-23 04:49:11,107 - Model-rank0 - INFO - Early stopping eval_f1=0.527681; best=0.528143 at epoch 75; bad_epochs=3/30.
2026-08-23 04:49:11,137 - Model-rank0 - INFO - Saved recoverable checkpoint at /home/devbox/project/model/sjy/CSIG2026/Deeppro_v2/DeepPro-main/log/sem_seg/2026-08-22/SatVideoIRSDT_v1__2026-08-22_08-27-32__F1OHEM-brtd3_raw_apmd_hybrid_rms_motion_detrend_multiscale_contrast_pretrained_seed47_E100/checkpoints/latest_model.pth
2026-08-23 04:49:11,138 - Model-rank0 - INFO - Best mIoU_mid: 0.358828
2026-08-23 04:49:11,263 - Model-rank0 - INFO - CUDA memory after evaluation cleanup: allocated=0.017 GiB, reserved=0.447 GiB
2026-08-23 04:49:11,263 - Model-rank0 - INFO - **** Epoch 79/100 ****
2026-08-23 04:49:11,263 - Model-rank0 - INFO - Learning rate:0.000082
2026-08-23 04:57:32,165 - Model-rank0 - INFO - CUDA memory after training cleanup: allocated=0.017 GiB, reserved=0.449 GiB
2026-08-23 04:57:32,165 - Model-rank0 - INFO - Training mean loss: 0.290106
2026-08-23 04:57:32,165 - Model-rank0 - INFO - Training accuracy (IoU) of prediction: 0.630478
2026-08-23 04:57:32,165 - Model-rank0 - INFO - Training pixel precision: 0.837699
2026-08-23 04:57:32,165 - Model-rank0 - INFO - Training pixel recall: 0.718209
2026-08-23 04:57:32,165 - Model-rank0 - INFO - Training pixel F1: 0.773366
2026-08-23 04:57:32,165 - Model-rank0 - INFO - Training loss component tversky: 0.184615
2026-08-23 04:57:32,165 - Model-rank0 - INFO - Training loss component dice: 0.203336
2026-08-23 04:57:32,165 - Model-rank0 - INFO - Training loss component hard_margin: 0.749909
2026-08-23 04:57:32,165 - Model-rank0 - INFO - Training loss component hard_weight: 0.100000
2026-08-23 04:57:32,165 - Model-rank0 - INFO - ---- EPOCH 079 EVALUATION ----
2026-08-23 05:02:53,764 - Model-rank0 - INFO - Eval mean loss: 0.739265
2026-08-23 05:02:53,764 - Model-rank0 - INFO - Eval avg class IoU of prediction: 0.358962
2026-08-23 05:02:53,764 - Model-rank0 - INFO - Eval pixel precision: 0.778938
2026-08-23 05:02:53,764 - Model-rank0 - INFO - Eval pixel recall: 0.399679
2026-08-23 05:02:53,764 - Model-rank0 - INFO - Eval pixel F1: 0.528289
2026-08-23 05:02:53,765 - Model-rank0 - INFO - Early stopping eval_f1=0.528289; best=0.528289 at epoch 79; bad_epochs=0/30.
2026-08-23 05:02:53,795 - Model-rank0 - INFO - Saved recoverable checkpoint at /home/devbox/project/model/sjy/CSIG2026/Deeppro_v2/DeepPro-main/log/sem_seg/2026-08-22/SatVideoIRSDT_v1__2026-08-22_08-27-32__F1OHEM-brtd3_raw_apmd_hybrid_rms_motion_detrend_multiscale_contrast_pretrained_seed47_E100/checkpoints/latest_model.pth
2026-08-23 05:02:53,816 - Model-rank0 - INFO - Saved epoch checkpoint at /home/devbox/project/model/sjy/CSIG2026/Deeppro_v2/DeepPro-main/log/sem_seg/2026-08-22/SatVideoIRSDT_v1__2026-08-22_08-27-32__F1OHEM-brtd3_raw_apmd_hybrid_rms_motion_detrend_multiscale_contrast_pretrained_seed47_E100/checkpoints/epoch_79_model.pth
2026-08-23 05:02:53,836 - Model-rank0 - INFO - Saved best checkpoint at /home/devbox/project/model/sjy/CSIG2026/Deeppro_v2/DeepPro-main/log/sem_seg/2026-08-22/SatVideoIRSDT_v1__2026-08-22_08-27-32__F1OHEM-brtd3_raw_apmd_hybrid_rms_motion_detrend_multiscale_contrast_pretrained_seed47_E100/checkpoints/best_model.pth
2026-08-23 05:02:53,857 - Model-rank0 - INFO - Saved early-stopping best checkpoint at /home/devbox/project/model/sjy/CSIG2026/Deeppro_v2/DeepPro-main/log/sem_seg/2026-08-22/SatVideoIRSDT_v1__2026-08-22_08-27-32__F1OHEM-brtd3_raw_apmd_hybrid_rms_motion_detrend_multiscale_contrast_pretrained_seed47_E100/checkpoints/early_stopping_best_model.pth
2026-08-23 05:02:53,857 - Model-rank0 - INFO - Best mIoU_mid: 0.358962
2026-08-23 05:02:53,993 - Model-rank0 - INFO - CUDA memory after evaluation cleanup: allocated=0.017 GiB, reserved=0.447 GiB
2026-08-23 05:02:53,994 - Model-rank0 - INFO - **** Epoch 80/100 ****
2026-08-23 05:02:53,994 - Model-rank0 - INFO - Learning rate:0.000082
2026-08-23 05:10:49,268 - Model-rank0 - INFO - CUDA memory after training cleanup: allocated=0.017 GiB, reserved=0.449 GiB
2026-08-23 05:10:49,269 - Model-rank0 - INFO - Training mean loss: 0.292445
2026-08-23 05:10:49,269 - Model-rank0 - INFO - Training accuracy (IoU) of prediction: 0.653113
2026-08-23 05:10:49,269 - Model-rank0 - INFO - Training pixel precision: 0.840908
2026-08-23 05:10:49,269 - Model-rank0 - INFO - Training pixel recall: 0.745190
2026-08-23 05:10:49,269 - Model-rank0 - INFO - Training pixel F1: 0.790161
2026-08-23 05:10:49,269 - Model-rank0 - INFO - Training loss component tversky: 0.186018
2026-08-23 05:10:49,269 - Model-rank0 - INFO - Training loss component dice: 0.204941
2026-08-23 05:10:49,269 - Model-rank0 - INFO - Training loss component hard_margin: 0.756862
2026-08-23 05:10:49,269 - Model-rank0 - INFO - Training loss component hard_weight: 0.100000
2026-08-23 05:10:49,269 - Model-rank0 - INFO - ---- EPOCH 080 EVALUATION ----
2026-08-23 05:16:08,038 - Model-rank0 - INFO - Eval mean loss: 0.753473
2026-08-23 05:16:08,038 - Model-rank0 - INFO - Eval avg class IoU of prediction: 0.343145
2026-08-23 05:16:08,038 - Model-rank0 - INFO - Eval pixel precision: 0.775920
2026-08-23 05:16:08,038 - Model-rank0 - INFO - Eval pixel recall: 0.380890
2026-08-23 05:16:08,038 - Model-rank0 - INFO - Eval pixel F1: 0.510957
2026-08-23 05:16:08,038 - Model-rank0 - INFO - Early stopping eval_f1=0.510957; best=0.528289 at epoch 79; bad_epochs=1/30.
2026-08-23 05:16:08,069 - Model-rank0 - INFO - Saved recoverable checkpoint at /home/devbox/project/model/sjy/CSIG2026/Deeppro_v2/DeepPro-main/log/sem_seg/2026-08-22/SatVideoIRSDT_v1__2026-08-22_08-27-32__F1OHEM-brtd3_raw_apmd_hybrid_rms_motion_detrend_multiscale_contrast_pretrained_seed47_E100/checkpoints/latest_model.pth
2026-08-23 05:16:08,089 - Model-rank0 - INFO - Saved epoch checkpoint at /home/devbox/project/model/sjy/CSIG2026/Deeppro_v2/DeepPro-main/log/sem_seg/2026-08-22/SatVideoIRSDT_v1__2026-08-22_08-27-32__F1OHEM-brtd3_raw_apmd_hybrid_rms_motion_detrend_multiscale_contrast_pretrained_seed47_E100/checkpoints/epoch_80_model.pth
2026-08-23 05:16:08,089 - Model-rank0 - INFO - Best mIoU_mid: 0.358962
2026-08-23 05:16:08,220 - Model-rank0 - INFO - CUDA memory after evaluation cleanup: allocated=0.017 GiB, reserved=0.447 GiB
2026-08-23 05:16:08,220 - Model-rank0 - INFO - **** Epoch 81/100 ****
2026-08-23 05:16:08,220 - Model-rank0 - INFO - Learning rate:0.000058
2026-08-23 05:23:57,421 - Model-rank0 - INFO - CUDA memory after training cleanup: allocated=0.017 GiB, reserved=0.449 GiB
2026-08-23 05:23:57,421 - Model-rank0 - INFO - Training mean loss: 0.299134
2026-08-23 05:23:57,421 - Model-rank0 - INFO - Training accuracy (IoU) of prediction: 0.638161
2026-08-23 05:23:57,421 - Model-rank0 - INFO - Training pixel precision: 0.837001
2026-08-23 05:23:57,421 - Model-rank0 - INFO - Training pixel recall: 0.728724
2026-08-23 05:23:57,421 - Model-rank0 - INFO - Training pixel F1: 0.779119
2026-08-23 05:23:57,421 - Model-rank0 - INFO - Training loss component tversky: 0.189860
2026-08-23 05:23:57,421 - Model-rank0 - INFO - Training loss component dice: 0.209242
2026-08-23 05:23:57,421 - Model-rank0 - INFO - Training loss component hard_margin: 0.778882
2026-08-23 05:23:57,421 - Model-rank0 - INFO - Training loss component hard_weight: 0.100000
2026-08-23 05:23:57,421 - Model-rank0 - INFO - ---- EPOCH 081 EVALUATION ----
2026-08-23 05:29:16,765 - Model-rank0 - INFO - Eval mean loss: 0.748259
2026-08-23 05:29:16,765 - Model-rank0 - INFO - Eval avg class IoU of prediction: 0.347965
2026-08-23 05:29:16,765 - Model-rank0 - INFO - Eval pixel precision: 0.813798
2026-08-23 05:29:16,766 - Model-rank0 - INFO - Eval pixel recall: 0.378065
2026-08-23 05:29:16,766 - Model-rank0 - INFO - Eval pixel F1: 0.516282
2026-08-23 05:29:16,766 - Model-rank0 - INFO - Early stopping eval_f1=0.516282; best=0.528289 at epoch 79; bad_epochs=2/30.
2026-08-23 05:29:16,795 - Model-rank0 - INFO - Saved recoverable checkpoint at /home/devbox/project/model/sjy/CSIG2026/Deeppro_v2/DeepPro-main/log/sem_seg/2026-08-22/SatVideoIRSDT_v1__2026-08-22_08-27-32__F1OHEM-brtd3_raw_apmd_hybrid_rms_motion_detrend_multiscale_contrast_pretrained_seed47_E100/checkpoints/latest_model.pth
2026-08-23 05:29:16,795 - Model-rank0 - INFO - Best mIoU_mid: 0.358962
2026-08-23 05:29:16,932 - Model-rank0 - INFO - CUDA memory after evaluation cleanup: allocated=0.017 GiB, reserved=0.447 GiB
2026-08-23 05:29:16,932 - Model-rank0 - INFO - **** Epoch 82/100 ****
2026-08-23 05:29:16,932 - Model-rank0 - INFO - Learning rate:0.000058
2026-08-23 05:37:31,517 - Model-rank0 - INFO - CUDA memory after training cleanup: allocated=0.017 GiB, reserved=0.451 GiB
2026-08-23 05:37:31,517 - Model-rank0 - INFO - Training mean loss: 0.285613
2026-08-23 05:37:31,517 - Model-rank0 - INFO - Training accuracy (IoU) of prediction: 0.647840
2026-08-23 05:37:31,517 - Model-rank0 - INFO - Training pixel precision: 0.842772
2026-08-23 05:37:31,517 - Model-rank0 - INFO - Training pixel recall: 0.736902
2026-08-23 05:37:31,517 - Model-rank0 - INFO - Training pixel F1: 0.786290
2026-08-23 05:37:31,517 - Model-rank0 - INFO - Training loss component tversky: 0.182089
2026-08-23 05:37:31,517 - Model-rank0 - INFO - Training loss component dice: 0.200654
2026-08-23 05:37:31,517 - Model-rank0 - INFO - Training loss component hard_margin: 0.734256
2026-08-23 05:37:31,517 - Model-rank0 - INFO - Training loss component hard_weight: 0.100000
2026-08-23 05:37:31,517 - Model-rank0 - INFO - ---- EPOCH 082 EVALUATION ----
2026-08-23 05:42:54,900 - Model-rank0 - INFO - Eval mean loss: 0.739519
2026-08-23 05:42:54,900 - Model-rank0 - INFO - Eval avg class IoU of prediction: 0.355615
2026-08-23 05:42:54,900 - Model-rank0 - INFO - Eval pixel precision: 0.790721
2026-08-23 05:42:54,900 - Model-rank0 - INFO - Eval pixel recall: 0.392563
2026-08-23 05:42:54,900 - Model-rank0 - INFO - Eval pixel F1: 0.524655
2026-08-23 05:42:54,900 - Model-rank0 - INFO - Early stopping eval_f1=0.524655; best=0.528289 at epoch 79; bad_epochs=3/30.
2026-08-23 05:42:54,927 - Model-rank0 - INFO - Saved recoverable checkpoint at /home/devbox/project/model/sjy/CSIG2026/Deeppro_v2/DeepPro-main/log/sem_seg/2026-08-22/SatVideoIRSDT_v1__2026-08-22_08-27-32__F1OHEM-brtd3_raw_apmd_hybrid_rms_motion_detrend_multiscale_contrast_pretrained_seed47_E100/checkpoints/latest_model.pth
2026-08-23 05:42:54,927 - Model-rank0 - INFO - Best mIoU_mid: 0.358962
2026-08-23 05:42:55,067 - Model-rank0 - INFO - CUDA memory after evaluation cleanup: allocated=0.017 GiB, reserved=0.449 GiB
2026-08-23 05:42:55,067 - Model-rank0 - INFO - **** Epoch 83/100 ****
2026-08-23 05:42:55,067 - Model-rank0 - INFO - Learning rate:0.000058
2026-08-23 05:51:07,255 - Model-rank0 - INFO - CUDA memory after training cleanup: allocated=0.017 GiB, reserved=0.451 GiB
2026-08-23 05:51:07,256 - Model-rank0 - INFO - Training mean loss: 0.291614
2026-08-23 05:51:07,256 - Model-rank0 - INFO - Training accuracy (IoU) of prediction: 0.639653
2026-08-23 05:51:07,256 - Model-rank0 - INFO - Training pixel precision: 0.839180
2026-08-23 05:51:07,256 - Model-rank0 - INFO - Training pixel recall: 0.729018
2026-08-23 05:51:07,256 - Model-rank0 - INFO - Training pixel F1: 0.780230
2026-08-23 05:51:07,256 - Model-rank0 - INFO - Training loss component tversky: 0.185892
2026-08-23 05:51:07,256 - Model-rank0 - INFO - Training loss component dice: 0.204431
2026-08-23 05:51:07,256 - Model-rank0 - INFO - Training loss component hard_margin: 0.750575
2026-08-23 05:51:07,256 - Model-rank0 - INFO - Training loss component hard_weight: 0.100000
2026-08-23 05:51:07,256 - Model-rank0 - INFO - ---- EPOCH 083 EVALUATION ----
2026-08-23 05:56:29,096 - Model-rank0 - INFO - Eval mean loss: 0.746380
2026-08-23 05:56:29,097 - Model-rank0 - INFO - Eval avg class IoU of prediction: 0.355756
2026-08-23 05:56:29,097 - Model-rank0 - INFO - Eval pixel precision: 0.773552
2026-08-23 05:56:29,097 - Model-rank0 - INFO - Eval pixel recall: 0.397112
2026-08-23 05:56:29,097 - Model-rank0 - INFO - Eval pixel F1: 0.524808
2026-08-23 05:56:29,097 - Model-rank0 - INFO - Early stopping eval_f1=0.524808; best=0.528289 at epoch 79; bad_epochs=4/30.
2026-08-23 05:56:29,128 - Model-rank0 - INFO - Saved recoverable checkpoint at /home/devbox/project/model/sjy/CSIG2026/Deeppro_v2/DeepPro-main/log/sem_seg/2026-08-22/SatVideoIRSDT_v1__2026-08-22_08-27-32__F1OHEM-brtd3_raw_apmd_hybrid_rms_motion_detrend_multiscale_contrast_pretrained_seed47_E100/checkpoints/latest_model.pth
2026-08-23 05:56:29,128 - Model-rank0 - INFO - Best mIoU_mid: 0.358962
2026-08-23 05:56:29,269 - Model-rank0 - INFO - CUDA memory after evaluation cleanup: allocated=0.017 GiB, reserved=0.449 GiB
2026-08-23 05:56:29,269 - Model-rank0 - INFO - **** Epoch 84/100 ****
2026-08-23 05:56:29,269 - Model-rank0 - INFO - Learning rate:0.000058
2026-08-23 06:04:27,671 - Model-rank0 - INFO - CUDA memory after training cleanup: allocated=0.017 GiB, reserved=0.449 GiB
2026-08-23 06:04:27,671 - Model-rank0 - INFO - Training mean loss: 0.299383
2026-08-23 06:04:27,671 - Model-rank0 - INFO - Training accuracy (IoU) of prediction: 0.633163
2026-08-23 06:04:27,671 - Model-rank0 - INFO - Training pixel precision: 0.841626
2026-08-23 06:04:27,671 - Model-rank0 - INFO - Training pixel recall: 0.718806
2026-08-23 06:04:27,672 - Model-rank0 - INFO - Training pixel F1: 0.775382
2026-08-23 06:04:27,672 - Model-rank0 - INFO - Training loss component tversky: 0.188829
2026-08-23 06:04:27,672 - Model-rank0 - INFO - Training loss component dice: 0.208110
2026-08-23 06:04:27,672 - Model-rank0 - INFO - Training loss component hard_margin: 0.793371
2026-08-23 06:04:27,672 - Model-rank0 - INFO - Training loss component hard_weight: 0.100000
2026-08-23 06:04:27,672 - Model-rank0 - INFO - ---- EPOCH 084 EVALUATION ----
2026-08-23 06:09:49,146 - Model-rank0 - INFO - Eval mean loss: 0.758391
2026-08-23 06:09:49,147 - Model-rank0 - INFO - Eval avg class IoU of prediction: 0.350132
2026-08-23 06:09:49,147 - Model-rank0 - INFO - Eval pixel precision: 0.807998
2026-08-23 06:09:49,147 - Model-rank0 - INFO - Eval pixel recall: 0.381907
2026-08-23 06:09:49,147 - Model-rank0 - INFO - Eval pixel F1: 0.518663
2026-08-23 06:09:49,147 - Model-rank0 - INFO - Early stopping eval_f1=0.518663; best=0.528289 at epoch 79; bad_epochs=5/30.
2026-08-23 06:09:49,176 - Model-rank0 - INFO - Saved recoverable checkpoint at /home/devbox/project/model/sjy/CSIG2026/Deeppro_v2/DeepPro-main/log/sem_seg/2026-08-22/SatVideoIRSDT_v1__2026-08-22_08-27-32__F1OHEM-brtd3_raw_apmd_hybrid_rms_motion_detrend_multiscale_contrast_pretrained_seed47_E100/checkpoints/latest_model.pth
2026-08-23 06:09:49,176 - Model-rank0 - INFO - Best mIoU_mid: 0.358962
2026-08-23 06:09:49,307 - Model-rank0 - INFO - CUDA memory after evaluation cleanup: allocated=0.017 GiB, reserved=0.447 GiB
2026-08-23 06:09:49,307 - Model-rank0 - INFO - **** Epoch 85/100 ****
2026-08-23 06:09:49,307 - Model-rank0 - INFO - Learning rate:0.000058
2026-08-23 06:18:01,412 - Model-rank0 - INFO - CUDA memory after training cleanup: allocated=0.017 GiB, reserved=0.449 GiB
2026-08-23 06:18:01,412 - Model-rank0 - INFO - Training mean loss: 0.290087
2026-08-23 06:18:01,412 - Model-rank0 - INFO - Training accuracy (IoU) of prediction: 0.636695
2026-08-23 06:18:01,412 - Model-rank0 - INFO - Training pixel precision: 0.843265
2026-08-23 06:18:01,412 - Model-rank0 - INFO - Training pixel recall: 0.722155
2026-08-23 06:18:01,412 - Model-rank0 - INFO - Training pixel F1: 0.778025
2026-08-23 06:18:01,412 - Model-rank0 - INFO - Training loss component tversky: 0.184985
2026-08-23 06:18:01,412 - Model-rank0 - INFO - Training loss component dice: 0.203985
2026-08-23 06:18:01,412 - Model-rank0 - INFO - Training loss component hard_margin: 0.745038
2026-08-23 06:18:01,412 - Model-rank0 - INFO - Training loss component hard_weight: 0.100000
2026-08-23 06:18:01,413 - Model-rank0 - INFO - ---- EPOCH 085 EVALUATION ----
2026-08-23 06:23:22,436 - Model-rank0 - INFO - Eval mean loss: 0.742957
2026-08-23 06:23:22,436 - Model-rank0 - INFO - Eval avg class IoU of prediction: 0.350456
2026-08-23 06:23:22,436 - Model-rank0 - INFO - Eval pixel precision: 0.789935
2026-08-23 06:23:22,436 - Model-rank0 - INFO - Eval pixel recall: 0.386474
2026-08-23 06:23:22,436 - Model-rank0 - INFO - Eval pixel F1: 0.519019
2026-08-23 06:23:22,436 - Model-rank0 - INFO - Early stopping eval_f1=0.519019; best=0.528289 at epoch 79; bad_epochs=6/30.
2026-08-23 06:23:22,468 - Model-rank0 - INFO - Saved recoverable checkpoint at /home/devbox/project/model/sjy/CSIG2026/Deeppro_v2/DeepPro-main/log/sem_seg/2026-08-22/SatVideoIRSDT_v1__2026-08-22_08-27-32__F1OHEM-brtd3_raw_apmd_hybrid_rms_motion_detrend_multiscale_contrast_pretrained_seed47_E100/checkpoints/latest_model.pth
2026-08-23 06:23:22,488 - Model-rank0 - INFO - Saved epoch checkpoint at /home/devbox/project/model/sjy/CSIG2026/Deeppro_v2/DeepPro-main/log/sem_seg/2026-08-22/SatVideoIRSDT_v1__2026-08-22_08-27-32__F1OHEM-brtd3_raw_apmd_hybrid_rms_motion_detrend_multiscale_contrast_pretrained_seed47_E100/checkpoints/epoch_85_model.pth
2026-08-23 06:23:22,488 - Model-rank0 - INFO - Best mIoU_mid: 0.358962
2026-08-23 06:23:22,687 - Model-rank0 - INFO - CUDA memory after evaluation cleanup: allocated=0.017 GiB, reserved=0.447 GiB
2026-08-23 06:23:22,687 - Model-rank0 - INFO - **** Epoch 86/100 ****
2026-08-23 06:23:22,687 - Model-rank0 - INFO - Learning rate:0.000058
2026-08-23 06:31:12,525 - Model-rank0 - INFO - CUDA memory after training cleanup: allocated=0.017 GiB, reserved=0.451 GiB
2026-08-23 06:31:12,525 - Model-rank0 - INFO - Training mean loss: 0.298666
2026-08-23 06:31:12,526 - Model-rank0 - INFO - Training accuracy (IoU) of prediction: 0.637408
2026-08-23 06:31:12,526 - Model-rank0 - INFO - Training pixel precision: 0.845464
2026-08-23 06:31:12,526 - Model-rank0 - INFO - Training pixel recall: 0.721464
2026-08-23 06:31:12,526 - Model-rank0 - INFO - Training pixel F1: 0.778558
2026-08-23 06:31:12,526 - Model-rank0 - INFO - Training loss component tversky: 0.189503
2026-08-23 06:31:12,526 - Model-rank0 - INFO - Training loss component dice: 0.208533
2026-08-23 06:31:12,526 - Model-rank0 - INFO - Training loss component hard_margin: 0.778833
2026-08-23 06:31:12,526 - Model-rank0 - INFO - Training loss component hard_weight: 0.100000
2026-08-23 06:31:12,526 - Model-rank0 - INFO - ---- EPOCH 086 EVALUATION ----
2026-08-23 06:36:37,072 - Model-rank0 - INFO - Eval mean loss: 0.726506
2026-08-23 06:36:37,072 - Model-rank0 - INFO - Eval avg class IoU of prediction: 0.361270
2026-08-23 06:36:37,072 - Model-rank0 - INFO - Eval pixel precision: 0.756305
2026-08-23 06:36:37,072 - Model-rank0 - INFO - Eval pixel recall: 0.408865
2026-08-23 06:36:37,072 - Model-rank0 - INFO - Eval pixel F1: 0.530784
2026-08-23 06:36:37,072 - Model-rank0 - INFO - Early stopping eval_f1=0.530784; best=0.530784 at epoch 86; bad_epochs=0/30.
2026-08-23 06:36:37,099 - Model-rank0 - INFO - Saved recoverable checkpoint at /home/devbox/project/model/sjy/CSIG2026/Deeppro_v2/DeepPro-main/log/sem_seg/2026-08-22/SatVideoIRSDT_v1__2026-08-22_08-27-32__F1OHEM-brtd3_raw_apmd_hybrid_rms_motion_detrend_multiscale_contrast_pretrained_seed47_E100/checkpoints/latest_model.pth
2026-08-23 06:36:37,118 - Model-rank0 - INFO - Saved epoch checkpoint at /home/devbox/project/model/sjy/CSIG2026/Deeppro_v2/DeepPro-main/log/sem_seg/2026-08-22/SatVideoIRSDT_v1__2026-08-22_08-27-32__F1OHEM-brtd3_raw_apmd_hybrid_rms_motion_detrend_multiscale_contrast_pretrained_seed47_E100/checkpoints/epoch_86_model.pth
2026-08-23 06:36:37,139 - Model-rank0 - INFO - Saved best checkpoint at /home/devbox/project/model/sjy/CSIG2026/Deeppro_v2/DeepPro-main/log/sem_seg/2026-08-22/SatVideoIRSDT_v1__2026-08-22_08-27-32__F1OHEM-brtd3_raw_apmd_hybrid_rms_motion_detrend_multiscale_contrast_pretrained_seed47_E100/checkpoints/best_model.pth
2026-08-23 06:36:37,160 - Model-rank0 - INFO - Saved early-stopping best checkpoint at /home/devbox/project/model/sjy/CSIG2026/Deeppro_v2/DeepPro-main/log/sem_seg/2026-08-22/SatVideoIRSDT_v1__2026-08-22_08-27-32__F1OHEM-brtd3_raw_apmd_hybrid_rms_motion_detrend_multiscale_contrast_pretrained_seed47_E100/checkpoints/early_stopping_best_model.pth
2026-08-23 06:36:37,160 - Model-rank0 - INFO - Best mIoU_mid: 0.361270
2026-08-23 06:36:37,267 - Model-rank0 - INFO - CUDA memory after evaluation cleanup: allocated=0.017 GiB, reserved=0.447 GiB
2026-08-23 06:36:37,268 - Model-rank0 - INFO - **** Epoch 87/100 ****
2026-08-23 06:36:37,268 - Model-rank0 - INFO - Learning rate:0.000058
2026-08-23 06:44:24,970 - Model-rank0 - INFO - CUDA memory after training cleanup: allocated=0.017 GiB, reserved=0.451 GiB
2026-08-23 06:44:24,970 - Model-rank0 - INFO - Training mean loss: 0.295747
2026-08-23 06:44:24,970 - Model-rank0 - INFO - Training accuracy (IoU) of prediction: 0.652140
2026-08-23 06:44:24,970 - Model-rank0 - INFO - Training pixel precision: 0.848812
2026-08-23 06:44:24,970 - Model-rank0 - INFO - Training pixel recall: 0.737846
2026-08-23 06:44:24,970 - Model-rank0 - INFO - Training pixel F1: 0.789449
2026-08-23 06:44:24,970 - Model-rank0 - INFO - Training loss component tversky: 0.188674
2026-08-23 06:44:24,970 - Model-rank0 - INFO - Training loss component dice: 0.207841
2026-08-23 06:44:24,970 - Model-rank0 - INFO - Training loss component hard_margin: 0.758971
2026-08-23 06:44:24,970 - Model-rank0 - INFO - Training loss component hard_weight: 0.100000
2026-08-23 06:44:24,970 - Model-rank0 - INFO - ---- EPOCH 087 EVALUATION ----
2026-08-23 06:49:46,580 - Model-rank0 - INFO - Eval mean loss: 0.743422
2026-08-23 06:49:46,580 - Model-rank0 - INFO - Eval avg class IoU of prediction: 0.354362
2026-08-23 06:49:46,580 - Model-rank0 - INFO - Eval pixel precision: 0.778465
2026-08-23 06:49:46,580 - Model-rank0 - INFO - Eval pixel recall: 0.394106
2026-08-23 06:49:46,580 - Model-rank0 - INFO - Eval pixel F1: 0.523290
2026-08-23 06:49:46,580 - Model-rank0 - INFO - Early stopping eval_f1=0.523290; best=0.530784 at epoch 86; bad_epochs=1/30.
2026-08-23 06:49:46,605 - Model-rank0 - INFO - Saved recoverable checkpoint at /home/devbox/project/model/sjy/CSIG2026/Deeppro_v2/DeepPro-main/log/sem_seg/2026-08-22/SatVideoIRSDT_v1__2026-08-22_08-27-32__F1OHEM-brtd3_raw_apmd_hybrid_rms_motion_detrend_multiscale_contrast_pretrained_seed47_E100/checkpoints/latest_model.pth
2026-08-23 06:49:46,605 - Model-rank0 - INFO - Best mIoU_mid: 0.361270
2026-08-23 06:49:46,742 - Model-rank0 - INFO - CUDA memory after evaluation cleanup: allocated=0.017 GiB, reserved=0.447 GiB
2026-08-23 06:49:46,743 - Model-rank0 - INFO - **** Epoch 88/100 ****
2026-08-23 06:49:46,743 - Model-rank0 - INFO - Learning rate:0.000058
2026-08-23 06:57:53,561 - Model-rank0 - INFO - CUDA memory after training cleanup: allocated=0.017 GiB, reserved=0.451 GiB
2026-08-23 06:57:53,561 - Model-rank0 - INFO - Training mean loss: 0.298518
2026-08-23 06:57:53,561 - Model-rank0 - INFO - Training accuracy (IoU) of prediction: 0.626702
2026-08-23 06:57:53,561 - Model-rank0 - INFO - Training pixel precision: 0.837498
2026-08-23 06:57:53,561 - Model-rank0 - INFO - Training pixel recall: 0.713459
2026-08-23 06:57:53,561 - Model-rank0 - INFO - Training pixel F1: 0.770519
2026-08-23 06:57:53,561 - Model-rank0 - INFO - Training loss component tversky: 0.189866
2026-08-23 06:57:53,561 - Model-rank0 - INFO - Training loss component dice: 0.209190
2026-08-23 06:57:53,561 - Model-rank0 - INFO - Training loss component hard_margin: 0.772740
2026-08-23 06:57:53,561 - Model-rank0 - INFO - Training loss component hard_weight: 0.100000
2026-08-23 06:57:53,561 - Model-rank0 - INFO - ---- EPOCH 088 EVALUATION ----
2026-08-23 07:03:15,699 - Model-rank0 - INFO - Eval mean loss: 0.739441
2026-08-23 07:03:15,700 - Model-rank0 - INFO - Eval avg class IoU of prediction: 0.351486
2026-08-23 07:03:15,700 - Model-rank0 - INFO - Eval pixel precision: 0.764384
2026-08-23 07:03:15,700 - Model-rank0 - INFO - Eval pixel recall: 0.394194
2026-08-23 07:03:15,700 - Model-rank0 - INFO - Eval pixel F1: 0.520147
2026-08-23 07:03:15,700 - Model-rank0 - INFO - Early stopping eval_f1=0.520147; best=0.530784 at epoch 86; bad_epochs=2/30.
2026-08-23 07:03:15,735 - Model-rank0 - INFO - Saved recoverable checkpoint at /home/devbox/project/model/sjy/CSIG2026/Deeppro_v2/DeepPro-main/log/sem_seg/2026-08-22/SatVideoIRSDT_v1__2026-08-22_08-27-32__F1OHEM-brtd3_raw_apmd_hybrid_rms_motion_detrend_multiscale_contrast_pretrained_seed47_E100/checkpoints/latest_model.pth
2026-08-23 07:03:15,735 - Model-rank0 - INFO - Best mIoU_mid: 0.361270
2026-08-23 07:03:15,895 - Model-rank0 - INFO - CUDA memory after evaluation cleanup: allocated=0.017 GiB, reserved=0.447 GiB
2026-08-23 07:03:15,895 - Model-rank0 - INFO - **** Epoch 89/100 ****
2026-08-23 07:03:15,895 - Model-rank0 - INFO - Learning rate:0.000058
2026-08-23 07:11:13,667 - Model-rank0 - INFO - CUDA memory after training cleanup: allocated=0.017 GiB, reserved=0.451 GiB
2026-08-23 07:11:13,667 - Model-rank0 - INFO - Training mean loss: 0.293051
2026-08-23 07:11:13,667 - Model-rank0 - INFO - Training accuracy (IoU) of prediction: 0.646360
2026-08-23 07:11:13,668 - Model-rank0 - INFO - Training pixel precision: 0.841975
2026-08-23 07:11:13,668 - Model-rank0 - INFO - Training pixel recall: 0.735596
2026-08-23 07:11:13,668 - Model-rank0 - INFO - Training pixel F1: 0.785199
2026-08-23 07:11:13,668 - Model-rank0 - INFO - Training loss component tversky: 0.186626
2026-08-23 07:11:13,668 - Model-rank0 - INFO - Training loss component dice: 0.205505
2026-08-23 07:11:13,668 - Model-rank0 - INFO - Training loss component hard_margin: 0.756000
2026-08-23 07:11:13,668 - Model-rank0 - INFO - Training loss component hard_weight: 0.100000
2026-08-23 07:11:13,668 - Model-rank0 - INFO - ---- EPOCH 089 EVALUATION ----
2026-08-23 07:16:35,410 - Model-rank0 - INFO - Eval mean loss: 0.743338
2026-08-23 07:16:35,410 - Model-rank0 - INFO - Eval avg class IoU of prediction: 0.353684
2026-08-23 07:16:35,411 - Model-rank0 - INFO - Eval pixel precision: 0.794950
2026-08-23 07:16:35,411 - Model-rank0 - INFO - Eval pixel recall: 0.389190
2026-08-23 07:16:35,411 - Model-rank0 - INFO - Eval pixel F1: 0.522550
2026-08-23 07:16:35,411 - Model-rank0 - INFO - Early stopping eval_f1=0.522550; best=0.530784 at epoch 86; bad_epochs=3/30.
2026-08-23 07:16:35,443 - Model-rank0 - INFO - Saved recoverable checkpoint at /home/devbox/project/model/sjy/CSIG2026/Deeppro_v2/DeepPro-main/log/sem_seg/2026-08-22/SatVideoIRSDT_v1__2026-08-22_08-27-32__F1OHEM-brtd3_raw_apmd_hybrid_rms_motion_detrend_multiscale_contrast_pretrained_seed47_E100/checkpoints/latest_model.pth
2026-08-23 07:16:35,443 - Model-rank0 - INFO - Best mIoU_mid: 0.361270
2026-08-23 07:16:35,543 - Model-rank0 - INFO - CUDA memory after evaluation cleanup: allocated=0.017 GiB, reserved=0.447 GiB
2026-08-23 07:16:35,543 - Model-rank0 - INFO - **** Epoch 90/100 ****
2026-08-23 07:16:35,543 - Model-rank0 - INFO - Learning rate:0.000058
2026-08-23 07:24:48,161 - Model-rank0 - INFO - CUDA memory after training cleanup: allocated=0.017 GiB, reserved=0.449 GiB
2026-08-23 07:24:48,161 - Model-rank0 - INFO - Training mean loss: 0.295874
2026-08-23 07:24:48,162 - Model-rank0 - INFO - Training accuracy (IoU) of prediction: 0.645223
2026-08-23 07:24:48,162 - Model-rank0 - INFO - Training pixel precision: 0.844525
2026-08-23 07:24:48,162 - Model-rank0 - INFO - Training pixel recall: 0.732197
2026-08-23 07:24:48,162 - Model-rank0 - INFO - Training pixel F1: 0.784360
2026-08-23 07:24:48,162 - Model-rank0 - INFO - Training loss component tversky: 0.187015
2026-08-23 07:24:48,162 - Model-rank0 - INFO - Training loss component dice: 0.206327
2026-08-23 07:24:48,162 - Model-rank0 - INFO - Training loss component hard_margin: 0.779099
2026-08-23 07:24:48,162 - Model-rank0 - INFO - Training loss component hard_weight: 0.100000
2026-08-23 07:24:48,162 - Model-rank0 - INFO - ---- EPOCH 090 EVALUATION ----
2026-08-23 07:30:10,320 - Model-rank0 - INFO - Eval mean loss: 0.747169
2026-08-23 07:30:10,320 - Model-rank0 - INFO - Eval avg class IoU of prediction: 0.350394
2026-08-23 07:30:10,321 - Model-rank0 - INFO - Eval pixel precision: 0.774957
2026-08-23 07:30:10,321 - Model-rank0 - INFO - Eval pixel recall: 0.390086
2026-08-23 07:30:10,321 - Model-rank0 - INFO - Eval pixel F1: 0.518951
2026-08-23 07:30:10,321 - Model-rank0 - INFO - Early stopping eval_f1=0.518951; best=0.530784 at epoch 86; bad_epochs=4/30.
2026-08-23 07:30:10,349 - Model-rank0 - INFO - Saved recoverable checkpoint at /home/devbox/project/model/sjy/CSIG2026/Deeppro_v2/DeepPro-main/log/sem_seg/2026-08-22/SatVideoIRSDT_v1__2026-08-22_08-27-32__F1OHEM-brtd3_raw_apmd_hybrid_rms_motion_detrend_multiscale_contrast_pretrained_seed47_E100/checkpoints/latest_model.pth
2026-08-23 07:30:10,368 - Model-rank0 - INFO - Saved epoch checkpoint at /home/devbox/project/model/sjy/CSIG2026/Deeppro_v2/DeepPro-main/log/sem_seg/2026-08-22/SatVideoIRSDT_v1__2026-08-22_08-27-32__F1OHEM-brtd3_raw_apmd_hybrid_rms_motion_detrend_multiscale_contrast_pretrained_seed47_E100/checkpoints/epoch_90_model.pth
2026-08-23 07:30:10,368 - Model-rank0 - INFO - Best mIoU_mid: 0.361270
2026-08-23 07:30:10,504 - Model-rank0 - INFO - CUDA memory after evaluation cleanup: allocated=0.017 GiB, reserved=0.447 GiB
2026-08-23 07:30:10,504 - Model-rank0 - INFO - **** Epoch 91/100 ****
2026-08-23 07:30:10,504 - Model-rank0 - INFO - Learning rate:0.000040
2026-08-23 07:38:12,501 - Model-rank0 - INFO - CUDA memory after training cleanup: allocated=0.017 GiB, reserved=0.449 GiB
2026-08-23 07:38:12,501 - Model-rank0 - INFO - Training mean loss: 0.292489
2026-08-23 07:38:12,501 - Model-rank0 - INFO - Training accuracy (IoU) of prediction: 0.640815
2026-08-23 07:38:12,501 - Model-rank0 - INFO - Training pixel precision: 0.846786
2026-08-23 07:38:12,501 - Model-rank0 - INFO - Training pixel recall: 0.724859
2026-08-23 07:38:12,502 - Model-rank0 - INFO - Training pixel F1: 0.781093
2026-08-23 07:38:12,502 - Model-rank0 - INFO - Training loss component tversky: 0.185070
2026-08-23 07:38:12,502 - Model-rank0 - INFO - Training loss component dice: 0.204518
2026-08-23 07:38:12,502 - Model-rank0 - INFO - Training loss component hard_margin: 0.767409
2026-08-23 07:38:12,502 - Model-rank0 - INFO - Training loss component hard_weight: 0.100000
2026-08-23 07:38:12,502 - Model-rank0 - INFO - ---- EPOCH 091 EVALUATION ----
2026-08-23 07:43:37,095 - Model-rank0 - INFO - Eval mean loss: 0.745431
2026-08-23 07:43:37,095 - Model-rank0 - INFO - Eval avg class IoU of prediction: 0.352465
2026-08-23 07:43:37,096 - Model-rank0 - INFO - Eval pixel precision: 0.799392
2026-08-23 07:43:37,096 - Model-rank0 - INFO - Eval pixel recall: 0.386666
2026-08-23 07:43:37,096 - Model-rank0 - INFO - Eval pixel F1: 0.521219
2026-08-23 07:43:37,096 - Model-rank0 - INFO - Early stopping eval_f1=0.521219; best=0.530784 at epoch 86; bad_epochs=5/30.
2026-08-23 07:43:37,122 - Model-rank0 - INFO - Saved recoverable checkpoint at /home/devbox/project/model/sjy/CSIG2026/Deeppro_v2/DeepPro-main/log/sem_seg/2026-08-22/SatVideoIRSDT_v1__2026-08-22_08-27-32__F1OHEM-brtd3_raw_apmd_hybrid_rms_motion_detrend_multiscale_contrast_pretrained_seed47_E100/checkpoints/latest_model.pth
2026-08-23 07:43:37,122 - Model-rank0 - INFO - Best mIoU_mid: 0.361270
2026-08-23 07:43:37,286 - Model-rank0 - INFO - CUDA memory after evaluation cleanup: allocated=0.017 GiB, reserved=0.449 GiB
2026-08-23 07:43:37,286 - Model-rank0 - INFO - **** Epoch 92/100 ****
2026-08-23 07:43:37,286 - Model-rank0 - INFO - Learning rate:0.000040
2026-08-23 07:51:50,993 - Model-rank0 - INFO - CUDA memory after training cleanup: allocated=0.017 GiB, reserved=0.449 GiB
2026-08-23 07:51:50,993 - Model-rank0 - INFO - Training mean loss: 0.294075
2026-08-23 07:51:50,993 - Model-rank0 - INFO - Training accuracy (IoU) of prediction: 0.627263
2026-08-23 07:51:50,993 - Model-rank0 - INFO - Training pixel precision: 0.842802
2026-08-23 07:51:50,993 - Model-rank0 - INFO - Training pixel recall: 0.710374
2026-08-23 07:51:50,993 - Model-rank0 - INFO - Training pixel F1: 0.770942
2026-08-23 07:51:50,993 - Model-rank0 - INFO - Training loss component tversky: 0.188143
2026-08-23 07:51:50,993 - Model-rank0 - INFO - Training loss component dice: 0.206314
2026-08-23 07:51:50,993 - Model-rank0 - INFO - Training loss component hard_margin: 0.749856
2026-08-23 07:51:50,993 - Model-rank0 - INFO - Training loss component hard_weight: 0.100000
2026-08-23 07:51:50,994 - Model-rank0 - INFO - ---- EPOCH 092 EVALUATION ----
2026-08-23 07:57:12,390 - Model-rank0 - INFO - Eval mean loss: 0.756769
2026-08-23 07:57:12,390 - Model-rank0 - INFO - Eval avg class IoU of prediction: 0.350387
2026-08-23 07:57:12,390 - Model-rank0 - INFO - Eval pixel precision: 0.789836
2026-08-23 07:57:12,390 - Model-rank0 - INFO - Eval pixel recall: 0.386414
2026-08-23 07:57:12,390 - Model-rank0 - INFO - Eval pixel F1: 0.518943
2026-08-23 07:57:12,390 - Model-rank0 - INFO - Early stopping eval_f1=0.518943; best=0.530784 at epoch 86; bad_epochs=6/30.
2026-08-23 07:57:12,418 - Model-rank0 - INFO - Saved recoverable checkpoint at /home/devbox/project/model/sjy/CSIG2026/Deeppro_v2/DeepPro-main/log/sem_seg/2026-08-22/SatVideoIRSDT_v1__2026-08-22_08-27-32__F1OHEM-brtd3_raw_apmd_hybrid_rms_motion_detrend_multiscale_contrast_pretrained_seed47_E100/checkpoints/latest_model.pth
2026-08-23 07:57:12,418 - Model-rank0 - INFO - Best mIoU_mid: 0.361270
2026-08-23 07:57:12,556 - Model-rank0 - INFO - CUDA memory after evaluation cleanup: allocated=0.017 GiB, reserved=0.447 GiB
2026-08-23 07:57:12,556 - Model-rank0 - INFO - **** Epoch 93/100 ****
2026-08-23 07:57:12,556 - Model-rank0 - INFO - Learning rate:0.000040
2026-08-23 08:05:26,864 - Model-rank0 - INFO - CUDA memory after training cleanup: allocated=0.017 GiB, reserved=0.449 GiB
2026-08-23 08:05:26,864 - Model-rank0 - INFO - Training mean loss: 0.288186
2026-08-23 08:05:26,864 - Model-rank0 - INFO - Training accuracy (IoU) of prediction: 0.645331
2026-08-23 08:05:26,864 - Model-rank0 - INFO - Training pixel precision: 0.846009
2026-08-23 08:05:26,864 - Model-rank0 - INFO - Training pixel recall: 0.731222
2026-08-23 08:05:26,864 - Model-rank0 - INFO - Training pixel F1: 0.784439
2026-08-23 08:05:26,865 - Model-rank0 - INFO - Training loss component tversky: 0.183053
2026-08-23 08:05:26,865 - Model-rank0 - INFO - Training loss component dice: 0.202150
2026-08-23 08:05:26,865 - Model-rank0 - INFO - Training loss component hard_margin: 0.748107
2026-08-23 08:05:26,865 - Model-rank0 - INFO - Training loss component hard_weight: 0.100000
2026-08-23 08:05:26,865 - Model-rank0 - INFO - ---- EPOCH 093 EVALUATION ----
2026-08-23 08:10:48,930 - Model-rank0 - INFO - Eval mean loss: 0.752280
2026-08-23 08:10:48,930 - Model-rank0 - INFO - Eval avg class IoU of prediction: 0.350161
2026-08-23 08:10:48,930 - Model-rank0 - INFO - Eval pixel precision: 0.769723
2026-08-23 08:10:48,930 - Model-rank0 - INFO - Eval pixel recall: 0.391135
2026-08-23 08:10:48,930 - Model-rank0 - INFO - Eval pixel F1: 0.518695
2026-08-23 08:10:48,930 - Model-rank0 - INFO - Early stopping eval_f1=0.518695; best=0.530784 at epoch 86; bad_epochs=7/30.
2026-08-23 08:10:48,963 - Model-rank0 - INFO - Saved recoverable checkpoint at /home/devbox/project/model/sjy/CSIG2026/Deeppro_v2/DeepPro-main/log/sem_seg/2026-08-22/SatVideoIRSDT_v1__2026-08-22_08-27-32__F1OHEM-brtd3_raw_apmd_hybrid_rms_motion_detrend_multiscale_contrast_pretrained_seed47_E100/checkpoints/latest_model.pth
2026-08-23 08:10:48,963 - Model-rank0 - INFO - Best mIoU_mid: 0.361270
2026-08-23 08:10:49,114 - Model-rank0 - INFO - CUDA memory after evaluation cleanup: allocated=0.017 GiB, reserved=0.449 GiB
2026-08-23 08:10:49,114 - Model-rank0 - INFO - **** Epoch 94/100 ****
2026-08-23 08:10:49,114 - Model-rank0 - INFO - Learning rate:0.000040
2026-08-23 08:19:02,501 - Model-rank0 - INFO - CUDA memory after training cleanup: allocated=0.017 GiB, reserved=0.451 GiB
2026-08-23 08:19:02,501 - Model-rank0 - INFO - Training mean loss: 0.288875
2026-08-23 08:19:02,501 - Model-rank0 - INFO - Training accuracy (IoU) of prediction: 0.650291
2026-08-23 08:19:02,501 - Model-rank0 - INFO - Training pixel precision: 0.845410
2026-08-23 08:19:02,501 - Model-rank0 - INFO - Training pixel recall: 0.738054
2026-08-23 08:19:02,501 - Model-rank0 - INFO - Training pixel F1: 0.788093
2026-08-23 08:19:02,501 - Model-rank0 - INFO - Training loss component tversky: 0.184369
2026-08-23 08:19:02,501 - Model-rank0 - INFO - Training loss component dice: 0.203128
2026-08-23 08:19:02,501 - Model-rank0 - INFO - Training loss component hard_margin: 0.740369
2026-08-23 08:19:02,502 - Model-rank0 - INFO - Training loss component hard_weight: 0.100000
2026-08-23 08:19:02,502 - Model-rank0 - INFO - ---- EPOCH 094 EVALUATION ----
2026-08-23 08:24:18,420 - Model-rank0 - INFO - Eval mean loss: 0.749974
2026-08-23 08:24:18,420 - Model-rank0 - INFO - Eval avg class IoU of prediction: 0.350323
2026-08-23 08:24:18,420 - Model-rank0 - INFO - Eval pixel precision: 0.797967
2026-08-23 08:24:18,420 - Model-rank0 - INFO - Eval pixel recall: 0.384420
2026-08-23 08:24:18,420 - Model-rank0 - INFO - Eval pixel F1: 0.518873
2026-08-23 08:24:18,421 - Model-rank0 - INFO - Early stopping eval_f1=0.518873; best=0.530784 at epoch 86; bad_epochs=8/30.
2026-08-23 08:24:18,447 - Model-rank0 - INFO - Saved recoverable checkpoint at /home/devbox/project/model/sjy/CSIG2026/Deeppro_v2/DeepPro-main/log/sem_seg/2026-08-22/SatVideoIRSDT_v1__2026-08-22_08-27-32__F1OHEM-brtd3_raw_apmd_hybrid_rms_motion_detrend_multiscale_contrast_pretrained_seed47_E100/checkpoints/latest_model.pth
2026-08-23 08:24:18,447 - Model-rank0 - INFO - Best mIoU_mid: 0.361270
2026-08-23 08:24:18,558 - Model-rank0 - INFO - CUDA memory after evaluation cleanup: allocated=0.017 GiB, reserved=0.447 GiB
2026-08-23 08:24:18,558 - Model-rank0 - INFO - **** Epoch 95/100 ****
2026-08-23 08:24:18,559 - Model-rank0 - INFO - Learning rate:0.000040
2026-08-23 08:32:21,910 - Model-rank0 - INFO - CUDA memory after training cleanup: allocated=0.017 GiB, reserved=0.451 GiB
2026-08-23 08:32:21,910 - Model-rank0 - INFO - Training mean loss: 0.297327
2026-08-23 08:32:21,910 - Model-rank0 - INFO - Training accuracy (IoU) of prediction: 0.638925
2026-08-23 08:32:21,910 - Model-rank0 - INFO - Training pixel precision: 0.843372
2026-08-23 08:32:21,911 - Model-rank0 - INFO - Training pixel recall: 0.724946
2026-08-23 08:32:21,911 - Model-rank0 - INFO - Training pixel F1: 0.779688
2026-08-23 08:32:21,911 - Model-rank0 - INFO - Training loss component tversky: 0.187860
2026-08-23 08:32:21,911 - Model-rank0 - INFO - Training loss component dice: 0.207381
2026-08-23 08:32:21,911 - Model-rank0 - INFO - Training loss component hard_margin: 0.783600
2026-08-23 08:32:21,911 - Model-rank0 - INFO - Training loss component hard_weight: 0.100000
2026-08-23 08:32:21,911 - Model-rank0 - INFO - ---- EPOCH 095 EVALUATION ----
2026-08-23 08:37:41,698 - Model-rank0 - INFO - Eval mean loss: 0.745414
2026-08-23 08:37:41,699 - Model-rank0 - INFO - Eval avg class IoU of prediction: 0.355841
2026-08-23 08:37:41,699 - Model-rank0 - INFO - Eval pixel precision: 0.774327
2026-08-23 08:37:41,699 - Model-rank0 - INFO - Eval pixel recall: 0.397015
2026-08-23 08:37:41,699 - Model-rank0 - INFO - Eval pixel F1: 0.524901
2026-08-23 08:37:41,699 - Model-rank0 - INFO - Early stopping eval_f1=0.524901; best=0.530784 at epoch 86; bad_epochs=9/30.
2026-08-23 08:37:41,728 - Model-rank0 - INFO - Saved recoverable checkpoint at /home/devbox/project/model/sjy/CSIG2026/Deeppro_v2/DeepPro-main/log/sem_seg/2026-08-22/SatVideoIRSDT_v1__2026-08-22_08-27-32__F1OHEM-brtd3_raw_apmd_hybrid_rms_motion_detrend_multiscale_contrast_pretrained_seed47_E100/checkpoints/latest_model.pth
2026-08-23 08:37:41,748 - Model-rank0 - INFO - Saved epoch checkpoint at /home/devbox/project/model/sjy/CSIG2026/Deeppro_v2/DeepPro-main/log/sem_seg/2026-08-22/SatVideoIRSDT_v1__2026-08-22_08-27-32__F1OHEM-brtd3_raw_apmd_hybrid_rms_motion_detrend_multiscale_contrast_pretrained_seed47_E100/checkpoints/epoch_95_model.pth
2026-08-23 08:37:41,748 - Model-rank0 - INFO - Best mIoU_mid: 0.361270
2026-08-23 08:37:41,879 - Model-rank0 - INFO - CUDA memory after evaluation cleanup: allocated=0.017 GiB, reserved=0.447 GiB
2026-08-23 08:37:41,880 - Model-rank0 - INFO - **** Epoch 96/100 ****
2026-08-23 08:37:41,880 - Model-rank0 - INFO - Learning rate:0.000040
2026-08-23 08:45:58,026 - Model-rank0 - INFO - CUDA memory after training cleanup: allocated=0.017 GiB, reserved=0.449 GiB
2026-08-23 08:45:58,026 - Model-rank0 - INFO - Training mean loss: 0.289705
2026-08-23 08:45:58,026 - Model-rank0 - INFO - Training accuracy (IoU) of prediction: 0.640331
2026-08-23 08:45:58,026 - Model-rank0 - INFO - Training pixel precision: 0.845340
2026-08-23 08:45:58,026 - Model-rank0 - INFO - Training pixel recall: 0.725301
2026-08-23 08:45:58,026 - Model-rank0 - INFO - Training pixel F1: 0.780734
2026-08-23 08:45:58,026 - Model-rank0 - INFO - Training loss component tversky: 0.184416
2026-08-23 08:45:58,026 - Model-rank0 - INFO - Training loss component dice: 0.202774
2026-08-23 08:45:58,027 - Model-rank0 - INFO - Training loss component hard_margin: 0.748731
2026-08-23 08:45:58,027 - Model-rank0 - INFO - Training loss component hard_weight: 0.100000
2026-08-23 08:45:58,027 - Model-rank0 - INFO - ---- EPOCH 096 EVALUATION ----
2026-08-23 08:51:17,467 - Model-rank0 - INFO - Eval mean loss: 0.744908
2026-08-23 08:51:17,468 - Model-rank0 - INFO - Eval avg class IoU of prediction: 0.356340
2026-08-23 08:51:17,468 - Model-rank0 - INFO - Eval pixel precision: 0.782854
2026-08-23 08:51:17,468 - Model-rank0 - INFO - Eval pixel recall: 0.395424
2026-08-23 08:51:17,468 - Model-rank0 - INFO - Eval pixel F1: 0.525444
2026-08-23 08:51:17,468 - Model-rank0 - INFO - Early stopping eval_f1=0.525444; best=0.530784 at epoch 86; bad_epochs=10/30.
2026-08-23 08:51:17,514 - Model-rank0 - INFO - Saved recoverable checkpoint at /home/devbox/project/model/sjy/CSIG2026/Deeppro_v2/DeepPro-main/log/sem_seg/2026-08-22/SatVideoIRSDT_v1__2026-08-22_08-27-32__F1OHEM-brtd3_raw_apmd_hybrid_rms_motion_detrend_multiscale_contrast_pretrained_seed47_E100/checkpoints/latest_model.pth
2026-08-23 08:51:17,515 - Model-rank0 - INFO - Best mIoU_mid: 0.361270
2026-08-23 08:51:17,647 - Model-rank0 - INFO - CUDA memory after evaluation cleanup: allocated=0.017 GiB, reserved=0.447 GiB
2026-08-23 08:51:17,648 - Model-rank0 - INFO - **** Epoch 97/100 ****
2026-08-23 08:51:17,648 - Model-rank0 - INFO - Learning rate:0.000040
2026-08-23 08:59:09,911 - Model-rank0 - INFO - CUDA memory after training cleanup: allocated=0.017 GiB, reserved=0.451 GiB
2026-08-23 08:59:09,911 - Model-rank0 - INFO - Training mean loss: 0.296904
2026-08-23 08:59:09,911 - Model-rank0 - INFO - Training accuracy (IoU) of prediction: 0.644865
2026-08-23 08:59:09,911 - Model-rank0 - INFO - Training pixel precision: 0.842239
2026-08-23 08:59:09,912 - Model-rank0 - INFO - Training pixel recall: 0.733460
2026-08-23 08:59:09,912 - Model-rank0 - INFO - Training pixel F1: 0.784095
2026-08-23 08:59:09,912 - Model-rank0 - INFO - Training loss component tversky: 0.188647
2026-08-23 08:59:09,912 - Model-rank0 - INFO - Training loss component dice: 0.207045
2026-08-23 08:59:09,912 - Model-rank0 - INFO - Training loss component hard_margin: 0.772004
2026-08-23 08:59:09,912 - Model-rank0 - INFO - Training loss component hard_weight: 0.100000
2026-08-23 08:59:09,912 - Model-rank0 - INFO - ---- EPOCH 097 EVALUATION ----
2026-08-23 09:04:27,430 - Model-rank0 - INFO - Eval mean loss: 0.743217
2026-08-23 09:04:27,430 - Model-rank0 - INFO - Eval avg class IoU of prediction: 0.352475
2026-08-23 09:04:27,430 - Model-rank0 - INFO - Eval pixel precision: 0.781438
2026-08-23 09:04:27,430 - Model-rank0 - INFO - Eval pixel recall: 0.391024
2026-08-23 09:04:27,430 - Model-rank0 - INFO - Eval pixel F1: 0.521230
2026-08-23 09:04:27,430 - Model-rank0 - INFO - Early stopping eval_f1=0.521230; best=0.530784 at epoch 86; bad_epochs=11/30.
2026-08-23 09:04:27,455 - Model-rank0 - INFO - Saved recoverable checkpoint at /home/devbox/project/model/sjy/CSIG2026/Deeppro_v2/DeepPro-main/log/sem_seg/2026-08-22/SatVideoIRSDT_v1__2026-08-22_08-27-32__F1OHEM-brtd3_raw_apmd_hybrid_rms_motion_detrend_multiscale_contrast_pretrained_seed47_E100/checkpoints/latest_model.pth
2026-08-23 09:04:27,455 - Model-rank0 - INFO - Best mIoU_mid: 0.361270
2026-08-23 09:04:27,563 - Model-rank0 - INFO - CUDA memory after evaluation cleanup: allocated=0.017 GiB, reserved=0.447 GiB
2026-08-23 09:04:27,563 - Model-rank0 - INFO - **** Epoch 98/100 ****
2026-08-23 09:04:27,563 - Model-rank0 - INFO - Learning rate:0.000040
2026-08-23 09:12:29,472 - Model-rank0 - INFO - CUDA memory after training cleanup: allocated=0.017 GiB, reserved=0.449 GiB
2026-08-23 09:12:29,473 - Model-rank0 - INFO - Training mean loss: 0.292065
2026-08-23 09:12:29,473 - Model-rank0 - INFO - Training accuracy (IoU) of prediction: 0.645069
2026-08-23 09:12:29,473 - Model-rank0 - INFO - Training pixel precision: 0.842734
2026-08-23 09:12:29,473 - Model-rank0 - INFO - Training pixel recall: 0.733348
2026-08-23 09:12:29,473 - Model-rank0 - INFO - Training pixel F1: 0.784245
2026-08-23 09:12:29,473 - Model-rank0 - INFO - Training loss component tversky: 0.186458
2026-08-23 09:12:29,473 - Model-rank0 - INFO - Training loss component dice: 0.205121
2026-08-23 09:12:29,473 - Model-rank0 - INFO - Training loss component hard_margin: 0.748383
2026-08-23 09:12:29,473 - Model-rank0 - INFO - Training loss component hard_weight: 0.100000
2026-08-23 09:12:29,473 - Model-rank0 - INFO - ---- EPOCH 098 EVALUATION ----
2026-08-23 09:17:48,486 - Model-rank0 - INFO - Eval mean loss: 0.745031
2026-08-23 09:17:48,487 - Model-rank0 - INFO - Eval avg class IoU of prediction: 0.355499
2026-08-23 09:17:48,487 - Model-rank0 - INFO - Eval pixel precision: 0.765790
2026-08-23 09:17:48,487 - Model-rank0 - INFO - Eval pixel recall: 0.398866
2026-08-23 09:17:48,487 - Model-rank0 - INFO - Eval pixel F1: 0.524529
2026-08-23 09:17:48,487 - Model-rank0 - INFO - Early stopping eval_f1=0.524529; best=0.530784 at epoch 86; bad_epochs=12/30.
2026-08-23 09:17:48,515 - Model-rank0 - INFO - Saved recoverable checkpoint at /home/devbox/project/model/sjy/CSIG2026/Deeppro_v2/DeepPro-main/log/sem_seg/2026-08-22/SatVideoIRSDT_v1__2026-08-22_08-27-32__F1OHEM-brtd3_raw_apmd_hybrid_rms_motion_detrend_multiscale_contrast_pretrained_seed47_E100/checkpoints/latest_model.pth
2026-08-23 09:17:48,515 - Model-rank0 - INFO - Best mIoU_mid: 0.361270
2026-08-23 09:17:48,670 - Model-rank0 - INFO - CUDA memory after evaluation cleanup: allocated=0.017 GiB, reserved=0.449 GiB
2026-08-23 09:17:48,670 - Model-rank0 - INFO - **** Epoch 99/100 ****
2026-08-23 09:17:48,670 - Model-rank0 - INFO - Learning rate:0.000040
2026-08-23 09:25:53,891 - Model-rank0 - INFO - CUDA memory after training cleanup: allocated=0.017 GiB, reserved=0.451 GiB
2026-08-23 09:25:53,892 - Model-rank0 - INFO - Training mean loss: 0.288790
2026-08-23 09:25:53,892 - Model-rank0 - INFO - Training accuracy (IoU) of prediction: 0.657248
2026-08-23 09:25:53,892 - Model-rank0 - INFO - Training pixel precision: 0.853216
2026-08-23 09:25:53,892 - Model-rank0 - INFO - Training pixel recall: 0.741038
2026-08-23 09:25:53,892 - Model-rank0 - INFO - Training pixel F1: 0.793180
2026-08-23 09:25:53,892 - Model-rank0 - INFO - Training loss component tversky: 0.182672
2026-08-23 09:25:53,892 - Model-rank0 - INFO - Training loss component dice: 0.201557
2026-08-23 09:25:53,892 - Model-rank0 - INFO - Training loss component hard_margin: 0.758850
2026-08-23 09:25:53,892 - Model-rank0 - INFO - Training loss component hard_weight: 0.100000
2026-08-23 09:25:53,892 - Model-rank0 - INFO - ---- EPOCH 099 EVALUATION ----
2026-08-23 09:31:12,828 - Model-rank0 - INFO - Eval mean loss: 0.740143
2026-08-23 09:31:12,829 - Model-rank0 - INFO - Eval avg class IoU of prediction: 0.356245
2026-08-23 09:31:12,829 - Model-rank0 - INFO - Eval pixel precision: 0.773406
2026-08-23 09:31:12,829 - Model-rank0 - INFO - Eval pixel recall: 0.397760
2026-08-23 09:31:12,829 - Model-rank0 - INFO - Eval pixel F1: 0.525340
2026-08-23 09:31:12,829 - Model-rank0 - INFO - Early stopping eval_f1=0.525340; best=0.530784 at epoch 86; bad_epochs=13/30.
2026-08-23 09:31:12,855 - Model-rank0 - INFO - Saved recoverable checkpoint at /home/devbox/project/model/sjy/CSIG2026/Deeppro_v2/DeepPro-main/log/sem_seg/2026-08-22/SatVideoIRSDT_v1__2026-08-22_08-27-32__F1OHEM-brtd3_raw_apmd_hybrid_rms_motion_detrend_multiscale_contrast_pretrained_seed47_E100/checkpoints/latest_model.pth
2026-08-23 09:31:12,856 - Model-rank0 - INFO - Best mIoU_mid: 0.361270
2026-08-23 09:31:12,987 - Model-rank0 - INFO - CUDA memory after evaluation cleanup: allocated=0.017 GiB, reserved=0.449 GiB
2026-08-23 09:31:12,987 - Model-rank0 - INFO - **** Epoch 100/100 ****
2026-08-23 09:31:12,987 - Model-rank0 - INFO - Learning rate:0.000040
2026-08-23 09:39:41,230 - Model-rank0 - INFO - CUDA memory after training cleanup: allocated=0.017 GiB, reserved=0.449 GiB
2026-08-23 09:39:41,231 - Model-rank0 - INFO - Training mean loss: 0.290554
2026-08-23 09:39:41,231 - Model-rank0 - INFO - Training accuracy (IoU) of prediction: 0.651476
2026-08-23 09:39:41,231 - Model-rank0 - INFO - Training pixel precision: 0.842824
2026-08-23 09:39:41,231 - Model-rank0 - INFO - Training pixel recall: 0.741572
2026-08-23 09:39:41,231 - Model-rank0 - INFO - Training pixel F1: 0.788962
2026-08-23 09:39:41,231 - Model-rank0 - INFO - Training loss component tversky: 0.184285
2026-08-23 09:39:41,231 - Model-rank0 - INFO - Training loss component dice: 0.202678
2026-08-23 09:39:41,231 - Model-rank0 - INFO - Training loss component hard_margin: 0.758679
2026-08-23 09:39:41,231 - Model-rank0 - INFO - Training loss component hard_weight: 0.100000
2026-08-23 09:39:41,231 - Model-rank0 - INFO - ---- EPOCH 100 EVALUATION ----
2026-08-23 09:45:00,950 - Model-rank0 - INFO - Eval mean loss: 0.758696
2026-08-23 09:45:00,951 - Model-rank0 - INFO - Eval avg class IoU of prediction: 0.350579
2026-08-23 09:45:00,951 - Model-rank0 - INFO - Eval pixel precision: 0.805086
2026-08-23 09:45:00,951 - Model-rank0 - INFO - Eval pixel recall: 0.383094
2026-08-23 09:45:00,951 - Model-rank0 - INFO - Eval pixel F1: 0.519153
2026-08-23 09:45:00,951 - Model-rank0 - INFO - Early stopping eval_f1=0.519153; best=0.530784 at epoch 86; bad_epochs=14/30.
2026-08-23 09:45:00,981 - Model-rank0 - INFO - Saved recoverable checkpoint at /home/devbox/project/model/sjy/CSIG2026/Deeppro_v2/DeepPro-main/log/sem_seg/2026-08-22/SatVideoIRSDT_v1__2026-08-22_08-27-32__F1OHEM-brtd3_raw_apmd_hybrid_rms_motion_detrend_multiscale_contrast_pretrained_seed47_E100/checkpoints/latest_model.pth
2026-08-23 09:45:01,001 - Model-rank0 - INFO - Saved epoch checkpoint at /home/devbox/project/model/sjy/CSIG2026/Deeppro_v2/DeepPro-main/log/sem_seg/2026-08-22/SatVideoIRSDT_v1__2026-08-22_08-27-32__F1OHEM-brtd3_raw_apmd_hybrid_rms_motion_detrend_multiscale_contrast_pretrained_seed47_E100/checkpoints/epoch_100_model.pth
2026-08-23 09:45:01,001 - Model-rank0 - INFO - Best mIoU_mid: 0.361270
2026-08-23 09:45:01,160 - Model-rank0 - INFO - CUDA memory after evaluation cleanup: allocated=0.017 GiB, reserved=0.447 GiB
2026-08-23 09:45:01,415 - Model-rank0 - INFO - CUDA memory after training shutdown: allocated=0.016 GiB, reserved=0.443 GiB
